Ticker,Company
0700.HK,Tencent Holdings Limited
4335.HK,Intel Corporation
4333.HK,"Cisco Systems, Inc."
1398.HK,Industrial and Commercial Bank of China Limited
4336.HK,"Applied Materials, Inc."
0005.HK,HSBC Holdings plc
1288.HK,Agricultural Bank of China Limited
0939.HK,China Construction Bank Corporation
0857.HK,PetroChina Company Limited
3988.HK,Bank of China Limited
9988.HK,Alibaba Group Holding Limited
3750.HK,"Contemporary Amperex Technology Co., Limited"
0941.HK,China Mobile Limited
0883.HK,CNOOC Limited
3968.HK,"China Merchants Bank Co., Ltd."
3308.HK,"Zhongji Innolight Co., Ltd."
1088.HK,China Shenhua Energy Company Limited
2628.HK,China Life Insurance Company Limited
2318.HK,"Ping An Insurance (Group) Company of China, Ltd."
6288.HK,"Fast Retailing Co., Ltd."
2899.HK,Zijin Mining Group Company Limited
1211.HK,BYD Company Limited
0981.HK,Semiconductor Manufacturing International Corporation
1299.HK,AIA Group Limited
0300.HK,"Midea Group Co., Ltd."
1810.HK,Xiaomi Corporation
0386.HK,China Petroleum & Chemical Corporation
3328.HK,"Bank of Communications Co., Ltd."
1658.HK,"Postal Savings Bank of China Co., Ltd."
0728.HK,China Telecom Corporation Limited
9999.HK,"NetEase, Inc."
0945.HK,Manulife Financial Corporation
2359.HK,"WuXi AppTec Co., Ltd."
2475.HK,"Luxshare Precision Industry Co., Ltd."
0998.HK,China CITIC Bank Corporation Limited
0388.HK,Hong Kong Exchanges and Clearing Limited
2388.HK,BOC Hong Kong (Holdings) Limited
2888.HK,Standard Chartered PLC
9633.HK,"Nongfu Spring Co., Ltd."
6030.HK,CITIC Securities Company Limited
3690.HK,Meituan
3993.HK,CMOC Group Limited
2513.HK,"Z.AI Co., Ltd."
2259.HK,Zijin Gold International Company Limited
0992.HK,Lenovo Group Limited
0267.HK,CITIC Limited
2328.HK,PICC Property and Casualty Company Limited
0016.HK,Sun Hung Kai Properties Limited
1276.HK,"Jiangsu Hengrui Pharmaceuticals Co.,Ltd"
2611.HK,"Guotai Haitong Securities Co., Ltd."
1339.HK,The People's Insurance Company (Group) of China Limited
2601.HK,"China Pacific Insurance (Group) Co., Ltd."
6160.HK,BeOne Medicines AG
3986.HK,GigaDevice Semiconductor Inc.
6809.HK,"Montage Technology Co., Ltd."
9618.HK,"JD.com, Inc."
1919.HK,"COSCO SHIPPING Holdings Co., Ltd."
2476.HK,"Victory Giant Technology (HuiZhou) Co.,Ltd"
2714.HK,"Muyuan Foods Group Co., Ltd."
6869.HK,Yangtze Optical Fibre And Cable Joint Stock Limited Company
2378.HK,Prudential plc
2338.HK,"Weichai Power Co., Ltd."
1347.HK,Hua Hong Grace Semiconductor Limited
0001.HK,CK Hutchison Holdings Limited
0669.HK,Techtronic Industries Company Limited
6951.HK,"Chaozhou Three-Circle (Group) Co.,Ltd."
1109.HK,China Resources Land Limited
9888.HK,"Baidu, Inc."
6613.HK,"Lens Technology Co., Ltd."
1378.HK,China Hongqiao Group Limited
3288.HK,Foshan Haitian Flavouring and Food Company Ltd.
1816.HK,"CGN Power Co., Ltd."
9961.HK,Trip.com Group Limited
2020.HK,ANTA Sports Products Limited
6690.HK,"Haier Smart Home Co., Ltd."
2269.HK,WuXi Biologics (Cayman) Inc.
6066.HK,"CSC Financial Co., Ltd."
6818.HK,China Everbright Bank Company Limited
1898.HK,China Coal Energy Company Limited
0066.HK,MTR Corporation Limited
9992.HK,Pop Mart International Group Limited
1171.HK,Yankuang Energy Group Company Limited
0002.HK,CLP Holdings Limited
1336.HK,New China Life Insurance Company Ltd.
6031.HK,"Sany Heavy Industry Co.,Ltd"
1766.HK,CRRC Corporation Limited
0175.HK,Geely Automobile Holdings Limited
6936.HK,"S.F. Holding Co., Ltd."
1377.HK,"Guangdong Dtech Technology Co., Ltd."
3692.HK,Hansoh Pharmaceutical Group Company Limited
6886.HK,"Huatai Securities Co., Ltd."
1801.HK,"Innovent Biologics, Inc."
1776.HK,"GF Securities Co., Ltd."
2600.HK,Aluminum Corporation of China Limited
6099.HK,"China Merchants Securities Co., Ltd."
0762.HK,China Unicom (Hong Kong) Limited
0763.HK,ZTE Corporation
1988.HK,"China Minsheng Banking Corp., Ltd."
0358.HK,Jiangxi Copper Company Limited
1787.HK,"Shandong Gold Mining Co., Ltd."
2050.HK,"Zhejiang Sanhua Intelligent Controls Co.,Ltd"
3606.HK,"Fuyao Glass Industry Group Co., Ltd."
1038.HK,CK Infrastructure Holdings Limited
1113.HK,CK Asset Holdings Limited
0788.HK,China Tower Corporation Limited
3908.HK,China International Capital Corporation Limited
2423.HK,KE Holdings Inc.
0688.HK,China Overseas Land & Investment Limited
0027.HK,Galaxy Entertainment Group Limited
9973.HK,"Chery Automobile Co., Ltd."
1024.HK,Kuaishou Technology
0012.HK,Henderson Land Development Company Limited
1972.HK,Swire Properties Limited
3200.HK,"Shenzhen Han's CNC Technology Co., Ltd."
0003.HK,The Hong Kong and China Gas Company Limited
3296.HK,"Huaqin Co., Ltd."
6881.HK,"China Galaxy Securities Co., Ltd."
1929.HK,Chow Tai Fook Jewellery Group Limited
2333.HK,Great Wall Motor Company Limited
0006.HK,Power Assets Holdings Limited
1308.HK,SITC International Holdings Company Limited
2057.HK,ZTO Express (Cayman) Inc.
1880.HK,China Tourism Group Duty Free Corporation Limited
9987.HK,"Yum China Holdings, Inc."
0753.HK,Air China Limited
6806.HK,"Shenwan Hongyuan Group Co., Ltd."
1888.HK,Kingboard Laminates Holdings Limited
0019.HK,Swire Pacific Limited
0087.HK,Swire Pacific Limited
6990.HK,"Sichuan Kelun-Biotech Biopharmaceutical Co., Ltd."
1208.HK,MMG Limited
0501.HK,"OmniVision Integrated Circuits Group, Inc."
0390.HK,China Railway Group Limited
1772.HK,"Ganfeng Lithium Group Co., Ltd."
6618.HK,JD Health International Inc.
1179.HK,H World Group Limited
1928.HK,Sands China Ltd.
3996.HK,China Energy Engineering Corporation Limited
0316.HK,Orient Overseas (International) Limited
0902.HK,"Huaneng Power International, Inc."
1138.HK,"COSCO SHIPPING Energy Transportation Co., Ltd."
0916.HK,China Longyuan Power Group Corporation Limited
3808.HK,Sinotruk (Hong Kong) Limited
1688.HK,Lingyi iTech (Guangdong) Company
1093.HK,CSPC Pharmaceutical Group Limited
1698.HK,Tencent Music Entertainment Group
2727.HK,"Shanghai Electric Group Co., Ltd."
0914.HK,Anhui Conch Cement Company Limited
1913.HK,Prada S.p.A.
0288.HK,WH Group Limited
0083.HK,Sino Land Company Limited
6693.HK,Chifeng Jilong Gold Mining Group Limited
1177.HK,Sino Biopharmaceutical Limited
0823.HK,Link Real Estate Investment Trust
6082.HK,"Shanghai Biren Technology Co., Ltd."
2099.HK,China Gold International Resources Corp. Ltd.
9980.HK,"Eastroc Beverage (Group) Co., Ltd."
0991.HK,"Datang International Power Generation Co., Ltd."
9927.HK,"Seres Group Co.,Ltd"
1072.HK,Dongfang Electric Corporation Limited
0100.HK,MiniMax Group Inc.
1800.HK,China Communications Construction Company Limited
1997.HK,Wharf Real Estate Investment Company Limited
1519.HK,J&T Global Express Limited
0836.HK,China Resources Power Holdings Company Limited
2268.HK,WuXi XDC Cayman Inc.
1055.HK,China Southern Airlines Company Limited
2097.HK,MIXUE Group
2249.HK,Nexchip Semiconductor Corporation
2015.HK,Li Auto Inc.
9903.HK,"Shanghai Iluvatar CoreX Semiconductor Co., Ltd."
6823.HK,HKT Trust and HKT Limited
1209.HK,China Resources Mixc Lifestyle Services Limited
1186.HK,China Railway Construction Corporation Limited
6656.HK,"Sigenergy Technology Co., Ltd"
9696.HK,Tianqi Lithium Corporation
1768.HK,"Busy Ming Group Co., Ltd."
0293.HK,Cathay Pacific Airways Limited
2016.HK,"China Zheshang Bank Co., Ltd"
9868.HK,XPeng Inc.
3661.HK,SG Micro Corp
3618.HK,"Chongqing Rural Commercial Bank Co., Ltd."
3759.HK,"Pharmaron Beijing Co., Ltd."
9926.HK,"Akeso, Inc."
0670.HK,China Eastern Airlines Corporation Limited
9866.HK,NIO Inc.
0668.HK,"Anker Innovations Technology Co., Ltd."
3958.HK,Orient Securities Company Limited
1989.HK,Delton Technology (Guangzhou) Inc.
1876.HK,Budweiser Brewing Company APAC Limited
1818.HK,Zhaojin Mining Industry Company Limited
2208.HK,"Goldwind Science&Technology Co., Ltd."
3223.HK,"Ingenic Semiconductor Co.,Ltd."
1548.HK,Genscript Biotech Corporation
6166.HK,"CIG Shanghai Co., Ltd."
2618.HK,"JD Logistics, Inc."
0966.HK,China Taiping Insurance Holdings Company Limited
0322.HK,Tingyi (Cayman Islands) Holding Corp.
2319.HK,China Mengniu Dairy Company Limited
9901.HK,New Oriental Education & Technology Group Inc.
6181.HK,"Laopu Gold Co., Ltd."
9630.HK,"Circuit Fabology Microelectronics Equipment Co., Ltd."
6178.HK,Everbright Securities Company Limited
0168.HK,Tsingtao Brewery Company Limited
6969.HK,Smoore International Holdings Limited
6821.HK,"Asymchem Laboratories (Tianjin) Co., Ltd."
1157.HK,"Zoomlion Heavy Industry Science and Technology Co., Ltd."
9660.HK,Horizon Robotics
3698.HK,Huishang Bank Corporation Limited
0522.HK,ASMPT Limited
6862.HK,Haidilao International Holding Ltd.
2382.HK,Sunny Optical Technology (Group) Company Limited
1258.HK,China Nonferrous Mining Corporation Limited
0177.HK,Jiangsu Expressway Company Limited
0144.HK,China Merchants Port Holdings Company Limited
9995.HK,"RemeGen Co., Ltd."
0291.HK,China Resources Beer (Holdings) Company Limited
2076.HK,Kanzhun Limited
3939.HK,Wanguo Gold Group Limited
0135.HK,Kunlun Energy Company Limited
2196.HK,"Shanghai Fosun Pharmaceutical (Group) Co., Ltd."
0470.HK,"Wuxi Lead Intelligent Equipment CO.,LTD."
6198.HK,"Qingdao Port International Co., Ltd."
2607.HK,"Shanghai Pharmaceuticals Holding Co., Ltd"
3898.HK,"Zhuzhou CRRC Times Electric Co., Ltd."
0004.HK,The Wharf (Holdings) Limited
0020.HK,SenseTime Group Inc.
1071.HK,Huadian Power International Corporation Limited
1364.HK,Guming Holdings Limited
2723.HK,"Beijing DeepZero Technology Co., Ltd."
6228.HK,PT Merdeka Gold Resources Tbk
1618.HK,Metallurgical Corporation of China Ltd.
6880.HK,Momenta Global Limited
2313.HK,Shenzhou International Group Holdings Limited
9863.HK,"Zhejiang Leapmotor Technology Co., Ltd."
3969.HK,China Railway Signal & Communication Corporation Limited
1456.HK,"Guolian Minsheng Securities Co., Ltd."
2631.HK,"SICC Co., Ltd."
2638.HK,HK Electric Investments and HK Electric Investments Limited
2883.HK,China Oilfield Services Limited
0148.HK,Kingboard Holdings Limited
2315.HK,"Biocytogen Pharmaceuticals (Beijing) Co., Ltd."
0270.HK,Guangdong Investment Limited
2688.HK,ENN Energy Holdings Limited
9626.HK,Bilibili Inc.
1508.HK,China Reinsurance (Group) Corporation
0285.HK,BYD Electronic (International) Company Limited
3998.HK,Bosideng International Holdings Limited
9698.HK,GDS Holdings Limited
2238.HK,"Guangzhou Automobile Group Co., Ltd."
2799.HK,"China CITIC Financial Asset Management Co., Ltd."
2588.HK,BOC Aviation Limited
0241.HK,Alibaba Health Information Technology Limited
1099.HK,Sinopharm Group Co. Ltd.
0960.HK,Longfor Group Holdings Limited
6655.HK,"Huaxin Building Materials Group Co., Ltd."
2039.HK,"China International Marine Containers (Group) Co., Ltd."
0598.HK,Sinotrans Limited
2018.HK,AAC Technologies Holdings Inc.
2526.HK,"Hangzhou Diagens Biotechnology Co., Ltd."
3347.HK,"Hangzhou Tigermed Consulting Co., Ltd"
0023.HK,"The Bank of East Asia, Limited"
2579.HK,"CNGR Advanced Material Co., Ltd."
0486.HK,"United Company RUSAL, International Public Joint-Stock Company"
2726.HK,"Epiworld International Co., Ltd."
3668.HK,Yancoal Australia Ltd
1530.HK,3SBio Inc.
0247.HK,Tsim Sha Tsui Properties Limited
0656.HK,Fosun International Limited
3396.HK,Legend Holdings Corporation
2676.HK,"Suzhou Novosense Microelectronics Co., Ltd."
1385.HK,Shanghai Fudan Microelectronics Group Company Limited
2577.HK,"InnoScience (Suzhou) Technology Holding Co., Ltd."
3311.HK,China State Construction International Holdings Limited
0008.HK,PCCW Limited
9880.HK,Ubtech Robotics Corp Ltd
2202.HK,"China Vanke Co., Ltd."
1963.HK,"Bank of Chongqing Co., Ltd."
0868.HK,Xinyi Glass Holdings Limited
1070.HK,TCL Electronics Holdings Limited
6680.HK,"JL Mag Rare-Earth Co., Ltd."
6963.HK,Sunshine Insurance Group Company Limited
3317.HK,"Shenzhen Xunce Technology Co., Ltd."
0151.HK,Want Want China Holdings Limited
0576.HK,"Zhejiang Expressway Co., Ltd."
2442.HK,Easy Smart Group Holdings Limited
1033.HK,Sinopec Oilfield Service Corporation
0392.HK,Beijing Enterprises Holdings Limited
2282.HK,MGM China Holdings Limited
1828.HK,FWD Group Holdings Limited
0921.HK,"Hisense Home Appliances Group Co., Ltd."
0101.HK,Hang Lung Properties Limited
1908.HK,C&D International Investment Group Limited
2696.HK,"Shanghai Henlius Biotech, Inc."
7618.HK,"JINGDONG Industrials, Inc."
6127.HK,"Joinn Laboratories(China)Co.,Ltd."
1193.HK,China Resources Gas Group Limited
0659.HK,CTF Services Limited
0874.HK,Guangzhou Baiyunshan Pharmaceutical Holdings Company Limited
1877.HK,"Shanghai Junshi Biosciences Co., Ltd."
2788.HK,Chuangxin Industries Holdings Limited
3866.HK,"Bank of Qingdao Co., Ltd."
1133.HK,Harbin Electric Company Limited
1359.HK,"China Cinda Asset Management Co., Ltd."
6088.HK,FIT Hon Teng Limited
3277.HK,Gpixel Changchun Microelectronics Inc.
2380.HK,China Power International Development Limited
2880.HK,"Liaoning Port Co., Ltd."
2331.HK,Li Ning Company Limited
1735.HK,Central New Energy Holding Group Limited
0425.HK,Minth Group Limited
1729.HK,Time Interconnect Technology Limited
3931.HK,"CALB Group Co., Ltd."
3360.HK,Far East Horizon Limited
2689.HK,Nine Dragons Paper (Holdings) Limited
2715.HK,"Estun Automation Co., Ltd"
3888.HK,Kingsoft Corporation Limited
0699.HK,Ningbo Joyson Electronic Corp.
2228.HK,XtalPi Holdings Limited
0220.HK,Uni-President China Holdings Ltd
0317.HK,CSSC Offshore & Marine Engineering (Group) Company Limited
3330.HK,Lingbao Gold Group Company Ltd.
0257.HK,China Everbright Environment Group Limited
0995.HK,Anhui Expressway Company Limited
2866.HK,"COSCO SHIPPING Development Co., Ltd."
0384.HK,China Gas Holdings Limited
1128.HK,"Wynn Macau, Limited"
0564.HK,ZCZL Industrial Technology Group Company Limited
2096.HK,Simcere Pharmaceutical Group Limited
2768.HK,"Qingdao Gon Technology Co., Ltd."
2225.HK,Jinhai Medical Technology Limited
1879.HK,"Shanghai Xizhi Technology Co., Ltd."
1081.HK,"Dajin Heavy Industry Co.,Ltd."
3858.HK,Jiaxin International Resources Investment Limited
9969.HK,InnoCare Pharma Limited
1882.HK,Haitian International Holdings Limited
0268.HK,Kingdee International Software Group Company Limited
2648.HK,"Anjoy Foods Group Co., Ltd."
1585.HK,Yadea Group Holdings Ltd.
3323.HK,China National Building Material Company Limited
2367.HK,"Giant Biogene Holding Co., Ltd."
3320.HK,China Resources Pharmaceutical Group Limited
0631.HK,Sany Heavy Equipment International Holdings Company Limited
2245.HK,"Lygend Resources & Technology Co., Ltd."
6186.HK,China Feihe Limited
0683.HK,Kerry Properties Limited
0867.HK,China Medical System Holdings Limited
0338.HK,Sinopec Shanghai Petrochemical Company Limited
0780.HK,Tongcheng Travel Holdings Limited
1788.HK,Guotai Junan International Holdings Limited
3696.HK,InSilico Medicine Cayman TopCo
6979.HK,ZJLD Group Inc
0956.HK,China Suntien Green Energy Corporation Limited
9896.HK,MINISO Group Holding Limited
0552.HK,China Communications Services Corporation Limited
1318.HK,"Mao Geping Cosmetics Co., Ltd."
9981.HK,"ShenZhen Woer Heat-Shrinkable Material Co.,Ltd."
6651.HK,"Beijing 51World Digital Twin Technology Co., Ltd."
1044.HK,Hengan International Group Company Limited
0696.HK,TravelSky Technology Limited
2889.HK,PATEO CONNECT Technology (Shanghai) Corporation
6865.HK,"Flat Glass Group Co., Ltd."
1797.HK,East Buy Holding Limited
6067.HK,"Shenzhen Senior Technology Material Co., Ltd."
2026.HK,Pony AI Inc.
0666.HK,"REPT BATTERO Energy Co., Ltd."
6810.HK,"Shanghai Sunmi Technology Co., Ltd."
0136.HK,China Ruyi Holdings Limited
1513.HK,Livzon Pharmaceutical Group Inc.
3896.HK,Kingsoft Cloud Holdings Limited
2697.HK,"Guangdong True Health Medical Technology Development Co., Ltd."
2162.HK,Keymed Biosciences Inc.
3800.HK,GCL Technology Holdings Limited
1304.HK,"Fortior Technology (Shenzhen) Co., Ltd."
2357.HK,AviChina Industry & Technology Company Limited
0053.HK,Guoco Group Limited
1164.HK,CGN Mining Company Limited
2252.HK,"Shanghai MicroPort MedBot (Group) Co., Ltd."
9688.HK,Zai Lab Limited
0189.HK,Dongyue Group Limited
0525.HK,Guangshen Railway Company Limited
9889.HK,"Dongguan Rural Commercial Bank Co., Ltd."
0548.HK,Shenzhen Expressway Corporation Limited
2386.HK,"SINOPEC Engineering (Group) Co., Ltd."
0551.HK,Yue Yuen Industrial (Holdings) Limited
2602.HK,Onewo Inc.
2218.HK,"Yantai North Andre Juice Co., Ltd."
2970.HK,"Yantai North Andre Juice Co., Ltd."
6887.HK,"Sunshine Lake Pharma Co., Ltd."
0817.HK,China Jinmao Holdings Group Limited
1551.HK,"Guangzhou Rural Commercial Bank Co., Ltd."
2276.HK,"Shanghai Conant Optical Co., Ltd."
0968.HK,Xinyi Solar Holdings Limited
0142.HK,First Pacific Company Limited
1415.HK,Cowell e Holdings Inc.
2510.HK,T.S. Lines Limited
0323.HK,Maanshan Iron & Steel Company Limited
2692.HK,"Shenzhen Zhaowei Machinery & Electronics Co., Ltd."
2706.HK,"Beijing Haizhi Technology Group Co., Ltd."
9611.HK,"Shanghai Longcheer Technology Co., Ltd."
3369.HK,"Qinhuangdao Port Co., Ltd."
2343.HK,Pacific Basin Shipping Limited
1440.HK,Star Shine Holdings Group Limited
1199.HK,COSCO SHIPPING Ports Limited
2525.HK,Hesai Group
6993.HK,Blue Moon Group Holdings Limited
0347.HK,Angang Steel Company Limited
2687.HK,"Shanghai Able Digital Science&Tech Co., Ltd."
2356.HK,Dah Sing Banking Group Limited
0772.HK,China Literature Limited
6060.HK,"ZhongAn Online P & C Insurance Co., Ltd."
2698.HK,Softcare Limited
1357.HK,"Meitu, Inc."
2232.HK,Crystal International Group Limited
3900.HK,Greentown China Holdings Limited
2518.HK,Autohome Inc.
1392.HK,"Shenzhen HQVT Technology Co., Ltd."
1686.HK,SUNeVision Holdings Ltd.
2400.HK,XD Inc.
2419.HK,Dekon Food and Agriculture Group
9985.HK,WEILONG Delicious Global Holdings Ltd
9899.HK,NetEase Cloud Music Inc.
2672.HK,"Baige Online Digital Technology Co., Ltd."
0622.HK,Oshidori International Holdings Limited
0325.HK,Bloks Group Limited
0107.HK,Sichuan Expressway Company Limited
1651.HK,Precision Tsugami (China) Corporation Limited
1606.HK,"China Development Bank Financial Leasing Co., Ltd."
1375.HK,"Central China Securities Co., Ltd."
8279.HK,AGTech Holdings Limited
0512.HK,Grand Pharmaceutical Group Limited
0340.HK,Tongguan Gold Group Limited
3393.HK,Wasion Holdings Limited
2460.HK,China Resources Beverage (Holdings) Company Limited
0179.HK,Johnson Electric Holdings Limited
0638.HK,Fibocom Wireless Inc.
9606.HK,"Duality Biotherapeutics, Inc."
3774.HK,Fameglow Holdings Limited
0017.HK,New World Development Company Limited
6098.HK,Country Garden Services Holdings Company Limited
2585.HK,"Mokingran Jewellery Group Co., Ltd."
6055.HK,China Tobacco International (HK) Company Limited
7666.HK,"Metis TechBio Co., Ltd."
0326.HK,China Star Entertainment Limited
2902.HK,China Star Entertainment Limited
1277.HK,Kinetic Development Group Limited
1910.HK,Samsonite Group S.A.
0010.HK,Hang Lung Group Limited
3933.HK,The United Laboratories International Holdings Limited
1860.HK,Mobvista Inc.
2507.HK,Cirrus Aircraft Limited
0371.HK,Beijing Enterprises Water Group Limited
1286.HK,Impro Precision Industries Limited
9900.HK,Hong Kong Zcloud Technology Construction Limited
0013.HK,HUTCHMED (China) Limited
2314.HK,Lee & Man Paper Manufacturing Limited
0014.HK,Hysan Development Company Limited
2701.HK,Nsing Technologies Inc.
3752.HK,Roake (Shandong) Robotics Group Inc.
2630.HK,"Vigonvita Life Sciences Co., Ltd."
9858.HK,China Youran Dairy Group Limited
6196.HK,"Bank of Zhengzhou Co., Ltd."
0290.HK,GoFintech Quantum Innovation Limited
9677.HK,"Weihai Bank Co., Ltd."
2580.HK,"Aux Electric Co., Ltd."
9989.HK,"Shenzhen Hepalink Pharmaceutical Group Co., Ltd."
2465.HK,"Jiangsu Lopal Tech. Group Co., Ltd."
3899.HK,CIMC Enric Holdings Limited
6185.HK,CanSino Biologics Inc.
1956.HK,"Beijing Zhongke WengeAI Science and Technology Co., Ltd."
3355.HK,FS.COM Limited
2610.HK,Nanshan Aluminium International Holdings Limited
6049.HK,"Poly Property Services Co., Ltd."
0038.HK,First Tractor Company Limited
6745.HK,"Befar Group Co., Ltd"
1579.HK,Yihai International Holding Ltd.
0586.HK,China Conch Venture Holdings Limited
0440.HK,Dah Sing Financial Holdings Limited
1060.HK,Damai Entertainment Holdings Limited
2637.HK,"Fujian Haixi Pharmaceuticals Co., Ltd."
0800.HK,WeRide Inc.
1066.HK,Shandong Weigao Group Medical Polymer Company Limited
0123.HK,Yuexiu Property Company Limited
2009.HK,BBMG Corporation
0811.HK,"Xinhua Winshare Publishing and Media Co., Ltd."
6699.HK,Angelalign Technology Inc.
9668.HK,"China Bohai Bank Co., Ltd."
2658.HK,"Guangdong Tianyu Semiconductor Co., Ltd."
0363.HK,Shanghai Industrial Holdings Limited
2493.HK,"Mabwell (Shanghai) Bioscience Co., Ltd."
2691.HK,"Nanhua Futures Co., Ltd."
0901.HK,"Shenzhen SDMC Technology Co., Ltd."
1866.HK,China XLX Fertiliser Ltd.
9971.HK,"BASiC Semiconductor Co., Ltd."
0069.HK,Shangri-La Asia Limited
3918.HK,NagaCorp Ltd.
2068.HK,China Aluminum International Engineering Corporation Limited
1783.HK,Envision Greenwise Holdings Limited
0068.HK,Manycore Tech Inc.
3877.HK,CSSC (Hong Kong) Shipping Company Limited
1833.HK,Ping An Healthcare and Technology Company Limited
6682.HK,"Phancy Group Co., Ltd."
2556.HK,Marketingforce Management Ltd
1635.HK,"Shanghai Dazhong Public Utilities(Group) Co.,Ltd."
9887.HK,"Nanjing Leads Biolabs Co., Ltd."
2142.HK,HBM Holdings Limited
2675.HK,"Shenzhen Edge Medical Co., Ltd."
0639.HK,Shougang Fushan Resources Group Limited
0579.HK,"Beijing Jingneng Clean Energy Co., Limited"
0590.HK,Luk Fook Holdings (International) Limited
2778.HK,Champion Real Estate Investment Trust
2729.HK,"Zhejiang Galaxis Technology Group Co., Ltd."
3928.HK,China Next-Gen Commerce and Supply Chain Limited
0856.HK,VSTECS Holdings Limited
3339.HK,Lonking Holdings Limited
9898.HK,Weibo Corporation
2869.HK,Greentown Service Group Co. Ltd.
6675.HK,"SENASIC Electronics Technology Co., Ltd."
6199.HK,"Bank of Guizhou Co., Ltd."
2590.HK,"Beijing Geekplus Technology Co., Ltd."
1952.HK,Everest Medicines Limited
1057.HK,Zhejiang Shibao Company Limited
3268.HK,"MeiG Smart Technology Co., Ltd"
3677.HK,"Jiangsu Zenergy Battery Technologies Group Co., Ltd."
1578.HK,"Bank of Tianjin Co., Ltd."
1428.HK,Bright Smart Securities & Commodities Group Limited
9636.HK,JF SmartInvest Holdings Ltd
1316.HK,Nexteer Automotive Group Limited
0303.HK,Vtech Holdings Limited
2038.HK,FIH Mobile Limited
0152.HK,Shenzhen International Holdings Limited
1187.HK,"Cofoe Medical Technology Co.,Ltd."
0546.HK,Fufeng Group Limited
6600.HK,"OneRobotics (Shenzhen) Co., Ltd."
7687.HK,"EACON Group Co., Ltd"
2128.HK,China Lesso Group Holdings Limited
1681.HK,Consun Pharmaceutical Group Limited
9911.HK,Newborn Town Inc.
1114.HK,Brilliance China Automotive Holdings Limited
1236.HK,"Shenzhen Ldrobot Co., Ltd"
1396.HK,"Greater Bay Area AI Computing Tech Co., Ltd."
2992.HK,"Greater Bay Area AI Computing Tech Co., Ltd."
6616.HK,Global New Material International Holdings Limited
1999.HK,Man Wah Holdings Limited
1626.HK,Jia Yao Holdings Limited
6666.HK,Evergrande Property Services Group Limited
1053.HK,Chongqing Iron & Steel Company Limited
3310.HK,"Viewtrix Technology Co., Ltd"
6855.HK,Ascentage Pharma Group International
2596.HK,"Yibin City Commercial Bank Co., Ltd"
0041.HK,Great Eagle Holdings Limited
0853.HK,MicroPort Scientific Corporation
2595.HK,GenFleet Therapeutics (Shanghai) Inc.
1196.HK,Realord Technology Company Limited
2865.HK,"Hainan Drinda New Energy Technology Co., Ltd."
2272.HK,Keytop Parking Inc.
0697.HK,Shoucheng Holdings Limited
2669.HK,China Overseas Property Holdings Limited
1117.HK,China Modern Dairy Holdings Ltd.
1918.HK,Sunac China Holdings Limited
3388.HK,"Shenzhen Creality 3D Technology Co., Ltd."
2627.HK,"Ab&B Bio-Tech CO., LTD. JS"
2233.HK,West China Cement Limited
1083.HK,Towngas Smart Energy Company Limited
1112.HK,Health and Happiness (H&H) International Holdings Limited
2299.HK,Billion Industrial Holdings Limited
9637.HK,Alebund Pharmaceuticals (Jiangsu) Limited
6658.HK,"Liuliumei Co., Ltd."
1384.HK,"Deepexi Technology Co., Ltd."
0863.HK,OSL Group Limited
6938.HK,"Suzhou Ribo Life Science Co., Ltd."
0975.HK,Mongolian Mining Corporation
1330.HK,"Dynagreen Environmental Protection Group Co., Ltd."
1836.HK,Stella International Holdings Limited
1672.HK,Ascletis Pharma Inc.
2285.HK,Chervon Holdings Limited
1030.HK,Seazen Group Limited
2546.HK,"Xizang Zhihui Mining Co., Ltd."
0336.HK,Huabao International Holdings Limited
0636.HK,KLN Logistics Group Limited
3306.HK,JNBY Design Limited
1216.HK,"Zhongyuan Bank Co., Ltd."
6636.HK,"Shandong Extreme Vision Technology Co., Ltd."
3625.HK,"Shanghai FourSemi Semiconductor Co., Ltd."
2432.HK,Shenzhen Dobot Corp Ltd
1361.HK,361 Degrees International Limited
7489.HK,"VOYAH Automotive Technology Co., Ltd."
0881.HK,Zhongsheng Group Holdings Limited
0600.HK,"Axera Semiconductor Co., LTD."
1368.HK,Xtep International Holdings Limited
0116.HK,Chow Sang Sang Holdings International Limited
6872.HK,TenNor Therapeutics (Suzhou) Limited
0537.HK,"Rigol Technologies Co., Ltd."
0081.HK,China Overseas Grand Oceans Group Limited
0506.HK,China Foods Limited
1528.HK,Red Star Macalline Group Corporation Ltd.
0880.HK,SJM Holdings Limited
0754.HK,Hopson Development Holdings Limited
6808.HK,Sun Art Retail Group Limited
2025.HK,Ruifeng Power Group Company Limited
1511.HK,"Uisee Technologies (Beijing) Co., Ltd."
0467.HK,United Energy Group Limited
2797.HK,"Jiangxi Qiyunshan Food Co., Ltd."
0165.HK,China Everbright Limited
0999.HK,Xiaocaiyuan International Holding Ltd.
0297.HK,Sinofert Holdings Limited
2335.HK,"Shaanxi Micot Pharmaceutical Technology Co., Ltd."
9690.HK,TUHU Car Inc.
2155.HK,Morimatsu International Holdings Company Limited
2666.HK,Genertec Universal Medical Group Company Limited
1191.HK,"Crealights Technology Co., Ltd."
2616.HK,CStone Pharmaceuticals
2632.HK,"Jiangsu New Vision Automotive Electronics, Co., Ltd"
9638.HK,Ferretti S.p.A.
1811.HK,"CGN New Energy Holdings Co., Ltd."
0045.HK,"The Hongkong and Shanghai Hotels, Limited"
2553.HK,"Beijing Shougang LanzaTech Technology Co., Ltd."
2145.HK,"Shanghai Chicmax Cosmetic Co., Ltd."
1065.HK,Tianjin Capital Environmental Protection Group Company Limited
0778.HK,Fortune Real Estate Investment Trust
0354.HK,Chinasoft International Limited
0934.HK,Sinopec Kantons Holdings Limited
1779.HK,"LongBio Pharma (Suzhou) Co., Ltd."
2498.HK,"Robosense Technology Co., Ltd"
0805.HK,New Gonow Recreational Vehicles Inc.
1883.HK,CITIC Telecom International Holdings Limited
2603.HK,"Xiamen Jihong Co., Ltd"
3983.HK,China BlueChemical Ltd.
2670.HK,"Beijing Yunji Technology Co., Ltd."
0719.HK,Shandong Xinhua Pharmaceutical Company Limited
3660.HK,"Qfin Holdings, Inc."
2007.HK,Country Garden Holdings Company Limited
6623.HK,Lufax Holding Ltd
1310.HK,HKBN Ltd.
0667.HK,China East Education Holdings Limited
2391.HK,Tuya Inc.
1905.HK,"Haitong Unitrust International Financial Leasing Co., Ltd."
2858.HK,Yixin Group Limited
0517.HK,"COSCO SHIPPING International (Hong Kong) Co., Ltd."
2589.HK,"Auntea Jenny (Shanghai) Industrial Co., Ltd."
2186.HK,Luye Pharma Group Ltd.
2261.HK,"NASN Intelligent Tech (Zhejiang) Co., Ltd."
2506.HK,"Xunfei Healthcare Technology Co., Ltd."
0565.HK,Art Group Holdings Limited
6190.HK,"Bank of Jiujiang Co., Ltd."
0376.HK,Yunfeng Financial Group Limited
2655.HK,"Guoxia Technology Co., Ltd."
1798.HK,"China Datang Corporation Renewable Power Co., Limited"
2362.HK,Jinchuan Group International Resources Co. Ltd
0751.HK,Skyworth Group Limited
9879.HK,Migao Group Holdings Limited
0990.HK,Deep Source Holdings Limited
0553.HK,Nanjing Panda Electronics Company Limited
3788.HK,Hanking Gold International Limited
2657.HK,"Shanghai Forest Cabin Cosmetics Group Co., Ltd."
1609.HK,"Star Sports Medicine Co., Ltd."
9966.HK,Alphamab Oncology
1907.HK,China Risun Group Limited
6715.HK,"Hangzhou Qiandaohu Xunlong Sci-tech Co., Ltd."
1523.HK,Plover Bay Technologies Limited
0086.HK,Sun Hung Kai & Co. Limited
8137.HK,Honbridge Holdings Limited
2643.HK,CaoCao Inc.
0826.HK,Tiangong International Company Limited
3881.HK,CiDi Inc.
3600.HK,Modern Dental Group Limited
3380.HK,Logan Group Company Limited
1349.HK,"Shanghai Fudan-Zhangjiang Bio-Pharmaceutical Co.,Ltd."
2171.HK,CARsgen Therapeutics Holdings Limited
0694.HK,Beijing Capital International Airport Company Limited
2005.HK,SSY Group Limited
3678.HK,"Soho Holly Futures Co., Ltd."
3887.HK,HashKey Holdings Limited
2533.HK,Black Sesame International Holding Limited
9699.HK,"Hangzhou SF Intra-city Industrial Co., Ltd."
0373.HK,Allied Group Limited
2436.HK,LX Technology Group Limited
0460.HK,Sihuan Pharmaceutical Holdings Group Ltd.
0200.HK,Melco International Development Limited
2190.HK,"Zylox-Tonbridge Medical Technology Co., Ltd."
0855.HK,China Water Affairs Group Limited
1313.HK,China Resources Building Materials Technology Holdings Limited
6106.HK,"Shanghai Seer Intelligent Technology Co., Ltd."
6826.HK,"Shanghai Haohai Biological Technology Co., Ltd."
9658.HK,Super Hi International Holding Ltd.
1501.HK,"Shanghai INT Medical Instruments Co., Ltd."
6069.HK,SY Holdings Group Limited
2157.HK,"Lepu Biopharma Co., Ltd."
6110.HK,Topsports International Holdings Limited
2722.HK,"Chongqing Machinery & Electric Co., Ltd."
0071.HK,"Miramar Hotel and Investment Company, Limited"
0570.HK,China Traditional Chinese Medicine Holdings Co. Limited
1478.HK,Q Technology (Group) Company Limited
6871.HK,"Robotphoenix Intelligent Technology Co., Ltd."
3868.HK,Xinyi Energy Holdings Limited
1958.HK,BAIC Motor Corporation Limited
0173.HK,K. Wah International Holdings Limited
1475.HK,Nissin Foods Company Limited
2555.HK,"Sichuan Baicha Baidao Industrial Co., Ltd."
3633.HK,Zhongyu Energy Holdings Limited
7656.HK,"Reconova Technologies Co., Ltd."
0345.HK,Vitasoy International Holdings Limited
7688.HK,"Shanghai Top Numerical Control Technology Co., Ltd."
1757.HK,Global Chinese Business Club
6168.HK,"Zhou Liu Fu Jewellery Co., Ltd."
2558.HK,"Jinshang Bank Co., Ltd."
1302.HK,LifeTech Scientific Corporation
0400.HK,"Ingdan, Inc."
3738.HK,Vobile Group Limited
2256.HK,Abbisko Cayman Limited
0308.HK,China Travel International Investment Hong Kong Limited
2418.HK,"Deewin Tianxia Co., Ltd"
0604.HK,Shenzhen Investment Limited
6687.HK,JST Group Corporation Limited
2652.HK,"CF PharmTech, Inc."
1789.HK,AK Medical Holdings Limited
3316.HK,Binjiang Service Group Co. Ltd.
0568.HK,Shandong Molong Petroleum Machinery Company Limited
0034.HK,Kowloon Development Company Limited
6078.HK,"Hygeia Healthcare Holdings Co., Limited"
1983.HK,"Luzhou Bank Co., Ltd."
3952.HK,"Zhejiang Laifual Drive Co., Ltd."
1951.HK,Jinxin Fertility Group Limited
0775.HK,"CK Life Sciences Int'l., (Holdings) Inc."
0108.HK,SR Medical Technology Company Limited
1921.HK,Dalipal Holdings Limited
0866.HK,China Qinfa Group Limited
2678.HK,Texhong International Group Limited
1448.HK,Fu Shou Yuan International Group Limited
2877.HK,China Shineway Pharmaceutical Group Limited
0588.HK,Beijing North Star Company Limited
0737.HK,Shenzhen Investment Holdings Bay Area Development Company Limited
1052.HK,Yuexiu Transport Infrastructure Limited
9936.HK,Ximei Resources Holding Limited
9893.HK,Pizu Group Holdings Limited
2273.HK,Gushengtang Holdings Limited
1799.HK,"Xinte Energy Co., Ltd."
2339.HK,BeijingWest Industries International Limited
2192.HK,"Medlive Technology Co., Ltd."
1858.HK,"Beijing Chunlizhengda Medical Instruments Co., Ltd."
0119.HK,"Poly Property Group Co., Limited"
2451.HK,Luyuan Group Holding (Cayman) Limited
0215.HK,Hutchison Telecommunications Hong Kong Holdings Limited
0613.HK,Planetree International Development Limited
2575.HK,"Xuanzhu Biopharmaceutical Co., Ltd."
3613.HK,Beijing Tong Ren Tang Chinese Medicine Company Limited
1184.HK,S.A.S. Dragon Holdings Limited
1763.HK,China Isotope & Radiation Corporation
0315.HK,SmarTone Telecommunications Holdings Limited
0819.HK,Tianneng Power International Limited
2718.HK,Mininglamp Technology
2659.HK,"Shanghai Bao Pharmaceuticals Co., Ltd."
1021.HK,"Guangdong Huayan Robotics Co., Ltd."
0839.HK,China Education Group Holdings Limited
9890.HK,Tanwan Inc.
1691.HK,JS Global Lifestyle Company Limited
9678.HK,"Unisound AI Technology Co., Ltd."
0028.HK,Tian An China Investments Company Limited
1610.HK,COFCO Joycome Foods Limited
0062.HK,Transport International Holdings Limited
2597.HK,"Beijing Xunzhong Communication Technology Co., Ltd."
1333.HK,"Breton Technology Co., Ltd."
2172.HK,MicroPort NeuroScientific Corporation
9676.HK,"Shiyue Daotian Group Co., Ltd."
1896.HK,Maoyan Entertainment
0258.HK,Tomson Group Limited
2291.HK,"LEPU ScienTech Medical Technology (Shanghai) Co., Ltd."
1167.HK,"Jacobio Pharmaceuticals Group Co., Ltd."
2373.HK,Beauty Farm Medical and Health Industry Inc.
6915.HK,Jiangxi Institute of Biological Products Inc.
2583.HK,"Shenzhen Hipine Precision Technology Co., Ltd."
0187.HK,Beijing Jingcheng Machinery Electric Company Limited
6686.HK,Noah Holdings Limited
1224.HK,C C Land Holdings Limited
9878.HK,"Huitongda Network Co., Ltd."
1812.HK,Shandong Chenming Paper Holdings Limited
3833.HK,"Xinjiang Xinxin Mining Industry Co., Ltd."
0695.HK,Dongwu Cement International Limited
0327.HK,PAX Global Technology Limited
1809.HK,Prinx Chengshan Holdings Limited
9993.HK,Radiance Holdings (Group) Company Limited
9959.HK,Linklogis Inc.
2402.HK,"Beijing SinoHytec Co., Ltd."
1223.HK,Symphony Holdings Limited
1126.HK,Dream International Limited
2517.HK,"Guoquan Food (Shanghai) Co., Ltd."
1477.HK,Ocumension Therapeutics
0232.HK,Continental Aerospace Technologies Holding Limited
0662.HK,Asia Financial Holdings Limited
0895.HK,Dongjiang Environmental Company Limited
0585.HK,Imagi International Holdings Limited
2909.HK,Imagi International Holdings Limited
1405.HK,DPC Dash Ltd
3378.HK,"Hanx Biopharmaceuticals (Wuhan) Co., Ltd."
0581.HK,China Oriental Group Company Limited
2617.HK,"TransThera Sciences (Nanjing), Inc."
1666.HK,Tong Ren Tang Technologies Co. Ltd.
2198.HK,China Sanjiang Fine Chemicals Company Limited
2013.HK,Weimob Inc.
2598.HK,"Lianlian DigiTech Co., Ltd."
0777.HK,NetDragon Websoft Holdings Limited
2270.HK,"Desun Real Estate Investment Services Group Co., Ltd."
2635.HK,"Nuobikan Artificial Intelligence Technology (Chengdu) Co., Ltd."
2422.HK,"Rego Interactive Co., Ltd"
2609.HK,Bayzed Health Group Inc
1050.HK,Karrie International Holdings Limited
1675.HK,AsiaInfo Technologies Limited
1205.HK,CITIC Resources Holdings Limited
1857.HK,China Everbright Water Limited
7630.HK,"IMPACT Therapeutics, Inc"
1571.HK,Xin Point Holdings Limited
6831.HK,Green Tea Group Limited
8395.HK,ZXZN Qi-House Holdings Limited
6683.HK,Star Plus Legend Holdings Limited
2158.HK,Yidu Tech Inc.
2586.HK,Dmall Inc.
0435.HK,Sunlight Real Estate Investment Trust
1108.HK,Triumph New Energy Company Limited
0900.HK,AEON Credit Service (Asia) Company Limited
0289.HK,Wing On Company International Limited
1234.HK,China Lilang Limited
2509.HK,"Qyuns Therapeutics Co., Ltd."
3382.HK,Tianjin Port Development Holdings Limited
9996.HK,Peijia Medical Limited
1770.HK,DKE Holding Company Limited
0746.HK,Lee & Man Chemical Company Limited
6090.HK,Butong Group
0806.HK,Value Partners Group Limited
2156.HK,C&D Property Management Group Co. Limited
1780.HK,Rongzun International Holdings Group Limited
2629.HK,Mirxes Holding Company Limited
9979.HK,Greentown Management Holdings Company Limited
2139.HK,"Bank of Gansu Co., Ltd."
1916.HK,"Jiangxi Bank Co., Ltd."
0799.HK,IGG Inc
1051.HK,G-Resources Group Limited
0412.HK,Shandong Hi-Speed Holdings Group Limited
1837.HK,Natural Food International Holding Limited
9929.HK,SEM Holdings Limited
0468.HK,Greatview Aseptic Packaging Company Limited
3990.HK,Midea Real Estate Holding Limited
0405.HK,Yuexiu Real Estate Investment Trust
3709.HK,EEKA Fashion Holdings Limited
2656.HK,160 Health International Limited
6132.HK,"HJ Science Co., Ltd."
9963.HK,Transtech Optelecom Science Holdings Limited
1576.HK,Qilu Expressway Company Limited
6138.HK,"Harbin Bank Co., Ltd."
1785.HK,"Chengdu Expressway Co., Ltd."
1515.HK,China Resources Medical Holdings Company Limited
1417.HK,Riverine China Holdings Limited
6960.HK,"Shuangdeng Group Co., Ltd."
6657.HK,"Baiwang Co., Ltd."
6805.HK,Kimou Environmental Holding Limited
2479.HK,"Tianju Dihe (Suzhou) Data Co., Ltd."
1476.HK,"Financial Street Securities Co., Limited"
0272.HK,Shui On Land Limited
1872.HK,Guan Chao Holdings Limited
1873.HK,Viva Biotech Holdings
6929.HK,OrbusNeich Medical Group Holdings Limited
1272.HK,"Datang Environment Industry Group Co., Ltd."
0051.HK,Harbour Centre Development Limited
0301.HK,SANVO Fine Chemicals Group Limited
0933.HK,Viva Goods Company Limited
0710.HK,BOE Varitronix Limited
2199.HK,Regina Miracle International (Holdings) Limited
2650.HK,"Shanghai Zhida Technology Development Co., Ltd."
0167.HK,IDT International Limited
2720.HK,Ridge Outdoor International Limited
0199.HK,ITC Properties Group Limited
0693.HK,Tan Chong International Limited
2255.HK,Haichang Ocean Park Holdings Ltd.
3880.HK,Medtide Inc.
1875.HK,BioDlink International Company Limited
2576.HK,"Zhejiang Taimei Medical Technology Co., Ltd."
1300.HK,Trigiant Group Limited
2179.HK,"Jiangsu Recbio Technology Co., Ltd."
1995.HK,Ever Sunshine Services Group Limited
0661.HK,China Daye Non-Ferrous Metals Mining Limited
6601.HK,Cheerwin Group Limited
2235.HK,"MicroTech Medical (Hangzhou) Co., Ltd."
2665.HK,Seyond Holdings Ltd.
1497.HK,"Xiamen Yan Palace Bird's Nest Industry Co., Ltd."
1851.HK,China Gingko Education Group Company Limited
6998.HK,Edding Genor Group Holdings Limited
9877.HK,"Jenscare Scientific Co., Ltd."
2520.HK,"Shanxi Installation Group Co., Ltd."
1432.HK,China Shengmu Organic Milk Limited
0861.HK,Digital China Holdings Limited
0341.HK,Café de Coral Holdings Limited
0178.HK,Sa Sa International Holdings Limited
6626.HK,Yuexiu Services Group Limited
2197.HK,"Clover Biopharmaceuticals, Ltd."
0368.HK,Superland Group Holdings Limited
0259.HK,Yeebo (International Holdings) Limited
1970.HK,"IMAX China Holding, Inc."
8299.HK,GT Gold Holdings Limited
2488.HK,Launch Tech Company Limited
6868.HK,Tenfu (Cayman) Holdings Company Limited
0752.HK,Pico Far East Holdings Limited
1028.HK,C.banner International Holdings Limited
1848.HK,China Aircraft Leasing Group Holdings Limited
3318.HK,China Boton Group Company Limited
0032.HK,The Cross-Harbour (Holdings) Limited
3636.HK,"Yunnan Jinxun Resources Co., Ltd."
2111.HK,Best Pacific International Holdings Limited
0596.HK,Inspur Digital Enterprise Technology Limited
2411.HK,Shenzhen Pagoda Industrial (Group) Corporation Limited
2668.HK,Pak Tak International Limited
1104.HK,APAC Resources Limited
6883.HK,Eternal Beauty Holdings Limited
0369.HK,Wing Tai Properties Limited
6996.HK,Antengene Corporation Limited
1250.HK,Shandong Hi-Speed New Energy Group Limited
0026.HK,"China Motor Bus Company, Limited"
0411.HK,Lam Soon (Hong Kong) Limited
2105.HK,"Laekna, Inc."
2408.HK,"Guangzhou Xiao Noodles Catering Management Co., Ltd."
0917.HK,Qunabox Group Limited
0743.HK,Asia Cement (China) Holdings Corporation
2480.HK,"Beijing Luzhu Biotechnology Co., Ltd."
3319.HK,"A-Living Smart City Services Co., Ltd."
6980.HK,"BAMA TEA Co., Ltd."
0918.HK,Majestic Dragon AeroTech Holdings Limited
2552.HK,Hua Medicine (Shanghai) Ltd.
0931.HK,China HK Power Smart Energy Group Limited
1516.HK,Sunac Services Holdings Limited
9860.HK,Adicon Holdings Limited
1345.HK,Shanghai Pioneer Holding Ltd
0807.HK,SIIC Environment Holdings Ltd.
1600.HK,Tian Lun Gas Holdings Limited
6058.HK,China Industrial Securities International Financial Group Limited
2490.HK,"LC Logistics, Inc."
2410.HK,"TYK Medicines, Inc"
2450.HK,"Huaibei GreenGold Industry Investment Co., Ltd."
1815.HK,Mount Everest Gold Group Company Limited
0357.HK,Hainan Meilan International Airport Company Limited
1458.HK,Zhou Hei Ya International Holdings Company Limited
1521.HK,Frontage Holdings Corporation
0732.HK,Truly International Holdings Limited
1755.HK,"S-Enjoy Service Group Co., Limited"
1959.HK,Zhong Ju Investment Group Limited
6608.HK,Bairong AI Inc.
3336.HK,Ju Teng International Holdings Limited
2295.HK,Maxicity Holdings Limited
1168.HK,Z Fin Limited
0797.HK,7Road Holdings Limited
6955.HK,"Shandong Boan Biotechnology Co., Ltd."
1948.HK,Uju Holding Limited
0113.HK,Dickson Concepts (International) Limited
0182.HK,Concord New Energy Group Limited
9930.HK,Horizon Construction Development Limited
0808.HK,Prosperity Real Estate Investment Trust
2660.HK,Zengame Technology Holding Limited
0098.HK,Xingfa Aluminium Holdings Limited
1570.HK,Weiye Holdings Limited
1854.HK,China Wantian Holdings Limited
0064.HK,Get Nice Holdings Limited
1773.HK,Tianli International Holdings Limited
9885.HK,YSB Inc.
0331.HK,FSE Lifestyle Services Limited
2565.HK,"PegBio Co., Ltd."
3978.HK,China Beststudy Education Group
0909.HK,Ming Yuan Cloud Group Holdings Limited
2166.HK,Smart-Core Holdings Limited
9913.HK,Chi Kan Holdings Limited
2427.HK,"Guanze Medical Information Industry (Holding) Co., Ltd."
9669.HK,Beisen Holding Limited
0030.HK,YNBY International Limited
1280.HK,China Qidian Guofeng Holdings Limited
2342.HK,Comba Telecom Systems Holdings Limited
3839.HK,CPBIO Holding Company Limited
0882.HK,Tianjin Development Holdings Limited
0887.HK,Emperor Watch & Jewellery Limited
0709.HK,Giordano International Limited
0029.HK,Dynamic Holdings Limited
0580.HK,Sun.King Technology Group Limited
1115.HK,5100 Xizang Glacier Company Limited
0497.HK,CSI Properties Limited
2561.HK,VISEN Pharmaceuticals
2549.HK,Carote Ltd
2409.HK,Seacon Shipping Group Holdings Limited
0521.HK,CWT International Limited
9923.HK,Yeahka Limited
0816.HK,"Jinmao Property Services Co., Limited"
0117.HK,Tianli Holdings Group Limited
0186.HK,Nimble Holdings Company Limited
2489.HK,Persistence Resources Group Ltd
3680.HK,Ruihe Data Technology Holdings Limited
2390.HK,Zhihu Inc.
0434.HK,Boyaa Interactive International Limited
6669.HK,Acotec Scientific Holdings Limited
2121.HK,"AInnovation Technology Group Co., Ltd"
1717.HK,Ausnutria Dairy Corporation Ltd
6889.HK,"DYNAM JAPAN HOLDINGS Co., Ltd."
6681.HK,BrainAurora Medical Technology Limited
1899.HK,Xingda International Holdings Limited
2633.HK,Jacobson Pharma Corporation Limited
2499.HK,"Folangsi Co., Ltd."
2149.HK,"BaTeLab Co., Ltd."
6633.HK,Qingci Games Inc.
1733.HK,E-Commodities Holdings Limited
2191.HK,SF Real Estate Investment Trust
1762.HK,Wanka Online Inc.
1782.HK,International Business Digital Technology Limited
1709.HK,DL Holdings Group Limited
2420.HK,Zibuyu Group Limited
3813.HK,Pou Sheng International (Holdings) Limited
0088.HK,Tai Cheung Holdings Limited
0127.HK,Chinese Estates Holdings Limited
2685.HK,Quantgroup Holding Limited
3700.HK,Inkeverse Group Limited
0035.HK,Far East Consortium International Limited
2302.HK,CNNC International Limited
1009.HK,International Entertainment Corporation
0558.HK,L.K. Technology Holdings Limited
2623.HK,Hong Kong Gold Industry Group Limited
2169.HK,Canggang Railway Limited
2571.HK,"Beijing Saimo Technology Co., Ltd."
1911.HK,China Renaissance Holdings Limited
6660.HK,"AIM Vaccine Co., Ltd."
3337.HK,Anton Oilfield Services Group
6696.HK,Many Idea Cloud Holdings Limited
6051.HK,Youzan Technology Limited
0679.HK,Asia Tele-Net and Technology Corporation Limited
2385.HK,Readboy Education Holding Company Limited
1747.HK,Home Control International Limited
2361.HK,Sinohealth Technology Holdings Limited
0769.HK,China Rare Earth Holdings Limited
2522.HK,"Jiangxi Rimag Group Co., Ltd."
8239.HK,Capital Finance Holdings Limited
0393.HK,Glorious Sun Enterprises Limited
2508.HK,Saint Bella Group Limited
0245.HK,China Vered Financial Holding Corporation Limited
1713.HK,"Sichuan Energy Investment Development Co., Ltd."
1221.HK,Sino Hotels (Holdings) Limited
1656.HK,ISDN Holdings Limited
6609.HK,Shanghai HeartCare Medical Technology Corporation Limited
2521.HK,Shenghui Cleanness Group Holdings Limited
1091.HK,South Manganese Investment Limited
0628.HK,Tong Tong AI Social Group Limited
9869.HK,Helens International Holdings Company Limited
2290.HK,Lung Fung Group Holdings Limited
6063.HK,Lotus Horizon Holdings Limited
0105.HK,Associated International Hotels Limited
0830.HK,China State Construction Development Holdings Limited
1979.HK,Ten Pao Group Holdings Limited
1045.HK,APT Satellite Holdings Limited
0708.HK,China Evergrande New Energy Vehicle Group Limited
0720.HK,Auto Italia Holdings Limited
2416.HK,Edianyun Limited
0085.HK,China Electronics Huada Technology Company Limited
2591.HK,"Guangzhou Innogen Pharmaceutical Group Co., Ltd"
6136.HK,Kangda International Environmental Company Limited
2531.HK,GL-Carlink Technology Holding Limited
1426.HK,Spring Real Estate Investment Trust
1982.HK,Nameson Holdings Limited
0240.HK,Build King Holdings Limited
0335.HK,Upbest Group Limited
0547.HK,Digital Domain Holdings Limited
0050.HK,Hong Kong Ferry (Holdings) Company Limited
6858.HK,Honma Golf Limited
2181.HK,Mabpharm Limited
0658.HK,"China High Speed Transmission Equipment Group Co., Ltd."
2511.HK,"HighTide Therapeutics, Inc."
1890.HK,China Kepei Education Group Limited
0878.HK,Soundwill Holdings Limited
2429.HK,Beijing UBOX Online Technology Corp.
2219.HK,Chaoju Eye Care Holdings Limited
2028.HK,Jolimark Holdings Limited
2309.HK,ZO Future Group
2368.HK,Eagle Nice (International) Holdings Limited
0410.HK,SOHO China Limited
2160.HK,MicroPort CardioFlow Medtech Corporation
0626.HK,Public Financial Holdings Limited
2425.HK,AustAsia Group Ltd.
9881.HK,"Rongta Technology (Xiamen) Group Co., Ltd."
3818.HK,"China Dongxiang (Group) Co., Ltd."
1830.HK,Perfect Medical Health Management Limited
6896.HK,Golden Throat Holdings Group Company Limited
3848.HK,Haosen Fintech Group Limited
1270.HK,Langham Hospitality Investments Limited
2360.HK,Best Mart 360 Holdings Limited
0194.HK,Liu Chong Hing Investment Limited
3816.HK,KFM Kingdom Holdings Limited
0398.HK,Oriental Watch Holdings Limited
2431.HK,"Minieye Technology Co., Ltd"
1940.HK,China Gas Industry Investment Holdings Co. Ltd.
0222.HK,Min Xin Holdings Limited
1257.HK,China Everbright Greentech Limited
0535.HK,Gemdale Properties and Investment Corporation Limited
2306.HK,YH Entertainment Group
1541.HK,ImmuneOnco Biopharmaceuticals (Shanghai) Inc.
3669.HK,China Yongda Automobiles Services Holdings Limited
6667.HK,Mega Genomics Limited
2236.HK,Wison Engineering Services Co. Ltd.
2355.HK,Baoye Group Company Limited
3991.HK,Changhong Jiahua Holdings Limited
1657.HK,SG Group Holdings Limited
9990.HK,Archosaur Games Inc.
2271.HK,Zhong An Intelligent Living Service Limited
9680.HK,Chenqi Technology Limited
2677.HK,Distinct Healthcare Holdings Limited
2519.HK,"AuGroup (SHENZHEN) Cross-Border Business Co., Ltd."
1489.HK,GC Construction Holdings Limited
6169.HK,China YuHua Education Corporation Limited
1200.HK,Midland Holdings Limited
1611.HK,Bitfire Group Holdings Limited
3681.HK,SinoMab BioScience Limited
2161.HK,JBM (Healthcare) Limited
1645.HK,Haina Intelligent Equipment International Holdings Limited
1086.HK,Goodbaby International Holdings Limited
9922.HK,Jiumaojiu International Holdings Limited
0686.HK,"Beijing Energy International Holding Co., Ltd."
9933.HK,GHW International
1588.HK,Chanjet Information Technology Company Limited
0218.HK,Shenwan Hongyuan (H.K.) Limited
9986.HK,Dashan Education Holdings Limited
3658.HK,New Hope Service Holdings Limited
1431.HK,YuanShengTai Dairy Farm Limited
0480.HK,HKR International Limited
3938.HK,LFG Investment Holdings Limited
0031.HK,China Aerospace International Holdings Limited
2886.HK,Binhai Investment Company Limited
2209.HK,YesAsia Holdings Limited
0837.HK,Carpenter Tan Holdings Limited
2348.HK,Dawnrays Pharmaceutical (Holdings) Limited
2651.HK,"Wuhan Dazhong Dental Medical Co., Ltd."
1481.HK,Smart Globe Holdings Limited
0147.HK,International Business Settlement Holdings Limited
0650.HK,Productive Technologies Company Limited
0321.HK,Texwinca Holdings Limited
6811.HK,Tai Hing Group Holdings Limited
2798.HK,Perennial Energy Holdings Limited
0158.HK,Melbourne Enterprises Limited
2383.HK,TOM Group Limited
2587.HK,HealthyWay Inc.
3718.HK,Beijing Enterprises Urban Resources Group Limited
0408.HK,Yip's Chemical Holdings Limited
1728.HK,China ZhengTong Auto Services Holdings Limited
3389.HK,Hengdeli Holdings Limited
1760.HK,Intron Technology Holdings Limited
1568.HK,Sundart Holdings Limited
0025.HK,Chevalier International Holdings Limited
1712.HK,Dragon Mining Limited
1597.HK,China Nature Energy Technology Holdings Limited
0242.HK,Shun Tak Holdings Limited
2535.HK,WK Group (Holdings) Limited
0951.HK,Chaowei Power Holdings Limited
1599.HK,"Beijing Urban Construction Design & Development Group Co., Limited"
3798.HK,Homeland Interactive Technology Ltd.
1526.HK,Rici Healthcare Holdings Limited
6622.HK,Zhaoke Ophthalmology Limited
2512.HK,Cloud Factory Technology Holdings Limited
1122.HK,"Qingling Motors Co., Ltd."
1953.HK,SFQ Global Limited
9616.HK,Neutech Group Limited
1973.HK,"Tian Tu Capital Co., Ltd."
1488.HK,Best Food Holding Company Limited
2789.HK,Yuanda China Holdings Limited
0391.HK,Mei Ah Entertainment Group Limited
0474.HK,Aceso Life Science Group Limited
2570.HK,Shanghai REFIRE Group Limited
0842.HK,Leoch International Technology Limited
9909.HK,Powerlong Commercial Management Holdings Limited
6668.HK,E-Star Commercial Management Company Limited
1020.HK,Ciprun Technology Holdings Company Limited
2563.HK,"Beijing Biostar Pharmaceuticals Co., Ltd."
1977.HK,Analogue Holdings Limited
6603.HK,IFBH Limited
1382.HK,Pacific Textiles Holdings Limited
0306.HK,Kwoon Chung Bus Holdings Limited
3886.HK,Town Health International Medical Group Limited
1943.HK,King's Stone Holdings Group Limited
8049.HK,Jilin Province Huinan Changlong Bio-pharmacy Company Limited
6036.HK,Apex Ace Holding Limited
0527.HK,China Ruifeng Renewable Energy Holdings Limited
2283.HK,TK Group (Holdings) Limited
0691.HK,China Shanshui Cement Group Limited
1358.HK,PW Medtech Group Limited
0838.HK,EVA Precision Industrial Holdings Limited
2175.HK,China General Education Group Limited
1660.HK,Seven Elements Investment Holdings Limited
0305.HK,Wuling Motors Holdings Limited
9991.HK,Baozun Inc.
1061.HK,Essex Bio-Technology Limited
1765.HK,"XJ International Holdings Co., Ltd."
1283.HK,Accel Group Holdings Limited
1601.HK,"Zhongguancun Science-Tech Leasing Co., Ltd."
3329.HK,BOCOM International Holdings Company Limited
1881.HK,Regal Real Estate Investment Trust
8087.HK,China 33 Group Limited
2566.HK,"Hangzhou Jiuyuan Genetic Biopharmaceutical Co., Ltd."
1372.HK,China Carbon Neutral Development Group Limited
2613.HK,"Contiocean Environment Tech Group Co., Ltd."
9609.HK,"Hebei Haiwei Electronic New Material Technology Co., Ltd"
1473.HK,Pangaea Connectivity Technology Limited
1027.HK,Asia Strategy Digit Technology Holdings Limited
0095.HK,LVGEM (China) Real Estate Investment Company Limited
1903.HK,JBB Builders International Limited
0595.HK,AV Concept Holdings Limited
1668.HK,China South City Holdings Limited
9663.HK,"Sino-Synergy Hydrogen Energy Technology (Jiaxing) Co., Ltd."
2150.HK,Nayuki Holdings Limited
1935.HK,JH Educational Technology INC.
2667.HK,"Beijing Tong Ren Tang Healthcare Investment Co., Ltd."
0465.HK,Futong Technology Development Holdings Limited
1231.HK,Newton Resources Ltd
1969.HK,"China Chunlai Education Group Co., Ltd."
2569.HK,Soft International Group Ltd.
2279.HK,"Yonghe Medical Group Co., Ltd."
2543.HK,"Dahon Tech (Shenzhen) Co., Ltd."
1142.HK,E&P Global Holdings Limited
2495.HK,Voicecomm International Limited
2443.HK,Autostreets Development Limited
1463.HK,C-Link Squared Limited
1228.HK,CANbridge Pharmaceuticals Inc.
1503.HK,China Merchants Commercial Real Estate Investment Trust
3989.HK,Capital Environment Holdings Limited
2265.HK,Hongcheng Environmental Technology Company Limited
9908.HK,"JiaXing Gas Group Co., Ltd."
0978.HK,China Merchants Land Limited
1140.HK,HK.AI Capital Limited
1716.HK,Most Kwai Chung Limited
1321.HK,China New City Group Limited
0687.HK,Tysan Holdings Limited
2317.HK,Vedan International (Holdings) Limited
1471.HK,"Zhongmiao Holdings (Qingdao) Co., Ltd."
3893.HK,Crosstec Group Holdings Limited
1450.HK,Be Friends Holding Limited
2001.HK,China New Higher Education Group Limited
2477.HK,"WellCell Holdings Co., Limited"
2399.HK,China Anchu Energy Storage Group Limited
0745.HK,China National Culture Group Limited
1539.HK,Unity Group Holdings International Limited
0563.HK,Shanghai Industrial Urban Development Group Limited
0314.HK,"Sipai Health Technology Co., Ltd."
6100.HK,Tongdao Liepin Group
2582.HK,"Jiangsu Guofu Hydrogen Energy Equipment Co., Ltd."
8115.HK,"Qingda Oriental Group Co., Ltd."
1981.HK,Cathay Group Holdings Inc.
1697.HK,"Shandong International Trust Co., Ltd."
0716.HK,Singamas Container Holdings Limited
1786.HK,CRCC High-Tech Equipment Corporation Limited
1912.HK,Contel Technology Company Limited
0511.HK,TVB Limited
8370.HK,Zhi Sheng Group Holdings Limited
2180.HK,ManpowerGroup Greater China Limited
1593.HK,Chen Lin Education Group Holdings Limited
3399.HK,Guangdong Yueyun Transportation Company Limited
0196.HK,Honghua Group Limited
3773.HK,Yinsheng Digifavor Company Limited
0635.HK,Playmates Holdings Limited
2661.HK,QingSong Health Corporation
6639.HK,Arrail Group Limited
1726.HK,HKE Holdings Limited
0798.HK,China Electronics Optics Valley Union Holding Company Limited
9886.HK,Dingdang Health Technology Group Ltd.
0526.HK,Lisi Group (Holdings) Limited
8095.HK,Beijing Beida Jade Bird Universal Sci-Tech Company Limited
6117.HK,"Rizhao Port Jurong Co., Ltd."
1525.HK,Shanghai Gench Education Group Limited
0419.HK,Hony Media Group
9857.HK,Linmon Media Limited
2592.HK,Cloudbreak Pharma Inc.
3303.HK,Jutal Offshore Oil Services Limited
3309.HK,C-MER Medical Holdings Limited
6661.HK,"Huzhou Gas Co., Ltd."
1906.HK,Bonny International Holding Limited
1627.HK,Able Engineering Holdings Limited
0057.HK,Chen Hsong Holdings Limited
2559.HK,Dida Inc.
1931.HK,ETHK Labs Inc.
1180.HK,Paradise Entertainment Limited
9639.HK,Wing Lee Development Construction Holdings Limited
3836.HK,China Harmony Auto Holding Limited
1586.HK,China Leon Inspection Holding Limited
2327.HK,Meilleure Health International Industry Group Limited
0623.HK,Golden Bridge Group Holdings Limited
2898.HK,"Sunho Biologics, Inc."
2881.HK,Wuhan Youji Holdings Limited
0212.HK,Nanyang Holdings Limited
0488.HK,Lai Sun Development Company Limited
0873.HK,Shimao Services Holdings Limited
1702.HK,Dongguang Chemical Limited
2251.HK,"Beijing Airdoc Technology Co., Ltd."
0621.HK,Taung Gold International Limited
1696.HK,Sisram Medical Ltd
6086.HK,Fangzhou Inc.
1328.HK,Goldstream Investment Limited
0255.HK,Lung Kee Group Holdings Limited
1483.HK,Net-A-Go Technology Company Limited
0374.HK,Four Seas Mercantile Holdings Limited
2130.HK,CN Logistics International Holdings Limited
2153.HK,"Tat Hong Equipment Service Co., Ltd."
8321.HK,Tai Kam Holdings Limited
0804.HK,Pinestone Capital Limited
0818.HK,Hi Sun Technology (China) Limited
3838.HK,China Starch Holdings Limited
0103.HK,Shougang Century Holdings Limited
0451.HK,Dynasty Digital Holdings Limited
0609.HK,Tiande Chemical Holdings Limited
1127.HK,Lion Rock Group Limited
0536.HK,Tradelink Electronic Commerce Limited
1119.HK,iDreamSky Technology Holdings Limited
8540.HK,Victory Securities (Holdings) Company Limited
9960.HK,"Kindstar Globalgene Technology, Inc."
1204.HK,BoardWare Intelligence Technology Limited
0264.HK,China International Development Corporation Limited
0266.HK,Tian Teck Land Limited
0156.HK,Lippo China Resources Limited
0093.HK,Zero Fintech Group Limited
1986.HK,"Tsaker New Energy Tech Co., Limited"
0433.HK,North Mining Shares Company Limited
2002.HK,China Sunshine Paper Holdings Company Limited
2483.HK,K Cash Corporation Limited
0655.HK,Hongkong Chinese Limited
1003.HK,Huanxi Media Group Limited
0157.HK,Natural Beauty Bio-Technology Limited
0618.HK,Peking University Resources (Holdings) Company Limited
0237.HK,"Safety Godown Company, Limited"
0664.HK,"Hangzhou Tongshifu Cultural and Creative (Group) Co., Ltd."
1161.HK,Water Oasis Group Limited
2560.HK,"Anhui Conch Material Technology Co., Ltd."
2136.HK,Lifestyle China Group Limited
3383.HK,Agile Group Holdings Limited
1793.HK,Wecon Holdings Limited
0538.HK,Ajisen (China) Holdings Limited
2126.HK,JW (Cayman) Therapeutics Co. Ltd
8198.HK,Crypto Flow Technology Limited
2458.HK,Gala Technology Holding Limited
8220.HK,Bingo Group Holdings Limited
2550.HK,Easou Technology Holdings Limited
1731.HK,Prosperous Industrial (Holdings) Limited
2098.HK,Zall Smart Commerce Group Ltd.
0128.HK,ENM Holdings Limited
0533.HK,Goldlion Holdings Limited
9906.HK,Honliv Healthcare Management Group Company Limited
2030.HK,Cabbeen Fashion Limited
0815.HK,China Silver Group Limited
0420.HK,Fountain Set (Holdings) Limited
1346.HK,Lever Style Corporation
0554.HK,Hans Group Holdings Limited
0131.HK,Cheuk Nang (Holdings) Limited
2503.HK,Zhongshen Jianye Holding Limited
2100.HK,BAIOO Family Interactive Limited
3650.HK,Keep Inc.
1029.HK,IRC Limited
6828.HK,Beijing Gas Blue Sky Holdings Limited
9939.HK,Kintor Pharmaceutical Limited
0611.HK,China Nuclear Energy Technology Corporation Limited
1820.HK,Pacific Millennium Packaging Group Corporation
2473.HK,XXF Group Holdings Limited
2581.HK,BenQ BM Holding Cayman Corp.
0383.HK,Tian An Medicare Limited
8017.HK,TradeGo FinTech Limited
1262.HK,Labixiaoxin Snacks Group Limited
1831.HK,ShiFang Holding Limited
0239.HK,Pak Fah Yeow International Limited
0993.HK,XinKong International Capital Holdings Limited
1137.HK,Hong Kong Technology Venture Company Limited
1201.HK,Tesson Holdings Limited
0353.HK,Energy International Investments Holdings Limited
1410.HK,Edvance International Holdings Limited
2551.HK,"APT Electronics Co., Ltd."
0184.HK,Keck Seng Investments (Hong Kong) Limited
1846.HK,EuroEyes International Eye Clinic Limited
6922.HK,"Cryofocus Medtech (Shanghai) Co., Ltd."
0894.HK,Man Yue Technology Holdings Limited
0711.HK,Asia Allied Infrastructure Holdings Limited
0505.HK,Xingye Alloy Materials Group Limited
1449.HK,Leader Education Limited
9686.HK,Xikang Cloud Hospital Holdings Inc.
0542.HK,China Cultural Tourism and Agriculture Group Limited
0898.HK,Multifield International Holdings Limited
1090.HK,Da Ming International Holdings Limited
2481.HK,"SL Gemini Energy Co., Ltd"
2011.HK,Gilston Group Limited
1748.HK,Xin Yuan Enterprises Group Limited
1085.HK,Hengxin Technology Ltd.
3903.HK,"Hanhua Financial Holding Co., Ltd."
0206.HK,"CM Energy Tech Co., Ltd."
6676.HK,ZG Group
2469.HK,Fenbi Ltd.
2372.HK,WEIli Holdings Limited
0493.HK,GOME Retail Holdings Limited
1985.HK,Microware Group Limited
0163.HK,Emperor International Holdings Limited
1238.HK,Powerlong Real Estate Holdings Limited
1141.HK,CMBC Capital Holdings Limited
8148.HK,Wuxi Life International Holdings Group Limited
2777.HK,"Guangzhou R&F Properties Co., Ltd."
0251.HK,S E A Holdings Limited
0205.HK,BFB Health Limited
2137.HK,Brii Biosciences Limited
0472.HK,New Silkroad Holding Group Limited
2167.HK,TI Cloud Inc.
1252.HK,China Tianrui Group Cement Company Limited
0676.HK,Pegasus International Holdings Limited
2146.HK,"Roiserv Lifestyle Services Co., Ltd."
1502.HK,"Financial Street Property Co., Limited"
2530.HK,Numans Health Food Holdings Company Limited
1878.HK,SouthGobi Resources Ltd.
2516.HK,FAR International Holdings Group Company Limited
1152.HK,Momentum Financial Holdings Limited
6820.HK,FriendTimes Inc.
0418.HK,Founder Holdings Limited
0528.HK,Kingdom Holdings Limited
2487.HK,Cutia Therapeutics
0640.HK,Infinity Development Holdings Company Limited
8371.HK,Taste Gourmet Group Limited
1425.HK,Justin Allen Holdings Limited
1466.HK,Baijin Life Science Holdings Limited
0610.HK,Wai Kee Holdings Limited
2567.HK,Qiniu Limited
6959.HK,Changjiu Holdings Limited
2501.HK,Maiyue Technology Limited
1274.HK,"iMotion Automotive Technology (Suzhou) Co., Ltd."
1244.HK,3D Medicines Inc.
1577.HK,"Quanzhou Huixin Micro-credit Co., Ltd."
0854.HK,Willas-Array Electronics (Holdings) Limited
1583.HK,Qinqin Foodstuffs Group (Cayman) Company Limited
2377.HK,"China Boqi Environmental (Holding) Co., Ltd."
1835.HK,"Shanghai Realway Capital Assets Management Co., Ltd."
0976.HK,Chiho Environmental Group Limited
0809.HK,Global Bio-chem Technology Group Company Limited
1461.HK,Zhongtai Futures Company Limited
1036.HK,Vanke Overseas Investment Holding Company Limited
0884.HK,CIFI Holdings (Group) Co. Ltd.
0334.HK,China Display Optoelectronics Technology Holdings Limited
0224.HK,Pioneer Global Group Limited
1278.HK,China New Town Development Company Limited
0450.HK,Hung Hing Printing Group Limited
3348.HK,China PengFei Group Limited
0217.HK,China Chengtong Development Group Limited
6939.HK,"MEGAIN Holding (Cayman) Co., Ltd."
0560.HK,Chu Kong Shipping Enterprises (Group) Company Limited
0603.HK,China Oil And Gas Group Limited
0627.HK,Vision Synergy Holdings Limited
6898.HK,China Aluminum Cans Holdings Limited
3300.HK,China Glass Holdings Limited
2536.HK,Palasino Holdings Limited
2407.HK,Gaush Meditech Ltd
2453.HK,"Concord Healthcare Group Co., Ltd."
1710.HK,Trio Industrial Electronics Group Limited
1121.HK,Golden Solar New Energy Technology Holdings Limited
0950.HK,Lee's Pharmaceutical Holdings Limited
1285.HK,Jiashili Group Limited
1553.HK,Maike Tube Industry Holdings Limited
8450.HK,EDICO Holdings Limited
0813.HK,Shimao Group Holdings Limited
2120.HK,"Wenzhou Kangning Hospital Co., Ltd."
1118.HK,Golik Holdings Limited
2298.HK,Cosmo Lady (China) Holdings Company Limited
2621.HK,Shouhui Group Limited
1202.HK,Chengdu SIWI Science and Technology Company Limited
2496.HK,"Wuhan YZY Biopharma Co., Ltd."
2008.HK,Phoenix Media Investment (Holdings) Limited
0149.HK,China Agri-Products Exchange Limited
3689.HK,"Guangdong Kanghua Healthcare Group Co., Ltd."
1046.HK,Universe Entertainment and Culture Group Company Limited
6989.HK,Excellence Commercial Property & Facilities Management Group Limited
1499.HK,OKG Technology Holdings Limited
0210.HK,Daphne International Holdings Limited
1022.HK,Feiyu Technology International Company Ltd.
0771.HK,Automated Systems Holdings Limited
0929.HK,IPE Group Limited
2878.HK,Solomon Systech (International) Limited
2396.HK,B&K Corporation Limited
0052.HK,Fairwood Holdings Limited
1082.HK,Bradaverse Education (Int'l) Investments Group Limited
1669.HK,Global International Credit Group Limited
8162.HK,Loco Hong Kong Holdings Limited
9882.HK,Best Linking Group Holdings Limited
9876.HK,Ocean One Holding Ltd.
0040.HK,Gold Peak Technology Group Limited
0302.HK,CMGE Technology Group Limited
6113.HK,BitStrat Holdings Limited
2671.HK,"USAS Building System (Shanghai) Co., Ltd."
1980.HK,Tian Ge Interactive Holdings Limited
0727.HK,Sinopros Corporation Limited
1613.HK,Synertone Communication Corporation
8037.HK,China Biotech Services Holdings Limited
6966.HK,China Wan Tong Yuan (Holdings) Limited
0677.HK,Golden Resources Development International Limited
2289.HK,"Charmacy Pharmaceutical Co., Ltd."
1652.HK,Fusen Pharmaceutical Company Limited
0280.HK,King Fook Holdings Limited
2562.HK,Synagistics Limited
1084.HK,Green Fresh Biotechnology Company Limited
1203.HK,GDH Guangnan (Holdings) Limited
1290.HK,China Huirong Financial Holdings Limited
0351.HK,Asia Energy Logistics Group Limited
6182.HK,Twintek Investment Holdings Limited
0154.HK,Beijing Enterprises Environment Group Limited
0952.HK,Quam Plus International Financial Limited
1853.HK,Jilin Province Chuncheng Heating Company Limited
3377.HK,Sino-Ocean Group Holding Limited
1100.HK,Mainland Headwear Holdings Limited
3999.HK,DaChan Food (Asia) Limited
6633.HK,Qingci Games Inc.
1733.HK,E-Commodities Holdings Limited
2191.HK,SF Real Estate Investment Trust
1762.HK,Wanka Online Inc.
3737.HK,Zhongzhi Pharmaceutical Holdings Limited
1826.HK,FDB Holdings Limited
2051.HK,Vala Inc.
9919.HK,Activation Group Holdings Limited
1643.HK,"Modern Chinese Medicine Group Co., Ltd."
0848.HK,Maoye International Holdings Limited
1268.HK,China MeiDong Auto Holdings Limited
1823.HK,Huayu Expressway Group Limited
1412.HK,Q P Group Holdings Limited
0201.HK,Magnificent Hotel Investments Limited
8188.HK,GME Group Holdings Limited
2539.HK,"Lemo Services Co., Ltd"
8030.HK,Fengyinhe Holdings Limited
0382.HK,Edvantage Group Holdings Limited
2573.HK,"Newtrend Group Holding Co., Ltd."
2515.HK,"Tianjin Construction Development Group Co., Ltd."
8189.HK,Tianjin TEDA Biomedical Engineering Company Limited
6933.HK,Sino-Entertainment Technology Holdings Limited
0365.HK,Sino ICT Holdings Limited
2185.HK,"Shanghai Bio-heart Biological Technology Co., Ltd."
1334.HK,Ruichang International Holdings Limited
0089.HK,Tai Sang Land Development Limited
1565.HK,Virscend Education Company Limited
1442.HK,Infinity Logistics and Transport Ventures Limited
2502.HK,"Henan Jinyuan Hydrogenated Chemicals Co., Ltd."
0464.HK,China In-Tech Limited
2392.HK,Xuan Wu Cloud Technology Holdings Limited
1319.HK,Oi Wah Pawnshop Credit Holdings Limited
1856.HK,Ernest Borel Holdings Limited
2337.HK,United Strength Power Holdings Limited
0370.HK,Hong Kong Robotics Group Holding Limited
0980.HK,"Lianhua Supermarket Holdings Co., Ltd."
0279.HK,Arta TechFin Corporation Limited
1538.HK,Zhong Ao Home Group Limited
2000.HK,SIM Technology Group Limited
8026.HK,China Brilliant Global Limited
2863.HK,Golden Faith Group Holdings Limited
2178.HK,Petro-king Oilfield Services Limited
3828.HK,Ming Fai International Holdings Limited
1861.HK,Precious Dragon Technology Holdings Limited
0612.HK,Carmen Century Investment Limited
0018.HK,Oriental Media Group Limited
1183.HK,MECOM Power and Construction Limited
0869.HK,Playmates Toys Limited
8349.HK,Yunhong Guixin Group Holdings Limited
3315.HK,Goldpac Group Limited
6890.HK,KangLi International Holdings Limited
1282.HK,Renze Harvest International Limited
1693.HK,BGMC International Limited
1685.HK,Boer Power Holdings Limited
2107.HK,First Service Holding Limited
9689.HK,JTF International Holdings Limited
0860.HK,Apollo Future Mobility Group Limited
2381.HK,SMC Electric Limited
1255.HK,TATA Health International Holdings Limited
0529.HK,SiS International Holdings Limited
6919.HK,Renrui Human Resources Technology Holdings Limited
8195.HK,Legendary Education Group Limited
1925.HK,Kwung's Aroma Holdings Limited
3686.HK,Clifford Modern Living Holdings Limited
0556.HK,Pan Asia Environmental Protection Group Limited
2262.HK,Steve Leung Design Group Limited
1790.HK,TIL Enviro Limited
8403.HK,Defeng Solife Holdings Limited
0846.HK,Mingfa Group (International) Company Limited
1317.HK,China Maple Leaf Educational Systems Limited
0160.HK,"Hon Kwok Land Investment Company, Limited"
2321.HK,Swang Chai Chuan Limited
2189.HK,Kato (Hong Kong) Holdings Limited
2486.HK,Plus Group Holdings Inc.
0987.HK,China Renewable Energy Investment Limited
6123.HK,YTO International Express and Supply Chain Technology Limited
1075.HK,Capinfo Company Limited
0784.HK,AiLife International Group Limited
2138.HK,EC Healthcare
0829.HK,Shenguan Holdings (Group) Limited
2281.HK,"Luzhou Xinglu Water (Group) Co., Ltd."
1808.HK,Enterprise Development Holdings Limited
0750.HK,China Shuifa Singyes Energy Holdings Limited
8637.HK,Metasurface Technologies Holdings Limited
1243.HK,Wang On Properties Limited
2159.HK,Mediwelcome Healthcare Management & Technology Inc.
2389.HK,Beijing Health (Holdings) Limited
8418.HK,Optima Automobile Group Holdings Limited
2152.HK,"Suxin Joyful Life Services Co., Ltd."
1520.HK,Virtual Mind Holding Company Limited
0730.HK,Capital Industrial Financial Services Group Limited
9928.HK,Times Neighborhood Holdings Limited
1692.HK,Town Ray Holdings Limited
2438.HK,Mobvoi Inc.
0524.HK,Great Wall Terroir Holdings Limited
1909.HK,Fire Rock Holdings Limited
0606.HK,SCE Intelligent Commercial Management Holdings Limited
0587.HK,China Conch Environment Protection Holdings Limited
2540.HK,Lesi Group Limited
1653.HK,MOS House Group Limited
2003.HK,VCREDIT Holdings Limited
1630.HK,Kin Shing Holdings Limited
8507.HK,i.century Holding Limited
1661.HK,China Frontier Technology Group
2165.HK,Ling Yue Services Group Limited
1373.HK,International Housewares Retail Company Limited
8247.HK,Biosino Bio-Technology and Science Incorporation
0256.HK,Citychamp Watch & Jewellery Group Limited
0432.HK,Pacific Century Premium Developments Limited
6829.HK,Dragon Rise Group Holdings Limited
9978.HK,Fineland Living Services Group Limited
0862.HK,Vision Values Holdings Limited
1746.HK,Man Shun Group (Holdings) Limited
3869.HK,Hospital Corporation of China Limited
0159.HK,Brockman Mining Limited
1116.HK,Huiyuan Cowins Technology Group Limited
0191.HK,Lai Sun Garment (International) Limited
1097.HK,CTF Media & Entertainment Limited
8229.HK,Future Data Group Limited
1756.HK,China Science and Education Industry Group Limited
2892.HK,Million Cities Holdings Limited
8227.HK,"Xi'an Haitian Antenna Technologies Co., Ltd."
1865.HK,Pengo Holdings Group Limited
6628.HK,Transcenta Holding Limited
1260.HK,Wonderful Sky Financial Group Holdings Limited
0672.HK,Zhong An Group Limited
8041.HK,IntelliMark AI International Limited
1612.HK,Vincent Medical Holdings Limited
1622.HK,Redco Properties Group Limited
1402.HK,i-Control Holdings Limited
1617.HK,Nanfang Communication Holdings Limited
1023.HK,Sitoy Group Holdings Limited
0550.HK,Allegro Culture Limited
1522.HK,BII Railway Transportation Technology Holdings Company Limited
2033.HK,Time Watch Investments Limited
0717.HK,Emperor Capital Group Limited
1569.HK,Minsheng Education Group Company Limited
2683.HK,Wah Sun Handbags International Holdings Limited
2625.HK,Jiangsu Horizon Chain Supermarket Company Limited
2529.HK,"Hollwin Urban Operation Service Group Co., Ltd"
0360.HK,New Focus Auto Tech Holdings Limited
0825.HK,New World Department Store China Limited
1529.HK,Yues International Holdings Group Limited
0458.HK,Tristate Holdings Limited
0099.HK,Wong's International Holdings Limited
0169.HK,Wanda Hotel Development Company Limited
1037.HK,Maxnerva Technology Services Limited
1638.HK,Kaisa Group Holdings Ltd.
0731.HK,C&D Newin Paper & Pulp Corporation Limited
2619.HK,"X.J. Electrics (Hu Bei) Group Co., Ltd"
2500.HK,Venus Medtech (Hangzhou) Inc.
0519.HK,Novautek Technologies Group Limited
0097.HK,Henderson Investment Limited
2257.HK,Sirnaomics Ltd.
1332.HK,Touyun Biotech Group Limited
8521.HK,WebX International Holdings Company Limited
1673.HK,Huazhang Technology Holding Limited
2239.HK,SMIT Holdings Limited
8611.HK,Jufeel International Holdings Limited
0567.HK,Jsmart Technologies Group Limited
2415.HK,MedSci Healthcare Holdings Limited
1327.HK,Luxxu Group Limited
1945.HK,Zero2IPO Holdings Inc.
6038.HK,G & M Holdings Limited
1271.HK,Grand Ming Group Holdings Limited
0698.HK,Tongda Group Holdings Limited
2482.HK,"Logory Logistics Technology Co., Ltd."
0366.HK,Luks Group (Vietnam Holdings) Company Limited
3882.HK,Sky Light Holdings Limited
1727.HK,Hebei Construction Group Corporation Limited
6908.HK,HG Semiconductor Limited
2205.HK,Kangqiao Service Group Limited
0228.HK,China Energy Development Holdings Limited
1631.HK,REF Holdings Limited
2336.HK,Shuoao International Holdings Limited
1832.HK,S.A.I. Leisure Group Company Limited
2680.HK,Austrax Holdings Limited
0111.HK,Cinda International Holdings Limited
8350.HK,Well Link Securities Holdings Limited
2187.HK,Zhixin Group Holding Limited
2350.HK,MTT Group Holdings Limited
2329.HK,Glory Health Industry Limited
1719.HK,China Infrastructure & Logistics Group Ltd.
1098.HK,Road King Infrastructure Limited
1292.HK,"Changan Minsheng APLL Logistics Co., Ltd."
0367.HK,Chuang's Consortium International Limited
0235.HK,CSC Holdings Limited
1641.HK,"Hongxing Coldchain (Hunan) Co., Ltd."
0236.HK,San Miguel Brewery Hong Kong Limited
0641.HK,CHTC Fong's International Company Limited
0439.HK,Genesis Scale Holdings Limited
1936.HK,Ritamix Global Limited
0114.HK,Herald Holdings Limited
0377.HK,China Huajun Group Limited
1399.HK,Veson Holdings Limited
0673.HK,China Health Group Limited
1608.HK,VPower Group International Holdings Limited
0090.HK,Puxing Energy Limited
1303.HK,Huili Resources (Group) Limited
2440.HK,"MemeStrategy, Inc."
2230.HK,Medialink Group Limited
9983.HK,Central China New Life Limited
6188.HK,"Beijing Digital Telecom Co., Ltd."
2457.HK,Buyang International Holding Inc
6093.HK,Hevol Services Group Co. Limited
0229.HK,Raymond Industrial Limited
3768.HK,"Kunming Dianchi Water Treatment Co., Ltd."
2101.HK,Fulu Holdings Limited
1401.HK,Future Machine Limited
0078.HK,Regal Hotels International Holdings Limited
1011.HK,China NT Pharma Group Company Limited
0320.HK,Computime Group Limited
8246.HK,Zhonghua Gas Holdings Limited
1623.HK,Hilong Holding Limited
6083.HK,World-Link Logistics (Asia) Holding Limited
2031.HK,Ausupreme International Holdings Limited
0037.HK,Far East Hotels and Entertainment Limited
2170.HK,Suzhou Basecare Medical Corporation Limited
6118.HK,Austar Lifesciences Limited
0337.HK,Greenland Hong Kong Holdings Limited
2528.HK,Forward Fashion (International) Holdings Company Limited
1556.HK,Chinney Kin Wing Holdings Limited
6677.HK,Sino-Ocean Service Holding Limited
3778.HK,China Weaving Materials Holdings Limited
2023.HK,China Ludao Technology Company Limited
0979.HK,Green Energy Group Limited
1753.HK,Duiba Group Limited
2885.HK,Peiport Holdings Ltd.
1159.HK,Smart Digital Technology Group Limited
1868.HK,Neo-Neon Holdings Limited
0252.HK,Southeast Asia Properties & Finance Limited
2700.HK,Green International Holdings Limited
1566.HK,CA Cultural Technology Group Limited
6830.HK,Huazhong In-Vehicle Holdings Company Limited
0039.HK,China Beidahuang Industry Group Holdings Limited
0722.HK,UMP Healthcare Holdings Limited
0244.HK,"The Sincere Company, Limited"
3623.HK,China Success Finance Group Holdings Limited
0690.HK,Uni-Bio Science Group Limited
1720.HK,Putian Communication Group Limited
0219.HK,Shun Ho Property Investments Limited
1667.HK,Dimmi Life Holdings Limited
2325.HK,Yunkang Group Limited
0227.HK,First Shanghai Investments Limited
0852.HK,Strong Petrochemical Holdings Limited
2649.HK,"ALSCO Pooling Service Co., Ltd."
3688.HK,Top Spring International Holdings Limited
0608.HK,High Fashion International Limited
0202.HK,EverChina Int'l Holdings Company Limited
2347.HK,Yoho Group Holdings Limited
2177.HK,UNQ Holdings Limited
2116.HK,Jiangsu Innovative Ecological New Materials Limited
2131.HK,Netjoy Holdings Limited
3368.HK,Parkson Retail Group Limited
3638.HK,Hunlicar Group Limited
8090.HK,"Shandong Baogai New Materials Technology Co., Ltd."
2119.HK,Tsit Wing International Holdings Limited
0124.HK,Guangdong Land Holdings Limited
1073.HK,Da Yu Financial Holdings Limited
9998.HK,Kwan Yong Holdings Limited
0265.HK,Gangyu Smart Urban Services Holding Limited
2250.HK,B.Duck Semk Holdings International Limited
6885.HK,Henan Jinma Energy Company Limited
1867.HK,Standard Development Group Limited
1813.HK,KWG Group Holdings Limited
0311.HK,Luen Thai Holdings Limited
9982.HK,Central China Management Company Limited
1587.HK,Shineroad International Holdings Limited
1705.HK,B & S International Holdings Ltd.
2216.HK,Broncus Holding Corporation
8120.HK,China Demeter Financial Investments Limited
0629.HK,Yue Da International Holdings Limited
6698.HK,Star CM Holdings Limited
2237.HK,China Graphite Group Limited
6866.HK,Zuoli Kechuang Company Limited
2176.HK,CCID Consulting Company Limited
1102.HK,Enviro Energy International Holdings Limited
1825.HK,Sterling Group Holdings Limited
0897.HK,Wai Yuen Tong Medicine Holdings Limited
0137.HK,Jinhui Holdings Company Limited
6833.HK,Sinco Pharmaceuticals Holdings Limited
1429.HK,Skymission Group Holdings Limited
8431.HK,Hao Bai International (Cayman) Limited
0833.HK,Alltronics Holdings Limited
8512.HK,Hyfusin Group Holdings Limited
0082.HK,Crazy Sports Group Limited
1251.HK,SPT Energy Group Inc.
1947.HK,"Meihao Medical Group Co., Ltd"
1767.HK,TS Wonders Holding Limited
9955.HK,ClouDr Group Limited
1130.HK,China Environmental Resources Group Limited
0994.HK,CT Vision (International) Holdings Limited
1938.HK,Chu Kong Petroleum and Natural Gas Steel Pipe Holdings Limited
1079.HK,PINE Technology Holdings Limited
1397.HK,Baguio Green Group Limited
1960.HK,TBK & Sons Holdings Limited
1900.HK,"China ITS (Holdings) Co., Ltd."
0827.HK,Ko Yo Chemical (Group) Limited
0096.HK,Yusei Holdings Limited
8391.HK,Cornerstone Technologies Holdings Limited
0213.HK,National Electronics Holdings Limited
1087.HK,InvesTech Holdings Limited
0277.HK,Tern Properties Company Limited
0767.HK,Zhong Ji Longevity Science Group Limited
0021.HK,Great China Holdings (Hong Kong) Limited
2439.HK,China Treasures New Materials Group Ltd.
0496.HK,Kasen International Holdings Limited
0046.HK,Computer And Technologies Holdings Limited
8375.HK,Data Union Capital International Holdings Group Limited
2102.HK,Tak Lee Machinery Holdings Limited
2222.HK,NVC International Holdings Limited
3626.HK,East Nova Holdings Limited
1455.HK,Fourace Industries Group Holdings Limited
0936.HK,Kaisa Capital Investment Holdings Limited
6911.HK,"Pu'er Lancang Ancient Tea Co., Ltd."
1540.HK,Left Field Printing Group Limited
1962.HK,Evergreen Products Group Limited
2376.HK,"Lushang Life Services Co., Ltd."
2263.HK,Fu Shek Financial Holdings Limited
1094.HK,Cherish Sunshine International Limited
0831.HK,Convenience Retail Asia Limited
0150.HK,Hypebeast Limited
1827.HK,Miricor Enterprises Holdings Limited
0146.HK,Tai Ping Carpets International Limited
1240.HK,CNQC International Holdings Limited
1298.HK,Yunnan Energy International Co. Limited
0926.HK,Besunyen Holdings Company Limited
1273.HK,Hong Kong Finance Group Limited
2901.HK,"Fantasia Holdings Group Co., Limited"
0822.HK,Ka Shui International Holdings Limited
1527.HK,"Zhejiang Tengy Environmental Technology Co., Ltd"
1132.HK,Orange Sky Golden Harvest Entertainment (Holdings) Limited
0543.HK,Pacific Online Limited
0912.HK,Suga International Holdings Limited
1955.HK,"Hong Kong Johnson Holdings Co., Ltd."
0685.HK,Media Chinese International Limited
3913.HK,KWG Living Group Holdings Limited
0583.HK,Great Wall Pan Asia Holdings Limited
3302.HK,Kinergy Corporation Ltd.
1500.HK,In Construction Holdings Limited
3616.HK,Ever Reach Group (Holdings) Company Limited
0520.HK,"Xiabuxiabu Catering Management (China) Holdings Co., Ltd."
1222.HK,Wang On Group Limited
1732.HK,XiangXing Technology Holding Limited
8146.HK,Grace Wine Holdings Limited
2693.HK,"Anhui Jinyan Kaolin New Materials Co., Ltd."
2421.HK,KRP Development Holdings Limited
1420.HK,Chuan Holdings Limited
0396.HK,Hing Lee (HK) Holdings Limited
1148.HK,Xinchen China Power Holdings Limited
0689.HK,EPI (Holdings) Limited
2163.HK,"Changsha Broad Homes Industrial Group Co., Ltd."
8610.HK,BBSB International Limited
1005.HK,Matrix Holdings Limited
8328.HK,Xinyi Electric Storage Holdings Limited
1545.HK,Design Capital Limited
2497.HK,"Fujing Holdings Co., Limited"
0896.HK,Hanison Construction Holdings Limited
0339.HK,China Sci-Tech Industrial Investment Group Limited
2322.HK,Modern Innovative Digital Technology Company Limited
3860.HK,EPS Creative Health Technology Group Limited
0423.HK,Hong Kong Economic Times Holdings Limited
1490.HK,AI X Tech Inc.
1532.HK,China Partytime Culture Holdings Limited
2545.HK,Zhonggan Communication (Group) Holdings Limited
1419.HK,Human Health Holdings Limited
8629.HK,"Guangdong Syntrust GK Testing and Certification Tech Service Center Co., Ltd."
2405.HK,Powerwin Tech Group Limited
2227.HK,Solis Holdings Limited
8310.HK,"Yancheng Port International Co., Limited"
2210.HK,"Beijing Capital Jiaye Property Services Co., Limited"
1335.HK,Sheen Tai Holdings Group Company Limited
2258.HK,Watts International Maritime Company Limited
0865.HK,Jiande International Holdings Limited
2108.HK,K2 F&B Holdings Limited
1480.HK,Yan Tat Group Holdings Limited
1580.HK,Da Sen Holdings Group Limited
1284.HK,New Media Lab Limited
1778.HK,"Colour Life Services Group Co., Limited"
1640.HK,Qian Xun Technology Limited
1650.HK,Hygieia Group Limited
2132.HK,Landrich Holding Limited
6822.HK,King's Flair International (Holdings) Limited
2297.HK,Rainmed Medical Limited
1795.HK,Yadong Group Holdings Limited
8502.HK,Ocean Line Port Development Limited
0943.HK,Zhongzheng International Company Limited
2226.HK,Honworld Group Limited
3789.HK,Royal Deluxe Holdings Limited
0413.HK,South China Holdings Company Limited
2505.HK,EDA Group Holdings Limited
1265.HK,Tianjin Jinran Public Utilities Company Limited
2349.HK,China AI Infrastructure Group Limited
1389.HK,Major Holdings Limited
0166.HK,New Times Corporation Limited
1407.HK,Jy Gas Limited
0132.HK,Hing Yip Holdings Limited
1725.HK,China Strategic Technology Group Limited
2280.HK,HC Group Inc.
0723.HK,Reliance Global Holdings Limited
1289.HK,Wuxi Sunlit Science and Technology Company Limited
0508.HK,Dingyi Group Investment Limited
1592.HK,Anchorstone Holdings Limited
2663.HK,KPa-BM Holdings Limited
0582.HK,Shin Hwa World Limited
6882.HK,EGL Holdings Company Limited
1543.HK,"Guangdong Join-Share Financing Guarantee Investment Co., Ltd."
1683.HK,Hope Life International Holdings Limited
2129.HK,Legion Consortium Limited
1170.HK,Kingmaker Footwear Holdings Limited
1557.HK,K. H. Group Holdings Limited
6119.HK,Tian Yuan Group Holdings Limited
8269.HK,Go Up Education Technology Limited
8559.HK,Go Up Education Technology Limited
9968.HK,Huijing Holdings Company Limited
1314.HK,Tsui Wah Holdings Limited
0713.HK,World Houseware (Holdings) Limited
9938.HK,Wah Wo Holdings Group Limited
0575.HK,Regent Pacific Group Limited
0591.HK,China High Precision Automation Group Limited
0216.HK,"Chinney Investments, Limited"
8050.HK,City Coolxuan Company Limited
1416.HK,CTR Holdings Limited
0318.HK,Vongroup Limited
1817.HK,Mulsanne Group Holding Limited
2370.HK,Redco Healthy Living Company Limited
1008.HK,Litu Holdings Limited
1451.HK,MS Group Holdings Limited
0756.HK,Summi (Group) Holdings Limited
1348.HK,Quali-Smart Holdings Limited
8281.HK,China Golden Classic Group Limited
0295.HK,Kong Sun Holdings Limited
3662.HK,Starjoy Wellness and Travel Company Limited
0346.HK,Yanchang Petroleum International Limited
0573.HK,Tao Heung Holdings Limited
2017.HK,Chanhigh Holdings Limited
0828.HK,Dynasty Fine Wines Group Limited
1679.HK,Risecomm Group Holdings Limited
1110.HK,Kingworld Medicines Group Limited
0286.HK,Aidigong Maternal & Child Health Limited
0681.HK,Chinese People Holdings Company Limited
0938.HK,Man Sang International Limited
6899.HK,Ourgame International Holdings Limited
1682.HK,Hang Pin Living Technology Company Limited
1615.HK,AB Builders Group Limited
1370.HK,Aowei Holding Limited
1188.HK,Hybrid Kinetic Group Limited
0953.HK,Shaw Brothers Holdings Limited
1293.HK,Grand Baoxin Auto Group Limited
1245.HK,"Niraku GC Holdings, Inc."
1993.HK,Asiaray Media Group Limited
1560.HK,Star Group Asia Limited
6893.HK,Hin Sang Group (International) Holding Co. Ltd.
1418.HK,Sinomax Group Limited
0738.HK,Le Saunda Holdings Limited
3322.HK,Win Hanverky Holdings Limited
1153.HK,Jiayuan Services Holdings Limited
1198.HK,Royale Home Holdings Limited
0355.HK,Century City International Holdings Limited
6978.HK,Immunotech Biopharm Ltd
0422.HK,Vietnam Manufacturing and Export Processing (Holdings) Limited
1380.HK,China Kingstone Mining Holdings Limited
0129.HK,Asia Standard International Group Limited
1845.HK,Weigang Environmental Technology Holding Group Limited
2286.HK,Chen Xing Development Holdings Limited
0329.HK,OCI International Holdings Limited
0361.HK,Hanfort Development Holdings Limited
0399.HK,Starcoin Group Limited
1001.HK,Hong Kong Shanghai Alliance Holdings Limited
0455.HK,Tianda Pharmaceuticals Limited
1662.HK,Yee Hop Holdings Limited
0406.HK,Yau Lee Holdings Limited
1633.HK,Sheung Yue Group Holdings Limited
1941.HK,Ye Xing Group Holdings Limited
0298.HK,Chuang's China Investments Limited
1362.HK,SiS Mobile Holdings Limited
1120.HK,Arts Optical International Holdings Limited
0922.HK,Anxian Yuan China Holdings Limited
0858.HK,Extrawell Pharmaceutical Holdings Limited
6663.HK,IWS Group Holdings Limited
1596.HK,Hebei Yichen Industrial Group Corporation Limited
6860.HK,FingerTango Inc.
2310.HK,Times Universal Group Holdings Limited
6133.HK,Vital Innovations Holdings Limited
8525.HK,Baiying Holdings Group Limited
1752.HK,Top Education Group Ltd
1058.HK,Namyue Holdings Limited
1637.HK,SH Group (Holdings) Limited
1796.HK,Metaspacex Limited
3390.HK,Tycoon Group Holdings Limited
1147.HK,Edensoft Holdings Limited
1125.HK,Lai Fung Holdings Limited
0974.HK,China Shun Ke Long Holdings Limited
2352.HK,Dowell Service Group Co. Limited
0721.HK,China Financial International Investments Limited
1182.HK,Success Dragon International Holdings Limited
1751.HK,AI Energy Engineering Holdings Limited
0510.HK,CASH Financial Services Group Limited
1843.HK,Snack Empire Holdings Limited
1987.HK,Beng Soon Machinery Holdings Limited
2779.HK,China Xinhua Education Group Limited
2260.HK,Vanov Holdings Company Limited
1769.HK,Scholar Education Group
0225.HK,Pokfulam Development Company Limited
3737.HK,Zhongzhi Pharmaceutical Holdings Limited
1826.HK,FDB Holdings Limited
2051.HK,Vala Inc.
9919.HK,Fujikon Industrial Holdings Limited
0110.HK,China Fortune Holdings Limited
1062.HK,China Development Bank International Investment Limited
0557.HK,China Tian Yuan Healthcare Group Limited
1215.HK,Kai Yuan Holdings Limited
2182.HK,Tian Chang Group Holdings Ltd.
1718.HK,Wan Kei Group Holdings Limited
2959.HK,Wan Kei Group Holdings Limited
0607.HK,Fullshare Holdings Limited
0989.HK,China Changbaishan International Holdings Limited
2369.HK,Coolpad Group Limited
0532.HK,Wong's Kong King International (Holdings) Limited
6163.HK,Gemilang International Limited
1939.HK,Shangshan Gold International Holdings Limited
1552.HK,BHCC Holding Limited
2326.HK,New Provenance Everlasting Holdings Limited
1460.HK,ICO Group Limited
8132.HK,Century Energy International Holdings Limited
1927.HK,Jiujiuwang Food International Limited
8316.HK,China Hongbao Holdings Limited
0092.HK,Champion Technology Holdings Limited
0789.HK,Artini Holdings Limited
0294.HK,Yangtzekiang Garment Limited
1446.HK,Hung Fook Tong Group Holdings Limited
1742.HK,HPC Holdings Limited
8023.HK,Kwong Man Kee Group Limited
1723.HK,Moon Inc.
1920.HK,Junwea Group (China) Company Limited
1582.HK,CR Construction Group Holdings Limited
2125.HK,Strawbear Entertainment Group
0438.HK,IRICO Group New Energy Company Limited
0476.HK,Ev Dynamics (Holdings) Limited
3997.HK,Telecom Service One Holdings Limited
1176.HK,Zhuguang Holdings Group Company Limited
6877.HK,Top Eminent Healthcare Group Limited
0063.HK,China Asia Valley Group Limited
2455.HK,Runhua Living Service Group Holdings Limited
1146.HK,Huicheng International Holdings Limited
0617.HK,Paliburg Holdings Limited
1975.HK,Sun Hing Printing Holdings Limited
1563.HK,Alliance International Education Leasing Holdings Limited
0844.HK,Greatime International Holdings Limited
8100.HK,Famous Tech International Holdings Limited
1689.HK,Huaxi Holdings Company Limited
9608.HK,Sundy Service Group Co. Ltd
0757.HK,Solargiga Energy Holdings Limited
0970.HK,New Sparkle Roll International Group Limited
0042.HK,Northeast Electric Development Company Limited
1930.HK,Shinelong Automotive Lightweight Application Limited
1080.HK,Shengli Oil & Gas Pipe Holdings Limited
2212.HK,Future Bright Mining Holdings Limited
0487.HK,Success Universe Group Limited
3830.HK,Kiddieland International Limited
1111.HK,Huashi Group Holdings Limited
1847.HK,YCIH Green High-Performance Concrete Company Limited
2320.HK,Hop Fung Group Holdings Limited
8029.HK,China Investment Financial Technology Group Limited
8426.HK,Modern Living Investments Holdings Limited
6033.HK,Telecom Digital Holdings Limited
1355.HK,Biosysen Limited
0969.HK,Hua Lien International (Holding) Company Limited
0928.HK,King International Investment Limited
1966.HK,China SCE Group Holdings Limited
0343.HK,Culturecom Holdings Limited
1897.HK,Million Hope Industries Holdings Limited
0271.HK,Asiasec Properties Limited
3398.HK,China Ting Group Holdings Limited
6162.HK,"China Tianrui Automotive Interiors Co., LTD"
8601.HK,Boltek Holdings Limited
0620.HK,DTXS Silk Road Investment Holdings Company Limited
0211.HK,Styland Holdings Limited
0104.HK,Asia Commercial Holdings Limited
8329.HK,Shenzhen Neptunus Interlong Bio-technique Company Limited
0417.HK,Tse Sui Luen Jewellery (International) Limited
8657.HK,True Partner Capital Holding Limited
8645.HK,Byte Metaverse Holdings Limited
0725.HK,Perennial International Limited
8080.HK,North Asia Strategic Holdings Limited
3883.HK,China Aoyuan Group Limited
1301.HK,D&G Technology Holding Company Limited
0876.HK,Qinghai Pharmaceutical Group Limited
1621.HK,Vico International Holdings Limited
1406.HK,Clarity Medical Group Holding Limited
0499.HK,Qingdao Holdings International Limited
3363.HK,Zhengye International Holdings Company Limited
8270.HK,China CBM Group Company Limited
1917.HK,Doumob
1957.HK,MBV International Limited
1870.HK,Green Power Group Limited
1408.HK,Macau E&M Holding Limited
1978.HK,LH Group Limited
1486.HK,C Cheng Holdings Limited
3699.HK,Everbright Grand China Assets Limited
0875.HK,Congyu Intelligent Agricultural Holdings Limited
0214.HK,Asia Orient Holdings Limited
8481.HK,Shenglong Splendecor International Limited
1708.HK,Nanjing Sample Technology Company Limited
2695.HK,"Impression Dahongpao Co., Ltd."
1312.HK,Kontafarma China Holdings Limited
0632.HK,CHK Oil Limited
2605.HK,MetaLight Inc.
1218.HK,Easyknit International Holdings Limited
1341.HK,Hao Tian International Construction Investment Group Limited
8047.HK,China Ocean Group Development Limited
8005.HK,Yuxing InfoTech Investment Holdings Limited
0660.HK,Wai Chun Bio-Technology Limited
1354.HK,"Xi'an Kingfar Property Services Co., Ltd."
2113.HK,Century Group International Holdings Limited
0643.HK,Carry Wealth Holdings Limited
1740.HK,Values Cultural Investment Limited
1690.HK,Lap Kei Engineering (Holdings) Limited
0387.HK,Leeport (Holdings) Limited
1547.HK,IBI Group Holdings Limited
0287.HK,Winfair Investment Company Limited
0180.HK,Kader Holdings Company Limited
2215.HK,Dexin Services Group Limited
0243.HK,QPL International Holdings Limited
8106.HK,"Xinhua Lande Scitech Co., Limited"
0380.HK,China Pipe Group Limited
0893.HK,China Vanadium Titano-Magnetite Mining Company Limited
1715.HK,AI Health Technology Limited
1427.HK,China Tianbao Group Development Company Limited
1895.HK,Xinyuan Property Management Service (Cayman) Ltd.
3395.HK,JX Energy Ltd.
8125.HK,RJVAN Holdings Limited
1628.HK,Yuzhou Group Holdings Company Limited
0605.HK,China Financial Services Holdings Limited
1775.HK,BExcellent Group Holdings Limited
8326.HK,Tonking New Energy Group Holdings Limited
0616.HK,Asset Chain Limited
0701.HK,CNT Group Limited
8406.HK,China Oral Industry Group Holdings Limited
8439.HK,Somerley Capital Holdings Limited
1059.HK,Kantone Holdings Limited
0188.HK,Sunwah Kingsway Capital Holdings Limited
1841.HK,A.Plus Group Holdings Limited
8205.HK,Shanghai Jiaoda Withub Information Industrial Company Limited
0234.HK,New Century Group Hong Kong Limited
3601.HK,360 Ludashi Holdings Limited
8040.HK,Coolpoint Innonism Holding Limited
2193.HK,Man King Holdings Limited
2772.HK,Zhongliang Holdings Group Company Limited
0375.HK,YGM Trading Limited
2078.HK,PanAsialum Holdings Company Limited
2086.HK,Leadway Technology Investment Group Limited
1496.HK,AP Rentals Holdings Limited
8501.HK,Sanbase Corporation Limited
0048.HK,China Automotive Interior Decoration Holdings Limited
1433.HK,Cirtek Holdings Limited
3366.HK,Overseas Chinese Town (Asia) Holdings Limited
0436.HK,New Universe Environmental Group Limited
3628.HK,RENHENG Enterprise Holdings Limited
6816.HK,Prosper Construction Holdings Limited
1737.HK,A & S Group (Holdings) Limited
1891.HK,Heng Hup Holdings Limited
8292.HK,VSING Limited
0118.HK,Cosmos Machinery Enterprises Limited
1305.HK,Wai Chi Holdings Company Limited
1915.HK,Yangzhou Guangling District Taihe Rural Micro-finance Company Limited
8646.HK,China Hongguang Holdings Limited
8368.HK,Creative China Holdings Limited
6913.HK,South China Vocational Education Group Company Limited
1620.HK,Cinese International Group Holdings Limited
1937.HK,JiaChen Holding Group Limited
6080.HK,Wing Chi Holdings Limited
1901.HK,Feiyang International Holdings Group Limited
0385.HK,Chinney Alliance Group Limited
0475.HK,Central Development Holdings Limited
0139.HK,Smart Fish Wealthlink Holdings Limited
2912.HK,"Fuguiniao Co., Ltd."
1145.HK,Courage Investment Group Limited
8073.HK,China Shuifa Singyes New Materials Holdings Limited
1759.HK,Sino Gas Holdings Group Limited
2080.HK,AUX International Holdings Limited
1123.HK,China-Hongkong Photo Products Holdings Limited
2012.HK,Sunshine Oilsands Ltd.
0077.HK,AMS Public Transport Holdings Limited
1105.HK,Sing Tao News Corporation Limited
1750.HK,REM Group (Holdings) Limited
0674.HK,China Tangshang Holdings Limited
8529.HK,UBoT Holding Limited
6968.HK,Ganglong China Property Group Limited
0185.HK,Zensun Enterprises Limited
1855.HK,ZONQING Environmental Limited
2168.HK,Kaisa Prosperity Holdings Limited
1206.HK,Technovator International Limited
8535.HK,Vistar Holdings Limited
0905.HK,Walnut Capital Limited
0718.HK,Tai United Holdings Limited
2699.HK,Xinming China Holdings Limited
0122.HK,Crocodile Garments Limited
1395.HK,ELL Environmental Holdings Limited
0401.HK,Wanjia Group Holdings Limited
0253.HK,Shun Ho Holdings Limited
8131.HK,Novatech Intelligence Limited
1498.HK,PuraPharm Corporation Limited
0500.HK,Frontier Services Group Limited
0733.HK,Hopefluent Group Holdings Limited
2266.HK,Lai Si Enterprise Holding Limited
6193.HK,Tailam Tech Construction Holdings Limited
9916.HK,Xingye Wulian Service Group Co. Ltd.
0442.HK,Domaine Power Holdings Limited
1156.HK,China New Energy Limited
0164.HK,China Baoli Technologies Holdings Limited
8668.HK,Ying Hai Group Holdings Company Limited
1163.HK,Adtiger Corporations Limited
1739.HK,Qeeka Home (Cayman) Inc.
2293.HK,Bamboos Health Care Holdings Limited
9600.HK,Newlink Technology Inc.
2459.HK,Sanergy Group Limited
1559.HK,Kwan On Holdings Limited
0759.HK,CEC International Holdings Limited
0330.HK,Esprit Holdings Limited
1323.HK,Huasheng International Holding Limited
1162.HK,Lumina Group Limited
0637.HK,Lee Kee Holdings Limited
1068.HK,China Yurun Food Group Limited
0094.HK,Greenheart Group Limited
1002.HK,V.S. International Group Limited
0126.HK,Carrianna Group Holdings Company Limited
3301.HK,Ronshine China Holdings Limited
0851.HK,Sheng Yuan Holdings Limited
8365.HK,Hatcher Group Limited
1343.HK,Wei Yuan Holdings Limited
1721.HK,FSM Holdings Limited
2393.HK,Yestar Healthcare Holdings Company Limited
6812.HK,Winson Holdings Hong Kong Limited
1281.HK,Xinda Investment Holdings Limited
0060.HK,Hong Kong Food Investment Holdings Limited
1636.HK,China Metal Resources Utilization Limited
8098.HK,CL Group (Holdings) Limited
1421.HK,Prosperity Group International Limited
1932.HK,CPM Group Limited
8483.HK,Max Sight Group Holdings Limited
2221.HK,New Concepts Holdings Limited
8107.HK,Ficus Technology Holdings Limited
6909.HK,BetterLife Holding Limited
0482.HK,Sandmartin International Holdings Limited
6068.HK,Wisdom Education International Holdings Company Limited
0983.HK,SOCAM Development Limited
2682.HK,Yun Lee Marine Group Holdings Limited
2307.HK,Kam Hing International Holdings Limited
0430.HK,Oriental Explorer Holdings Limited
0707.HK,Asia Television Holdings Limited
1393.HK,Hidili Industry International Development Limited
0684.HK,Allan International Holdings Limited
0947.HK,"MOBI Development Co., Ltd."
2122.HK,Kidsland International Holdings Limited
0889.HK,Datronix Holdings Limited
8066.HK,Phoenitron Holdings Limited
3332.HK,Nanjing Sinolife United Company Limited
6928.HK,TOMO Holdings Limited
8635.HK,Elephant Holdings Group Limited
0859.HK,Zhongchang International Holdings Group Limited
1871.HK,China Oriented International Holdings Limited
1991.HK,Ta Yang Group Holdings Limited
1239.HK,Teamway International Group Holdings Limited
1229.HK,Nan Nan Resources Enterprise Limited
0254.HK,National United Resources Holdings Limited
1616.HK,A Metaverse Company
2223.HK,Casablanca Group Limited
8295.HK,Kingwisoft Technology Group Company Limited
8237.HK,Link Holdings Limited
1663.HK,Sino Harbour Holdings Group Limited
1217.HK,China Innovation Investment Limited
1379.HK,Wenling Zhejiang Measuring and Cutting Tools Trading Centre Company Limited
0726.HK,DIT Group Limited
2188.HK,"China Titans Energy Technology Group Co., Limited"
1598.HK,China 21st Century Education Group Limited
6158.HK,Zhenro Properties Group Limited
8473.HK,Mi Ming Mart Holdings Limited
0058.HK,Sunway International Holdings Limited
0630.HK,AMCO United Holding Limited
0174.HK,Gemini Investments (Holdings) Limited
3708.HK,World Digital Economy Asset Group Limited
1047.HK,Ngai Hing Hong Company Limited
2593.HK,Herbs Generation Group Holdings Limited
0484.HK,Forgame Holdings Limited
1581.HK,Progressive Path Group Holdings Limited
1971.HK,Redsun Services Group Limited
1894.HK,Hang Yick Holdings Company Limited
0924.HK,Khoon Group Limited
2371.HK,Chuanglian Holdings Limited
6838.HK,Winox Holdings Limited
0379.HK,"China Ever Grand Financial Leasing Group Co., Ltd."
0540.HK,Speedy Global Holdings Limited
8360.HK,Basic House New Life Group Limited
1165.HK,Shunfeng International Clean Energy Limited
1655.HK,Okura Holdings Limited
0954.HK,Changmao Biochemical Engineering Company Limited
1741.HK,Shing Chi Holdings Limited
8186.HK,Honor Matrix Holdings Limited
0389.HK,China Tontine Wines Group Limited
0572.HK,Future World Holdings Limited
6999.HK,Leading Holdings Group Limited
1572.HK,China Art Financial Holdings Limited
8021.HK,WLS Holdings Limited
6918.HK,Jiutai Digital Technology Holdings Limited
0814.HK,Beijing Jingkelong Company Limited
6839.HK,"Yunnan Water Investment Co., Limited"
8480.HK,Furniweb Holdings Limited
0262.HK,Deson Development International Holdings Limited
8062.HK,EFT Solutions Holdings Limited
0832.HK,Central China Real Estate Limited
1388.HK,Embry Holdings Limited
1575.HK,Regal Partners Holdings Limited
0821.HK,Value Convergence Holdings Limited
1536.HK,Yuk Wing Group Holdings Limited
1160.HK,Goldstone Capital Group Limited
0328.HK,Alco Holdings Limited
1518.HK,New Century Healthcare Holding Co. Limited
1711.HK,Ulferts International Limited
3603.HK,"Xinji Shaxi Group Co., Ltd"
0356.HK,DT Capital Limited
0312.HK,Shirble Department Store Holdings (China) Limited
8372.HK,Grand Brilliance Group Holdings Limited
0223.HK,Elife Holdings Limited
0702.HK,Sino Oil and Gas Holdings Limited
2330.HK,China Uptown Group Company Limited
1549.HK,Ever Harvest Group Holdings Limited
1822.HK,"China Wood International Holding Co., Limited"
1134.HK,Kelfred Holdings Limited
1542.HK,"Taizhou Water Group Co., Ltd."
6988.HK,Joy Spreader Group Inc.
0794.HK,Come Sure Group (Holdings) Limited
2340.HK,ISP Holdings Limited
1220.HK,Zhidao International (Holdings) Limited
2882.HK,3DG Holdings (International) Limited
1351.HK,Bright Future Technology Holdings Limited
1968.HK,Hingtex Holdings Limited
1472.HK,Sang Hing Holdings (International) Limited
0075.HK,Y. T. Realty Group Limited
1949.HK,Platt Nera International Limited
1758.HK,Bojun Education Company Limited
6610.HK,Flowing Cloud Technology Ltd
8271.HK,Global Digital Creations Holdings Limited
8436.HK,Takbo Group Holdings Limited
1680.HK,Macau Legend Development Limited
6888.HK,Freetech Road Recycling Technology (Holdings) Limited
8160.HK,Goldway Education Group Limited
8411.HK,K W Nelson Interior Design and Contracting Group Limited
1803.HK,Beijing Sports and Entertainment Industry Group Limited
2908.HK,Beijing Sports and Entertainment Industry Group Limited
1181.HK,Tang Palace (China) Holdings Limited
0269.HK,China Resources and Transportation Group Limited
2913.HK,China Resources and Transportation Group Limited
1470.HK,Prosper One International Holdings Company Limited
8348.HK,Tianjin Binhai Teda Logistics (Group) Corporation Limited
2203.HK,Brainhole Technology Limited
1671.HK,"Tianjin Tianbao Energy Co., Ltd."
8007.HK,Global Strategic Group Limited
0456.HK,New City Development Group Limited
8460.HK,Basetrophy Group Holdings Limited
8031.HK,ETS Group Limited
1241.HK,Shuanghua Holdings Limited
1129.HK,China Water Industry Group Limited
1459.HK,"Jujiang Construction Group Co., Ltd."
3313.HK,ArtGo Holdings Limited
8516.HK,Zhong Ying International Group Limited
8659.HK,Yik Wo International Holdings Limited
8149.HK,Altus Holdings Limited
0776.HK,Imperium Technology Group Limited
1942.HK,MOG Digitech Holdings Limited
1235.HK,Travel Expert (Asia) Enterprises Limited
1722.HK,Kin Pang Holdings Limited
0007.HK,Wisdom Wealth Resources Investment Holding Group Limited
0948.HK,Alpha Professional Holdings Limited
0072.HK,Meta Media Holdings Limited
0764.HK,Eternity Investment Limited
0276.HK,Mongolia Energy Corporation Limited
8305.HK,Sheng Tang Holdings Limited
8213.HK,StarGlory Holdings Company Limited
8448.HK,Universe Printshop Holdings Limited
1850.HK,Beautiful Life Group Holdings Limited
1933.HK,OneForce Holdings Limited
8013.HK,ECI Technology Holdings Limited
3822.HK,Sam Woo Construction Group Limited
8156.HK,Sinopharm Tech Holdings Limited
8491.HK,Cool Link (Holdings) Limited
8128.HK,Sino Energy Conservation International Limited
1063.HK,Suncorp Technologies Limited
2903.HK,Suncorp Technologies Limited
9918.HK,Wise Ally International Holdings Limited
1771.HK,Sunfonda Group Holdings Limited
0120.HK,Cosmopolitan International Holdings Limited
1213.HK,Mobicon Group Limited
0115.HK,Grand Field Group Holdings Limited
0485.HK,China Sinostar Group Company Limited
0171.HK,Silver Grant International Holdings Group Limited
1452.HK,Denox Environmental & Technology Holdings Limited
1745.HK,Lvji Technology Holdings Inc.
0675.HK,K & P International Holdings Limited
1376.HK,Raffles Interior Limited
1546.HK,Thelloy Development Group Limited
0841.HK,Asia Cassava Resources Holdings Limited
0645.HK,Ares Asia Limited
2324.HK,Capital VC Limited
1101.HK,China Huarong Energy Company Limited
0840.HK,Xinjiang Tianye Water Saving Irrigation System Company Limited
1400.HK,Moody Technology Holdings Limited
0070.HK,Rich Goldman Holdings Limited
3878.HK,Vicon Holdings Limited
8311.HK,Perfect Optronics Limited
1338.HK,BaWang International (Group) Holding Limited
0181.HK,Fujian Holdings Limited
1013.HK,Wai Chun Group Holdings Limited
8168.HK,Amasse Capital Holdings Limited
0381.HK,AOM International Group Company Limited
1172.HK,Magnus Concordia Group Limited
0959.HK,Century Entertainment International Holdings Limited
6958.HK,Zhenro Services Group Limited
2900.HK,Lvji Technology Holdings Inc.
1629.HK,Champion Alliance International Holdings Limited
0403.HK,Starlite Holdings Limited
8043.HK,Atlinks Group Limited
0599.HK,E. Bon Holdings Limited
0397.HK,Minerva Group Holding Limited
8140.HK,BOSA Technology Holdings Limited
2022.HK,Digital Hollywood Interactive Limited
0747.HK,Shenyang Public Utility Holdings Company Limited
0911.HK,Qianhai Health Holdings Limited
1269.HK,China First Capital Group Limited
8379.HK,Prime Intelligence Solutions Group Limited
8223.HK,Ziyuanyuan Holdings Group Limited
8113.HK,V & V Technology Holdings Limited
0932.HK,Shunten International (Holdings) Limited
0036.HK,Far East Holdings International Limited
1233.HK,Times China Holdings Limited
0106.HK,Landsea Green Management Limited
8123.HK,Sinofortune Financial Holdings Limited
1000.HK,Beijing Media Corporation Limited
1039.HK,Changyou International Group Limited
0352.HK,Fortune Sun (China) Holdings Limited
8275.HK,China New Consumption Group Limited
1025.HK,KNT Holdings Limited
8143.HK,Good Fellow Healthcare Holdings Limited
1232.HK,Golden Wheel Tiandi Holdings Company Limited
3889.HK,Global Corn Group Limited
1967.HK,Confidence Intelligence Holdings Limited
8221.HK,Gaoyu Finance Group Limited
8547.HK,Pacific Legend Group Limited
8622.HK,Joyzyme Group Limited
8208.HK,Radiance Global Group Holdings Limited
8527.HK,JLogo Holdings Limited
0059.HK,Skyfame Realty (Holdings) Limited
8319.HK,Expert Systems Holdings Limited
1695.HK,S&P International Holding Limited
8219.HK,Hanvey Group Holdings Limited
8093.HK,Web3 Meta Limited
1676.HK,Gaodi Holdings Limited
0619.HK,South China Financial Holdings Limited
1738.HK,Feishang Anthracite Resources Limited
8362.HK,Winning Tower Group Holdings Limited
8495.HK,1957 & Co. (Hospitality) Limited
2246.HK,Gogox Holdings Limited
0703.HK,Future Bright Holdings Limited
8620.HK,Asia-express Logistics Holdings Limited
8028.HK,Timeless Resources Holdings Limited
8549.HK,Golden Leaf International Group Limited
8225.HK,China Health Group Inc.
0653.HK,Bonjour Holdings Limited
0899.HK,Zhong Jia Guo Xin Holdings Company Limited
8317.HK,Finet Group Limited
8172.HK,Lajin Entertainment Network Group Limited
0513.HK,Continental Holdings Limited
8490.HK,Niche-Tech Semiconductor Materials Limited
0313.HK,Richly Field China Development Limited
1259.HK,Prosperous Future Holdings Limited
0571.HK,eSun Holdings Limited
0518.HK,Tungtex (Holdings) Company Limited
0197.HK,Heng Tai Consumables Group Limited
0845.HK,Glorious Property Holdings Limited
1555.HK,MIE Holdings Corporation
1237.HK,China Environmental Technology and Bioenergy Holdings Limited
3321.HK,ZhongKe Group Holdings Limited
0183.HK,Winfull Group Holdings Limited
0923.HK,Integrated Waste Solutions Group Holdings Limited
8320.HK,Allied Sustainability and Environmental Consultants Group Limited
8537.HK,Chong Fai Jewellery Group Holdings Company Limited
2127.HK,Huisen Shares Group Limited
8057.HK,Madison Holdings Group Limited
8428.HK,CBK Holdings Limited
2728.HK,Jintai Energy Holdings Limited
8147.HK,Yunjing Digitech Group Limited
1647.HK,Grandshores Technology Group Limited
0125.HK,Sun Hing Vision Group Holdings Limited
1950.HK,Diwang Industrial Holdings Limited
2211.HK,Universal Health International Group Holding Limited
8039.HK,China Come Ride New Energy Group Limited
0145.HK,CCIAM Future Energy Limited
1150.HK,Milan Station Holdings Limited
0498.HK,Blue River Holdings Limited
0491.HK,Emperor Culture Group Limited
0736.HK,China Properties Investment Holdings Limited
8267.HK,"Linekong Interactive Group Co., Ltd."
1996.HK,Redsun Properties Group Limited
8033.HK,Vodatel Networks Holdings Limited
8400.HK,Asia Pioneer Entertainment Holdings Limited
3963.HK,China Rongzhong Financial Holdings Company Limited
1961.HK,Infinities Technology International (Cayman) Holding Limited
0076.HK,Elate Holdings Limited
3639.HK,Yida China Holdings Limited
8606.HK,Kinetix Systems Holdings Limited
8487.HK,ISP Global Limited
0871.HK,China Dredging Environment Protection Holdings Limited
8206.HK,Shentong Robot Education Group Company Limited
0483.HK,Bauhaus International (Holdings) Limited
8616.HK,Sunray Engineering Group Limited
8218.HK,Echo International Holdings Group Limited
1869.HK,Kafelaku Coffee Holding Limited
1253.HK,China Green Broad Ecological Technology Company Limited
8187.HK,Jimu Group Limited
0065.HK,Grand Ocean Advanced Resources Company Limited
1049.HK,Celestial Asia Securities Holdings Limited
1707.HK,Geotech Holdings Ltd.
0919.HK,Modern Healthcare Technology Holdings Limited
0084.HK,Stelux Holdings International Limited
1326.HK,Transmit Entertainment Limited
0834.HK,Shengrong Holding Ltd.
0310.HK,Prosperity Investment Holdings Limited
1413.HK,FEG Holdings Corporation Limited
1340.HK,Huisheng International Holdings Limited
8333.HK,Astrum Financial Holdings Limited
1701.HK,Tu Yi Holding Company Limited
1443.HK,Fulum Group Holdings Limited
0022.HK,Mexan Limited
0261.HK,GBA Holdings Limited
0810.HK,China Castson 81 Finance Company Limited
8446.HK,"Brightstar Technology Group Co., Ltd."
8577.HK,"Brightstar Technology Group Co., Ltd."
1004.HK,China Smarter Energy Group Holdings Limited
1884.HK,eprint Group Limited
0765.HK,Perfectech International Holdings Limited
8300.HK,Jin Mi Fang Group Holdings Limited
0559.HK,DeTai New Energy Group Limited
2358.HK,Jiu Rong Holdings Limited
8613.HK,Oriental Payment Group Holdings Limited
8241.HK,Ying Kee Tea House Group Limited
1315.HK,Green Economy Development Limited
8452.HK,"FY Financial (Shenzhen) Co., Ltd."
0712.HK,Comtec Solar Systems Group Limited
8118.HK,Zhongzi International Holdings Limited
8427.HK,WS-SK Target Group Limited
8051.HK,CircuTech International Holdings Limited
1591.HK,Shun Wo Group Holdings Limited
3666.HK,Shanghai XNG Holdings Limited
0760.HK,Talent Property Group Limited
1173.HK,Veeko International Holdings Limited
0913.HK,Harbour Digital Asset Capital Limited
0648.HK,SoftMedx Healthcare Limited
0984.HK,"AEON Stores (Hong Kong) Co., Limited"
8357.HK,Republic Healthcare Limited
2991.HK,Poly Xverse Intelligent Technology Co. Ltd
8377.HK,Harbour Equine Holdings Limited
8201.HK,PPS International (Holdings) Limited
8290.HK,Ahsay Backup Software Development Company Limited
0915.HK,Daohe Global Group Limited
8081.HK,Baijuyi Holdings Group Limited
0864.HK,Wing Lee Property Investments Limited
8200.HK,Sau San Tong Holdings Limited
0333.HK,Top Form International Limited
8067.HK,Oriental University City Holdings (H.K.) Limited
8158.HK,China Regenerative Medicine International Limited
8268.HK,Smart City Development Holdings Limited
8451.HK,Sunlight (1977) Holdings Limited
9958.HK,Litian Pictures Holdings Limited
0444.HK,Sincere Watch (Hong Kong) Limited
1965.HK,Landsea Green Life Service Company Limited
0348.HK,China Healthwise Holdings Limited
8042.HK,KOS International Talent Group Limited
8139.HK,"Zhejiang Chang'an Renheng Technology Co., Ltd."
1749.HK,"Shanshan Brand Management Co., Ltd."
2135.HK,Raily Aesthetic Medicine International Holdings Limited
8308.HK,Gudou Holdings Limited
8413.HK,Asia Grocery Distribution Limited
3728.HK,Ching Lee Holdings Limited
8447.HK,MS Concept Limited
0888.HK,BlockFin Holdings Limited
8065.HK,KML Technology Group Limited
0910.HK,China Sandi Holdings Limited
8191.HK,Hong Wei (Asia) Holdings Company Limited
8416.HK,HM International Holdings Limited
2112.HK,Grace Life-tech Holdings Limited
8096.HK,Tasty Concepts Holding Limited
8627.HK,Orange Tour Cultural Holding Limited
8489.HK,Grand Power Logistics Group Limited
1225.HK,Lerado Financial Group Company Limited
1792.HK,CMON Limited
8072.HK,Langu Company Limited
0372.HK,PT International Development Corporation Limited
2088.HK,Xiwang Property Holdings Company Limited
1561.HK,Pan Asia Data Holdings Inc.
0907.HK,Elegance Optical International Holdings Limited
8203.HK,Kaisun Holdings Limited
0332.HK,Yuan Heng Gas Holdings Limited
0657.HK,G-Vision International (Holdings) Limited
8232.HK,THAC Group (Holdings) Limited
8313.HK,ZACD Group Ltd.
2363.HK,Tongda Hong Tai Holdings Limited
8196.HK,Futian Holdings Limited
8297.HK,Ocean Star Technology Group Limited
8445.HK,Noble Engineering Group Holdings Limited
8181.HK,Kong Shum Smart Management Group (Holdings) Limited
8020.HK,Unitas Holdings Limited
0248.HK,HKC International Holdings Limited
0515.HK,China Silver Technology Holdings Limited
0309.HK,Xinhua News Media Holdings Limited
8283.HK,Zhongshi Minan Holdings Limited
1632.HK,Minshang Creative Technology Holdings Limited
8307.HK,Medicskin Holdings Limited
8456.HK,Mansion International Holdings Limited
8280.HK,China Digital Video Holdings Limited
8082.HK,Qing Hua Holding Group Company Limited
0426.HK,One Media Group Limited
6128.HK,Graphex Group Limited
8152.HK,M&L Holdings Group Limited
0130.HK,Moiselle International Holdings Limited
2195.HK,Unity Enterprise Holdings Limited
0755.HK,DevGreat Group Limited
0768.HK,UBA Investments Limited
8238.HK,Jiufang Digital Technology Holdings Limited
0471.HK,Silkwave Inc
2288.HK,Rykadan Capital Limited
8536.HK,TL Natural Gas Holdings Limited
0602.HK,Jiahua Stores Holdings Limited
8526.HK,Wing Fung Group Asia Limited
1064.HK,Zhong Hua International Holdings Limited
8036.HK,eBroker Group Limited
1124.HK,Coastal Greenland Limited
8226.HK,KOALA Financial Group Limited
0544.HK,Daido Group Limited
8262.HK,Super Strong Holdings Limited
6108.HK,New Ray Medicine International Holding Limited
0162.HK,Century Ginwa Retail Holdings Limited
0193.HK,Capital Estate Limited
8309.HK,Man Shing Global Holdings Limited
1703.HK,Easyhold Group Holdings Limited
0138.HK,CCT Fortis Holdings Limited
8545.HK,Amuse Group Holding Limited
0682.HK,Chaoda Modern Agriculture (Holdings) Limited
8462.HK,Omnibridge Holdings Limited
1842.HK,Grown Up Group Investment Holdings Limited
8392.HK,Satu Holdings Limited
2147.HK,Zhengwei Group Holdings Company Limited
8432.HK,Bar Pacific Group Holdings Limited
2433.HK,Zhongtian Construction (Hunan) Group Limited
1849.HK,AM Group Holdings Limited
8210.HK,DLC Asia Limited
8117.HK,China Primary Energy Holdings Limited
8500.HK,Icon Culture Global Company Limited
0601.HK,Rare Earth Magnesium Technology Group Holdings Limited
8163.HK,NOIZ Group Limited
0646.HK,China Environmental Technology Holdings Limited
0704.HK,Huscoke Holdings Limited
8282.HK,Gameone Holdings Limited
8035.HK,Janco Holdings Limited
8331.HK,P.B. Group Limited
8245.HK,Canopy SkyFire Group Limited
0079.HK,Century Legend (Holdings) Limited
1802.HK,Wenye Group Holdings Limited
8417.HK,Dadi Education Holdings Limited
8130.HK,Dadi International Group Limited
1107.HK,"Modern Land (China) Co., Limited"
0986.HK,Dufu Liquor Group Limited
8341.HK,Aeso Holding Limited
8425.HK,Hing Ming Holdings Limited
8402.HK,Plateau Treasures Limited
8136.HK,IMS Group Holdings Limited
0055.HK,Neway Group Holdings Limited
8340.HK,Zijing International Financial Holdings Limited
8510.HK,Top Standard Corporation
8422.HK,WT Group Holdings Limited
8423.HK,Chi Ho Development Holdings Limited
8092.HK,ITE (Holdings) Limited
6878.HK,Differ Group Auto Limited
1195.HK,Kingwell Group Limited
3683.HK,Great Harvest Maeta Holdings Limited
8619.HK,NIU Holdings Limited
8111.HK,China Technology Industry Group Limited
8612.HK,World Super Holdings Limited
0274.HK,Renaissance Asia Silk Road Group Limited
8006.HK,Sino Splendid Holdings Limited
2048.HK,E-House (China) Enterprise Holdings Limited
8178.HK,China Information Technology Development Limited
8315.HK,Century Plaza Hotel Group
8366.HK,Zhejiang United Investment Holdings Group Limited
8412.HK,New Amante Group Limited
8286.HK,Shanxi Changcheng Microlight Equipment Co. Ltd.
8249.HK,Zhejiang RuiYuan Intelligent Control Technology Company Limited
8472.HK,Lapco Holdings Limited
0428.HK,Cocoon Holdings Limited
8060.HK,Global Link Communications Holdings Limited
1069.HK,China Health Technology Group Holding Company Limited
8621.HK,Metropolis Capital Holdings Limited
6611.HK,Sanxun Holdings Group Limited
8373.HK,Indigo Star Holdings Limited
8337.HK,Directel Holdings Limited
8217.HK,"Ju Fu Tang Biotech Holdings Co., Ltd"
8420.HK,Nexion Technologies Limited
8419.HK,AV Promotions Holdings Limited
8153.HK,Jiading International Group Holdings Ltd
8027.HK,KPM Holding Limited
1166.HK,Solartech International Holdings Limited
2110.HK,Tian Cheng Holdings Limited
8112.HK,Cornerstone Financial Holdings Limited
1889.HK,Sanai Health Industry Group Company Limited
8193.HK,Asia-Pac Financial Investment Company Limited
8159.HK,China United Venture Investment Limited
0574.HK,Pa Shun International Holdings Limited
8173.HK,Hephaestus Holdings Limited
0176.HK,Superactive Group Company Limited
8250.HK,Du Du Holdings Limited
8056.HK,Life Concepts Holdings Limited
8519.HK,XinXiang Era Group Company Limited
2608.HK,Sunshine 100 China Holdings Ltd
0073.HK,Asian Citrus Holdings Limited
8552.HK,China Saftower International Holding Group Limited
8623.HK,China Saftower International Holding Group Limited
8222.HK,E Lighting Group Holdings Limited
8091.HK,OOH Holdings Limited
0061.HK,Green Leader Holdings Group Limited
8513.HK,MaxWin International Holdings Limited
1862.HK,Jingrui Holdings Limited
8511.HK,Min Fu International Holding Limited
8019.HK,Hao Wen Holdings Limited
8277.HK,Steed Oriental (Holdings) Company Limited
8482.HK,Wan Leader International Limited
8285.HK,Sling Group Holdings Limited
8169.HK,Eco-Tek Holdings Limited
8429.HK,SV Vision Limited
8052.HK,Luk Hing Entertainment Group Holdings Limited
0204.HK,Capital Realm Financial Holdings Group Limited
8076.HK,Sing Lee Software (Group) Limited
8003.HK,Great World Company Holdings Ltd
2738.HK,Huajin International Holdings Limited
8455.HK,Lai Group Holding Company Limited
8079.HK,LIT Life Holdings Limited
8356.HK,Tsun Yip Holdings Limited
8293.HK,SingAsia Holdings Limited
8471.HK,Reach New Holdings Limited
0997.HK,Chinlink International Holdings Limited
8401.HK,Hua Xia Water Group Limited
3919.HK,Golden Power Group Holdings Limited
8631.HK,Sun Kong Holdings Limited
0362.HK,China Zenith Chemical Group Limited
8018.HK,Finsoft Financial Investment Holdings Limited
8161.HK,MediNet Group Limited
0509.HK,Century Sunshine Group Holdings Limited
8059.HK,Glory Flame Holdings Limited
8179.HK,Palinda Group Holdings Limited
2231.HK,JY Grandmark Holdings Limited
6189.HK,Guangdong Adway Construction (Group) Holdings Company Limited
1736.HK,China Parenting Network Holdings Limited
1371.HK,China Ecotourism Group Limited
8367.HK,Simplicity Holding Limited
8437.HK,RMH Holdings Limited
8176.HK,SuperRobotics Holdings Limited
8103.HK,hmvod Limited
8069.HK,Flydoo Technology Holding Limited
8347.HK,F8 Enterprises (Holdings) Group Limited
1010.HK,Sky Blue 11 Company Limited
8296.HK,Sino-Life Group Limited
8430.HK,C&N Holdings Limited
1007.HK,Longhui International Holdings Limited
8291.HK,Hong Kong Entertainment International Holdings Limited
8133.HK,Jisheng Group Holdings Limited
0299.HK,Glory Sun Land Group Limited
8121.HK,Guoen Holdings Limited
8496.HK,Global Uin Intelligence Holdings Limited
8493.HK,Scorching Dragon Holdings Limited
8385.HK,Prosperous Printing Company Limited
8532.HK,Polyfair Holdings Limited
8475.HK,"E-Station Green Technology Group Co., Limited"
8363.HK,SDM Education Group Holdings Limited
