Ticker,Company
NVDA,NVIDIA Corporation
AAPL,Apple Inc.
GOOGL,Alphabet Inc.
GOOG,Alphabet Inc.
MSFT,Microsoft Corporation
AMZN,"Amazon.com, Inc."
SPCX,Space Exploration Technologies Corp.
AVGO,Broadcom Inc.
META,"Meta Platforms, Inc."
TSLA,"Tesla, Inc."
MU,"Micron Technology, Inc."
SKHY,SK hynix Inc.
WMT,Walmart Inc.
AMD,"Advanced Micro Devices, Inc."
ASML,ASML Holding N.V.
INTC,Intel Corporation
CSCO,"Cisco Systems, Inc."
PLTR,Palantir Technologies Inc.
COST,Costco Wholesale Corporation
LRCX,Lam Research Corporation
AMAT,"Applied Materials, Inc."
NFLX,"Netflix, Inc."
PANW,"Palo Alto Networks, Inc."
ARM,Arm Holdings plc
KLAC,KLA Corporation
TXN,Texas Instruments Incorporated
AMGN,Amgen Inc.
LIN,Linde plc
SNDK,Sandisk Corporation
MRVL,"Marvell Technology, Inc."
PEP,"PepsiCo, Inc."
SHOP,Shopify Inc.
TMUS,"T-Mobile US, Inc."
CRWD,"CrowdStrike Holdings, Inc."
STX,Seagate Technology Holdings plc
GILD,"Gilead Sciences, Inc."
ADI,"Analog Devices, Inc."
QCOM,QUALCOMM Incorporated
WDC,Western Digital Corporation
BKNG,Booking Holdings Inc.
VRTX,Vertex Pharmaceuticals Incorporated
ISRG,"Intuitive Surgical, Inc."
SBUX,Starbucks Corporation
PDD,PDD Holdings Inc.
FTNT,"Fortinet, Inc."
ADP,"Automatic Data Processing, Inc."
ABNB,"Airbnb, Inc."
SNY,Sanofi
ADBE,Adobe Inc.
EQIX,"Equinix, Inc."
APP,AppLovin Corporation
DASH,"DoorDash, Inc."
CME,CME Group Inc.
CEG,Constellation Energy Corporation
MELI,"MercadoLibre, Inc."
HOOD,"Robinhood Markets, Inc."
CMCSA,Comcast Corporation
CSX,CSX Corporation
INTU,Intuit Inc.
MNST,Monster Beverage Corporation
MAR,"Marriott International, Inc."
CDNS,"Cadence Design Systems, Inc."
LITE,Lumentum Holdings Inc.
CTAS,Cintas Corporation
DDOG,"Datadog, Inc."
REGN,"Regeneron Pharmaceuticals, Inc."
MDLZ,"Mondelez International, Inc."
NTES,"NetEase, Inc."
SNPS,"Synopsys, Inc."
ROST,"Ross Stores, Inc."
ORLY,"O'Reilly Automotive, Inc."
WBD,"Warner Bros. Discovery, Inc."
HON,Honeywell International Inc.
PCAR,PACCAR Inc
AEP,"American Electric Power Company, Inc."
ARGX,argenx SE
MPWR,"Monolithic Power Systems, Inc."
BKR,Baker Hughes Company
MRNA,"Moderna, Inc."
FAST,Fastenal Company
NBIS,Nebius Group N.V.
TER,"Teradyne, Inc."
NXPI,NXP Semiconductors N.V.
FANG,"Diamondback Energy, Inc."
NDAQ,"Nasdaq, Inc."
ADSK,"Autodesk, Inc."
PYPL,"PayPal Holdings, Inc."
HONA,Honeywell Aerospace Inc.
ALAB,"Astera Labs, Inc."
AXON,"Axon Enterprise, Inc."
NTRA,"Natera, Inc."
CCEP,Coca-Cola Europacific Partners PLC
CRWV,"CoreWeave, Inc."
XEL,Xcel Energy Inc.
COIN,"Coinbase Global, Inc."
MSTR,Strategy Inc
WDAY,"Workday, Inc."
EBAY,eBay Inc.
RVMD,"Revolution Medicines, Inc."
EXC,Exelon Corporation
MDLN,Medline Inc.
PAYX,"Paychex, Inc."
TRI,Thomson Reuters Corporation
IBKR,"Interactive Brokers Group, Inc."
KDP,Keurig Dr Pepper Inc.
TTWO,"Take-Two Interactive Software, Inc."
IDXX,"IDEXX Laboratories, Inc."
CBRS,Cerebras Systems Inc.
FER,Ferrovial N.V.
ONC,BeOne Medicines AG
TEAM,Atlassian Corporation
CRDO,Credo Technology Group Holding Ltd
ODFL,"Old Dominion Freight Line, Inc."
FLEX,Flex Ltd.
ROP,"Roper Technologies, Inc."
MCHP,Microchip Technology Incorporated
EXPE,"Expedia Group, Inc."
RKLB,Rocket Lab Corporation
JD,"JD.com, Inc."
NTAP,"NetApp, Inc."
UAL,"United Airlines Holdings, Inc."
VOD,Vodafone Group Public Limited Company
KMB,Kimberly-Clark Corporation
RPRX,Royalty Pharma plc
RYAAY,Ryanair Holdings plc
HBAN,Huntington Bancshares Incorporated
NTRS,Northern Trust Corporation
ACGL,Arch Capital Group Ltd.
ILMN,"Illumina, Inc."
STLD,"Steel Dynamics, Inc."
ESLT,Elbit Systems Ltd.
DXCM,"DexCom, Inc."
GEHC,GE HealthCare Technologies Inc.
ERIC,Telefonaktiebolaget LM Ericsson (publ)
MDB,"MongoDB, Inc."
BIIB,Biogen Inc.
ALNY,"Alnylam Pharmaceuticals, Inc."
WTW,Willis Towers Watson Public Limited Company
BIDU,"Baidu, Inc."
CPRT,"Copart, Inc."
CASY,"Casey's General Stores, Inc."
KHC,The Kraft Heinz Company
FOXA,Fox Corporation
ON,ON Semiconductor Corporation
TCOM,Trip.com Group Limited
LPLA,LPL Financial Holdings Inc.
BNTX,BioNTech SE
CTSH,Cognizant Technology Solutions Corporation
FISV,"Fiserv, Inc."
FOX,Fox Corporation
ZS,"Zscaler, Inc."
ZM,"Zoom Communications, Inc."
INSM,Insmed Incorporated
ROIV,Roivant Sciences Ltd.
VRSN,"VeriSign, Inc."
CINF,Cincinnati Financial Corporation
INCY,Incyte Corporation
FWONK,Formula One Group
AFRM,"Affirm Holdings, Inc."
BSP,Bending Spoons S.p.A.
DLTR,"Dollar Tree, Inc."
CHTR,"Charter Communications, Inc."
TW,Tradeweb Markets Inc.
GFS,GLOBALFOUNDRIES Inc.
TSEM,Tower Semiconductor Ltd.
ECHO,EchoStar Corporation
JBHT,"J.B. Hunt Transport Services, Inc."
FCNCA,"First Citizens BancShares, Inc."
SYM,Symbotic Inc.
VRSK,"Verisk Analytics, Inc."
SOFI,"SoFi Technologies, Inc."
SMCI,"Super Micro Computer, Inc."
PFG,"Principal Financial Group, Inc."
TROW,"T. Rowe Price Group, Inc."
RIVN,"Rivian Automotive, Inc."
ROKU,"Roku, Inc."
OKTA,"Okta, Inc."
ULTA,"Ulta Beauty, Inc."
ASTS,"AST SpaceMobile, Inc."
GH,"Guardant Health, Inc."
FFIV,"F5, Inc."
RGLD,"Royal Gold, Inc."
FWONA,Formula One Group
ARXS,"Arxis, Inc."
EXE,Expand Energy Corporation
UTHR,United Therapeutics Corporation
FSLR,"First Solar, Inc."
ENTG,"Entegris, Inc."
MTSI,"MACOM Technology Solutions Holdings, Inc."
FTAI,FTAI Aviation Ltd.
KSPI,Joint Stock Company Kaspi.kz
WWD,"Woodward, Inc."
TPG,TPG Inc.
GMAB,Genmab A/S
SBAC,SBA Communications Corporation
SSNC,"SS&C Technologies Holdings, Inc."
VTRS,Viatris Inc.
EVRG,"Evergy, Inc."
NDSN,Nordson Corporation
MKSI,MKS Inc.
TSCO,Tractor Supply Company
PAA,"Plains All American Pipeline, L.P."
SITM,SiTime Corporation
EWBC,"East West Bancorp, Inc."
LNT,Alliant Energy Corporation
FUTU,Futu Holdings Limited
GEN,Gen Digital Inc.
CHRW,"C.H. Robinson Worldwide, Inc."
CDW,CDW Corporation
NTNX,"Nutanix, Inc."
NWS,News Corporation
INIO,Innio N.V.
CG,The Carlyle Group Inc.
MEDP,"Medpace Holdings, Inc."
ZBRA,Zebra Technologies Corporation
LSCC,Lattice Semiconductor Corporation
NWSA,News Corporation
PTC,PTC Inc.
ASND,Ascendis Pharma A/S
JAZZ,Jazz Pharmaceuticals plc
TIGO,Millicom International Cellular S.A.
NBIX,"Neurocrine Biosciences, Inc."
VNOM,"Viper Energy, Inc."
LECO,"Lincoln Electric Holdings, Inc."
HST,"Host Hotels & Resorts, Inc."
AKAM,"Akamai Technologies, Inc."
BBIO,"BridgeBio Pharma, Inc."
LAMR,Lamar Advertising Company
STRL,"Sterling Infrastructure, Inc."
HTHT,H World Group Limited
GRAB,Grab Holdings Limited
TLN,Talen Energy Corporation
WMG,Warner Music Group Corp.
APA,APA Corporation
ARCC,Ares Capital Corporation
REG,Regency Centers Corporation
FIVE,"Five Below, Inc."
LOGI,Logitech International S.A.
COO,"The Cooper Companies, Inc."
IREN,IREN Limited
QNT,Quantinuum Inc.
TRMB,Trimble Inc.
EXEL,"Exelixis, Inc."
HAS,"Hasbro, Inc."
WSE,Wise Group plc
ERIE,Erie Indemnity Company
TXRH,"Texas Roadhouse, Inc."
SEIC,SEI Investments Company
NXT,Nextpower Inc.
LULU,lululemon athletica inc.
IESC,"IES Holdings, Inc."
CHKP,Check Point Software Technologies Ltd.
SMTC,Semtech Corporation
ICLR,ICON Public Limited Company
CSGP,"CoStar Group, Inc."
CORT,Corcept Therapeutics Incorporated
COKE,"Coca-Cola Consolidated, Inc."
TTMI,"TTM Technologies, Inc."
AGNC,AGNC Investment Corp.
AGNCM,AGNC Investment Corp.
BTSG,"BrightSpring Health Services, Inc."
GLPI,"Gaming and Leisure Properties, Inc."
BMRN,BioMarin Pharmaceutical Inc.
ARWR,"Arrowhead Pharmaceuticals, Inc."
MANH,"Manhattan Associates, Inc."
CHYM,"Chime Financial, Inc."
MDGL,"Madrigal Pharmaceuticals, Inc."
TEM,"Tempus AI, Inc."
DKNG,DraftKings Inc.
JKHY,"Jack Henry & Associates, Inc."
HALO,"Halozyme Therapeutics, Inc."
PSKY,Paramount Skydance Corporation
AMKR,"Amkor Technology, Inc."
LI,Li Auto Inc.
CART,Maplebear Inc.
NVMI,Nova Ltd.
AUR,"Aurora Innovation, Inc."
BSY,"Bentley Systems, Incorporated"
FROG,JFrog Ltd.
DPZ,"Domino's Pizza, Inc."
SMMT,Summit Therapeutics Inc.
TECH,Bio-Techne Corporation
AEIS,"Advanced Energy Industries, Inc."
DOCU,"DocuSign, Inc."
ALGN,"Align Technology, Inc."
CYTK,"Cytokinetics, Incorporated"
ENLT,Enlight Renewable Energy Ltd
ABVX,ABIVAX Société Anonyme
UMBF,UMB Financial Corporation
FRHC,Freedom Holding Corp.
AXSM,"Axsome Therapeutics, Inc."
BPOP,"Popular, Inc."
KRYS,"Krystal Biotech, Inc."
SANM,Sanmina Corporation
LFUS,"Littelfuse, Inc."
GSAT,"Globalstar, Inc."
PAYP,PayPay Corporation
PRAX,"Praxis Precision Medicines, Inc."
IONS,"Ionis Pharmaceuticals, Inc."
HUT,Hut 8 Corp.
KYMR,"Kymera Therapeutics, Inc."
ENSG,"The Ensign Group, Inc."
CGNX,Cognex Corporation
SAIL,"SailPoint, Inc."
WTFC,Wintrust Financial Corporation
LINE,"Lineage, Inc."
DRS,"Leonardo DRS, Inc."
APGE,"Apogee Therapeutics, Inc."
RGEN,Repligen Corporation
HSIC,"Henry Schein, Inc."
SWKS,"Skyworks Solutions, Inc."
ZION,"Zions Bancorporation, National Association"
PODD,Insulet Corporation
KTOS,"Kratos Defense & Security Solutions, Inc."
ONB,Old National Bancorp
WYNN,"Wynn Resorts, Limited"
VSAT,"Viasat, Inc."
PTGX,"Protagonist Therapeutics, Inc."
RMBS,Rambus Inc.
LLYVK,"Liberty Live Holdings, Inc."
AAOI,"Applied Optoelectronics, Inc."
MTCH,"Match Group, Inc."
GLXY,Galaxy Digital Inc.
SIRI,Sirius XM Holdings Inc.
VIAV,Viavi Solutions Inc.
FCFS,"FirstCash Holdings, Inc."
TWST,Twist Bioscience Corporation
TTEK,"Tetra Tech, Inc."
SAIA,"Saia, Inc."
AAL,American Airlines Group Inc.
VICR,Vicor Corporation
PCVX,"Vaxcyte, Inc."
IMVT,"Immunovant, Inc."
XP,XP Inc.
CRNX,"Crinetics Pharmaceuticals, Inc."
SOLS,"Solstice Advanced Materials, Inc."
SIMO,Silicon Motion Technology Corporation
CELH,"Celsius Holdings, Inc."
IDCC,"InterDigital, Inc."
TTAN,"ServiceTitan, Inc."
IBRX,"ImmunityBio, Inc."
HQY,"HealthEquity, Inc."
BRKR,Bruker Corporation
COLB,"Columbia Banking System, Inc."
SFD,"Smithfield Foods, Inc."
FORM,"FormFactor, Inc."
BZ,Kanzhun Limited
BOKF,BOK Financial Corporation
QRVO,"Qorvo, Inc."
CBSH,"Commerce Bancshares, Inc."
TXG,"10x Genomics, Inc."
SNEX,StoneX Group Inc.
FIGR,"Figure Technology Solutions, Inc."
SYRE,"Spyre Therapeutics, Inc."
ALKS,Alkermes plc
SFM,"Sprouts Farmers Market, Inc."
ZG,"Zillow Group, Inc."
CAE,CAE Inc.
PCTY,Paylocity Holding Corporation
MORN,"Morningstar, Inc."
WULF,TeraWulf Inc.
Z,"Zillow Group, Inc."
APPF,"AppFolio, Inc."
APLD,Applied Digital Corporation
TGTX,"TG Therapeutics, Inc."
VLY,Valley National Bancorp
SSRM,SSR Mining Inc.
CBC,"Central Bancompany, Inc."
RIOT,"Riot Platforms, Inc."
RYTM,"Rhythm Pharmaceuticals, Inc."
CHRD,Chord Energy Corporation
LLYVA,"Liberty Live Holdings, Inc."
CAI,"Caris Life Sciences, Inc."
DBX,"Dropbox, Inc."
AUGO,Aura Minerals Inc.
GGAL,Grupo Financiero Galicia S.A.
NAVN,"Navan, Inc."
PPC,Pilgrim's Pride Corporation
VCTR,"Victory Capital Holdings, Inc."
XE,"X-Energy, Inc."
AVT,"Avnet, Inc."
AVAV,"AeroVironment, Inc."
SRRK,Scholar Rock Holding Corporation
SLAB,Silicon Laboratories Inc.
MBLY,Mobileye Global Inc.
VFS,VinFast Auto Ltd.
URBN,"Urban Outfitters, Inc."
GRFS,"Grifols, S.A."
POWL,"Powell Industries, Inc."
GTLB,GitLab Inc.
CGON,"CG Oncology, Inc."
CPB,The Campbell's Company
ALGM,"Allegro MicroSystems, Inc."
POOL,Pool Corporation
ACT,"Enact Holdings, Inc."
BILI,Bilibili Inc.
ERAS,"Erasca, Inc."
CIFR,Cipher Digital Inc.
DSGX,The Descartes Systems Group Inc.
CAMT,Camtek Ltd.
DUOL,"Duolingo, Inc."
ORKA,"Oruka Therapeutics, Inc."
LYFT,"Lyft, Inc."
LNTH,"Lantheus Holdings, Inc."
AAON,"AAON, Inc."
GLBE,Global-E Online Ltd.
PAGP,"Plains GP Holdings, L.P."
MAAS,Maase Inc.
GDS,GDS Holdings Limited
QBTS,D-Wave Quantum Inc.
PLXS,Plexus Corp.
LKQ,LKQ Corporation
ROAD,"Construction Partners, Inc."
DOX,Amdocs Limited
UBSI,"United Bankshares, Inc."
MIRM,"Mirum Pharmaceuticals, Inc."
LQDA,Liquidia Corporation
COGT,"Cogent Biosciences, Inc."
VSEC,VSE Corporation
TVTX,"Travere Therapeutics, Inc."
BLTE,"Belite Bio, Inc"
WFRD,Weatherford International plc
FSV,FirstService Corporation
AMRX,"Amneal Pharmaceuticals, Inc."
LGN,Legence Corp.
DNTH,"Dianthus Therapeutics, Inc."
XENE,Xenon Pharmaceuticals Inc.
LSTR,"Landstar System, Inc."
CACC,Credit Acceptance Corporation
KNSA,"Kiniksa Pharmaceuticals International, plc"
TTD,"The Trade Desk, Inc."
QLYS,"Qualys, Inc."
CHDN,Churchill Downs Incorporated
PTCT,"PTC Therapeutics, Inc."
STEP,StepStone Group Inc.
CZR,"Caesars Entertainment, Inc."
HWC,Hancock Whitney Corporation
RDNT,"RadNet, Inc."
RUSHA,"Rush Enterprises, Inc."
RUSHB,"Rush Enterprises, Inc."
CWST,"Casella Waste Systems, Inc."
RRR,"Red Rock Resorts, Inc."
CROX,"Crocs, Inc."
NICE,NICE Ltd.
DFTX,"Definium Therapeutics, Inc."
HLNE,Hamilton Lane Incorporated
OTEX,Open Text Corporation
FTDR,"Frontdoor, Inc."
CAKE,The Cheesecake Factory Incorporated
LGND,Ligand Pharmaceuticals Incorporated
MWH,"SOLV Energy, Inc."
BCPC,Balchem Corporation
CRSP,CRISPR Therapeutics AG
MKTX,MarketAxess Holdings Inc.
NXST,"Nexstar Media Group, Inc."
MXL,"MaxLinear, Inc."
EXLS,"ExlService Holdings, Inc."
BGC,"BGC Group, Inc."
NTSK,"Netskope, Inc."
PECO,"Phillips Edison & Company, Inc."
CORZ,"Core Scientific, Inc."
SHC,Sotera Health Company
CVLT,"Commvault Systems, Inc."
MMYT,MakeMyTrip Limited
PEGA,Pegasystems Inc.
CRUS,"Cirrus Logic, Inc."
ACMR,"ACM Research, Inc."
SIGI,"Selective Insurance Group, Inc."
MMED,"MiniMed Group, Inc."
VSNT,"Versant Media Group, Inc."
RELY,"Remitly Global, Inc."
NOVT,Novanta Inc.
MMSI,"Merit Medical Systems, Inc."
MRCY,"Mercury Systems, Inc."
OZK,Bank OZK
SAIC,Science Applications International Corporation
SBRA,"Sabra Health Care REIT, Inc."
ACIW,"ACI Worldwide, Inc."
LAUR,"Laureate Education, Inc."
CIGI,Colliers International Group Inc.
RGTI,"Rigetti Computing, Inc."
PSMT,"PriceSmart, Inc."
ALM,Almonty Industries Inc.
GLNG,Golar LNG Limited
MIDD,The Middleby Corporation
MRX,Marex Group Limited
REYN,Reynolds Consumer Products Inc.
ACAD,ACADIA Pharmaceuticals Inc.
CAR,"Avis Budget Group, Inc."
ENPH,"Enphase Energy, Inc."
XMTR,"Xometry, Inc."
GTX,Garrett Motion Inc.
SLM,SLM Corporation
GNTX,Gentex Corporation
IRDM,Iridium Communications Inc.
TFSL,TFS Financial Corporation
OCTV,Octave Intelligence plc
OMAB,"Grupo Aeroportuario del Centro Norte, S.A.B. de C.V."
DYN,"Dyne Therapeutics, Inc."
EBC,"Eastern Bankshares, Inc."
MYRG,MYR Group Inc.
PI,"Impinj, Inc."
PBLS,"Parabilis Medicines, Inc."
ATAT,Atour Lifestyle Holdings Limited
IEP,Icahn Enterprises L.P.
EWTX,"Edgewise Therapeutics, Inc."
FFIN,"First Financial Bankshares, Inc."
VRNS,"Varonis Systems, Inc."
UFPI,"UFP Industries, Inc."
DAVE,Dave Inc.
ONDS,Ondas Inc.
AMLX,"Amylyx Pharmaceuticals, Inc."
CELC,Celcuity Inc.
BULL,Webull Corporation
LFST,"LifeStance Health Group, Inc."
WAY,Waystar Holding Corp.
USAR,"USA Rare Earth, Inc."
EQPT,EquipmentShare.com Inc.
CHEF,"The Chefs' Warehouse, Inc."
FRVO,Fervo Energy Company
FULT,Fulton Financial Corporation
BLLN,"BillionToOne, Inc."
FELE,"Franklin Electric Co., Inc."
DLO,DLocal Limited
ICUI,"ICU Medical, Inc."
OLLI,"Ollie's Bargain Outlet Holdings, Inc."
PTEN,"Patterson-UTI Energy, Inc."
ELVN,"Enliven Therapeutics, Inc."
NSIT,"Insight Enterprises, Inc."
KLIC,"Kulicke and Soffa Industries, Inc."
CVCO,"Cavco Industries, Inc."
DOO,BRP Inc.
LIVN,LivaNova PLC
MEOH,Methanex Corporation
IBOC,International Bancshares Corporation
NWE,"NorthWestern Energy Group, Inc."
MAT,"Mattel, Inc."
CENX,Century Aluminum Company
MARA,"MARA Holdings, Inc."
ITRI,"Itron, Inc."
CCC,CCC Intelligent Solutions Holdings Inc.
TNGX,"Tango Therapeutics, Inc."
TCBI,"Texas Capital Bancshares, Inc."
RLAY,"Relay Therapeutics, Inc."
HTFL,"HeartFlow, Inc."
BWIN,"The Baldwin Insurance Group, Inc."
INDV,"Indivior Pharmaceuticals, Inc."
CLMT,"Calumet, Inc."
AXTI,"AXT, Inc."
ADPT,Adaptive Biotechnologies Corporation
DIOD,Diodes Incorporated
VEON,VEON Ltd.
SEZL,Sezzle Inc.
CATY,Cathay General Bancorp
CECO,CECO Environmental Corp.
WSFS,WSFS Financial Corporation
IDYA,"IDEAYA Biosciences, Inc."
VKTX,"Viking Therapeutics, Inc."
LEGN,Legend Biotech Corporation
OLED,Universal Display Corporation
AYA,Aya Gold & Silver Inc.
ABCL,AbCellera Biologics Inc.
CVBF,CVB Financial Corp.
IRTC,"iRhythm Holdings, Inc."
DNLI,Denali Therapeutics Inc.
INDB,Independent Bank Corp.
SKYW,"SkyWest, Inc."
MNDY,monday.com Ltd.
CALM,"Cal-Maine Foods, Inc."
WSBC,"WesBanco, Inc."
OTTR,Otter Tail Corporation
WSC,WillScot Holdings Corporation
NMRK,"Newmark Group, Inc."
DORM,"Dorman Products, Inc."
SRAD,Sportradar Group AG
LOPE,"Grand Canyon Education, Inc."
TLX,Telix Pharmaceuticals Limited
JOYY,JOYY Inc.
BANF,BancFirst Corporation
RUM,RUM Group Inc.
PTRN,Pattern Group Inc.
SYNA,Synaptics Incorporated
IPAR,"Interparfums, Inc."
FLY,Firefly Aerospace Inc.
ACLS,"Axcelis Technologies, Inc."
MCHB,Mechanics Bancorp
FSLY,"Fastly, Inc."
TENB,"Tenable Holdings, Inc."
LUNR,"Intuitive Machines, Inc."
COCO,"The Vita Coco Company, Inc."
IOVA,"Iovance Biotherapeutics, Inc."
LBTYA,Liberty Global Ltd.
OPCH,"Option Care Health, Inc."
FRPT,"Freshpet, Inc."
FRMI,Fermi Inc.
LIF,"Life360, Inc."
VCYT,"Veracyte, Inc."
GRAL,"GRAIL, Inc."
CRVL,CorVel Corporation
QS,QuantumScape Corporation
LBTYB,Liberty Global Ltd.
LBTYK,Liberty Global Ltd.
FIBK,"First Interstate BancSystem, Inc."
QURE,uniQure N.V.
FA,First Advantage Corporation
GPCR,Structure Therapeutics Inc.
BRZE,"Braze, Inc."
PLMR,"Palomar Holdings, Inc."
WIX,Wix.com Ltd.
FFBC,First Financial Bancorp.
PLSE,"Pulse Biosciences, Inc."
TOWN,TowneBank
GBDC,"Golub Capital BDC, Inc."
NMIH,"NMI Holdings, Inc."
NESR,National Energy Services Reunited Corp.
USLM,"United States Lime & Minerals, Inc."
ARLP,"Alliance Resource Partners, L.P."
FRSH,Freshworks Inc.
OSIS,"OSI Systems, Inc."
MGNI,"Magnite, Inc."
EXPO,"Exponent, Inc."
ATRO,Astronics Corporation
OPEN,Opendoor Technologies Inc.
UCTT,"Ultra Clean Holdings, Inc."
NVTS,Navitas Semiconductor Corporation
SBLK,Star Bulk Carriers Corp.
SHOO,"Steven Madden, Ltd."
SBCF,Seacoast Banking Corporation of Florida
SFNC,Simmons First National Corporation
NAMS,NewAmsterdam Pharma Company N.V.
IMNM,"Immunome, Inc."
BATRK,"Atlanta Braves Holdings, Inc."
AGYS,"Agilysys, Inc."
CARG,"CarGurus, Inc."
PPTA,Perpetua Resources Corp.
MBX,"MBX Biosciences, Inc."
TMDX,"TransMedics Group, Inc."
CLDX,"Celldex Therapeutics, Inc."
IRON,"Disc Medicine, Inc."
IOND,Ionic Digital Inc.
PONY,Pony AI Inc.
ARQT,"Arcutis Biotherapeutics, Inc."
FHB,"First Hawaiian, Inc."
IPGP,IPG Photonics Corporation
KYIV,Kyivstar Group Ltd.
CLBK,"Columbia Financial, Inc."
CLSK,"CleanSpark, Inc."
TRMD,TORM plc
LFTO,"Liftoff Mobile, Inc."
XNDU,Xanadu Quantum Technologies Limited
SOUN,"SoundHound AI, Inc."
ARCB,ArcBest Corporation
TARS,"Tarsus Pharmaceuticals, Inc."
MZTI,The Marzetti Company
INTA,"Intapp, Inc."
FIZZ,National Beverage Corp.
CHRN,ChronoScale Holdings Corporation
KC,Kingsoft Cloud Holdings Limited
POWI,"Power Integrations, Inc."
WING,Wingstop Inc.
ALMS,Alumis Inc.
AMBA,"Ambarella, Inc."
BELFA,Bel Fuse Inc.
PLUG,Plug Power Inc.
BHF,"Brighthouse Financial, Inc."
BEAM,Beam Therapeutics Inc.
MGEE,"MGE Energy, Inc."
EXTR,"Extreme Networks, Inc."
COLM,Columbia Sportswear Company
AEHR,"Aehr Test Systems, Inc."
AVAH,Aveanna Healthcare Holdings Inc.
UPST,"Upstart Holdings, Inc."
DXPE,"DXP Enterprises, Inc."
BELFB,Bel Fuse Inc.
PPLI,People Incorporated
ZLAB,Zai Lab Limited
CLBT,Cellebrite DI Ltd.
WDFC,WD-40 Company
BTDR,Bitdeer Technologies Group
SPSC,"SPS Commerce, Inc."
DGII,Digi International Inc.
ALHC,"Alignment Healthcare, Inc."
ADEA,Adeia Inc.
ACHC,"Acadia Healthcare Company, Inc."
VECO,Veeco Instruments Inc.
LIME,"Neutron Holdings, Inc."
NTCT,"NetScout Systems, Inc."
AVPT,"AvePoint, Inc."
MGRC,McGrath RentCorp
TSAT,Telesat Corporation
ALRM,"Alarm.com Holdings, Inc."
AXGN,"Axogen, Inc."
SLS,"SELLAS Life Sciences Group, Inc."
NRIX,"Nurix Therapeutics, Inc."
VC,Visteon Corporation
CENT,Central Garden & Pet Company
APPN,Appian Corporation
GCMG,GCM Grosvenor Inc.
VRDN,"Viridian Therapeutics, Inc."
ATAI,AtaiBeckley Inc.
SLDE,"Slide Insurance Holdings, Inc."
RGC,Regencell Bioscience Holdings Limited
TBBK,"The Bancorp, Inc."
ASO,"Academy Sports and Outdoors, Inc."
WGS,GeneDx Holdings Corp.
PRVA,"Privia Health Group, Inc."
PATK,"Patrick Industries, Inc."
OSW,OneSpaWorld Holdings Limited
TRMK,Trustmark Corporation
WAFD,"WaFd, Inc."
NBTB,NBT Bancorp Inc.
HSAI,Hesai Group
HTO,H2O America
PENG,"Penguin Solutions, Inc."
PGEN,"Precigen, Inc."
VERA,"Vera Therapeutics, Inc."
FBNC,First Bancorp
DJT,Trump Media & Technology Group Corp.
EEFT,"Euronet Worldwide, Inc."
CDNA,"CareDx, Inc."
ADBT,"Advasa Holdings, Inc."
FRME,First Merchants Corporation
SUPN,"Supernus Pharmaceuticals, Inc."
RARE,Ultragenyx Pharmaceutical Inc.
PHVS,Pharvaris N.V.
NN,NextNav Inc.
DRH,DiamondRock Hospitality Company
OUST,"Ouster, Inc."
SKWD,"Skyward Specialty Insurance Group, Inc."
BATRA,Atlanta Braves Holdings Inc
TRVI,"Trevi Therapeutics, Inc."
NEOG,Neogen Corporation
VISN,"Vistance Networks, Inc."
NWL,Newell Brands Inc.
GSHD,"Goosehead Insurance, Inc."
LASR,"nLIGHT, Inc."
KALU,Kaiser Aluminum Corporation
RAPP,"Rapport Therapeutics, Inc."
NKTR,Nektar Therapeutics
BCRX,"BioCryst Pharmaceuticals, Inc."
LIFE,Ethos Technologies Inc.
BUSE,First Busey Corporation
RNW,ReNew Energy Global Plc
SYBT,"Stock Yards Bancorp, Inc."
HWKN,"Hawkins, Inc."
KOD,Kodiak Sciences Inc.
UNIT,Uniti Group Inc.
MBIN,Merchants Bancorp
ATRC,"AtriCure, Inc."
HUBG,"Hub Group, Inc."
INTR,"Inter & Co, Inc."
ETOR,eToro Group Ltd.
COHU,"Cohu, Inc."
HIMX,"Himax Technologies, Inc."
PAYO,Payoneer Global Inc.
BANR,Banner Corporation
FIVN,"Five9, Inc."
KLRA,"Kailera Therapeutics, Inc."
HYMC,Hycroft Mining Holding Corporation
OCUL,"Ocular Therapeutix, Inc."
ALMR,"Alamar Biosciences, Inc."
UFPT,"UFP Technologies, Inc."
IOSP,Innospec Inc.
PTON,"Peloton Interactive, Inc."
WERN,"Werner Enterprises, Inc."
HURN,Huron Consulting Group Inc.
MRVI,"Maravai LifeSciences Holdings, Inc."
HRMY,"Harmony Biosciences Holdings, Inc."
COAG,"Hemab Therapeutics Holdings, Inc."
EFSC,Enterprise Financial Services Corp
FLYW,Flywire Corporation
MLYS,"Mineralys Therapeutics, Inc."
NCNO,"nCino, Inc."
PENN,"PENN Entertainment, Inc."
CLOV,"Clover Health Investments, Corp."
URGN,UroGen Pharma Ltd.
ALGT,Allegiant Travel Company
NWBI,"Northwest Bancshares, Inc."
STNE,StoneCo Ltd.
TILE,"Interface, Inc."
NEO,"NeoGenomics, Inc."
PLUS,ePlus inc.
MCRI,"Monarch Casino & Resort, Inc."
PVLA,"Palvella Therapeutics, Inc."
TMC,TMC the metals company Inc.
ADUS,Addus HomeCare Corporation
AUPH,Aurinia Pharmaceuticals Inc.
VERX,"Vertex, Inc."
RUN,Sunrun Inc.
MESO,Mesoblast Limited
ANDE,"The Andersons, Inc."
MFP,"Midera Food Processing, Inc."
PLBL,Polibeli Group Ltd
XRAY,DENTSPLY SIRONA Inc.
VCEL,Vericel Corporation
ALKT,"Alkami Technology, Inc."
HCM,HUTCHMED (China) Limited
ESTA,Establishment Labs Holdings Inc.
ICHR,"Ichor Holdings, Ltd."
ADMA,"ADMA Biologics, Inc."
ZBIO,"Zenas BioPharma, Inc."
DRVN,Driven Brands Holdings Inc.
STOK,"Stoke Therapeutics, Inc."
SHAZ,SharonAI Holdings Inc.
CMPR,Cimpress plc
ECPG,"Encore Capital Group, Inc."
HAPN,"Happen, Inc."
XNCR,"Xencor, Inc."
STGW,Stagwell Inc.
BLKB,"Blackbaud, Inc."
PRDO,Perdoceo Education Corporation
EMAT,Evolution Metals & Technologies Corp.
NVCR,NovoCure Limited
EZPW,"EZCORP, Inc."
ZYME,Zymeworks Inc.
IQMX,IQM Quantum Computers Oyj
SRCE,1st Source Corporation
KEEL,Keel Infrastructure Corp.
GENB,"Generate Biomedicines, Inc."
MLCO,Melco Resorts & Entertainment Limited
SRPT,"Sarepta Therapeutics, Inc."
NBTX,Nanobiotix S.A.
LIND,"Lindblad Expeditions Holdings, Inc."
FLNC,"Fluence Energy, Inc."
SEDG,"SolarEdge Technologies, Inc."
NYAX,Nayax Ltd.
CHCO,City Holding Company
AGIO,"Agios Pharmaceuticals, Inc."
CHA,Chagee Holdings Limited
PGNY,"Progyny, Inc."
CMPS,COMPASS Pathways plc
CNXN,"PC Connection, Inc."
PLPC,Preformed Line Products Company
IMOS,ChipMOS TECHNOLOGIES INC.
GHRS,GH Research PLC
KARO,Karooooo Ltd.
KARD,"Kardigan, Inc."
ASTH,"Astrana Health, Inc."
CDNL,Cardinal Infrastructure Group Inc.
TSHA,"Taysha Gene Therapies, Inc."
PRCH,"Porch Group, Inc."
NEXT,NextDecade Corporation
LCID,"Lucid Group, Inc."
DHC,Diversified Healthcare Trust
WRD,WeRide Inc.
FBRX,"Forte Biosciences, Inc."
INOD,Innodata Inc.
BLBD,Blue Bird Corporation
LKFT,Lakefront Biotherapeutics NV
IMCR,Immunocore Holdings plc
ZD,"Ziff Davis, Inc."
PDFS,"PDF Solutions, Inc."
QUBT,Quantum Computing Inc.
JBLU,JetBlue Airways Corporation
FSUN,FirstSun Capital Bancorp
SEPN,"Septerna, Inc."
CENTA,Central Garden & Pet Company
DMRA,"Damora Therapeutics, Inc."
VNET,"VNET Group, Inc."
VIR,"Vir Biotechnology, Inc."
STRA,"Strategic Education, Inc."
PAX,Patria Investments Limited
OCFC,OceanFirst Financial Corp.
RXRX,"Recursion Pharmaceuticals, Inc."
PGY,Pagaya Technologies Ltd.
GABC,"German American Bancorp, Inc."
GCT,GigaCloud Technology Inc.
RBCAA,"Republic Bancorp, Inc."
NTLA,"Intellia Therapeutics, Inc."
ATEX,Anterix Inc.
INBX,"Inhibrx Biosciences, Inc."
TOP,TOP Financial Group Limited
ASST,"Strive, Inc."
FORTY,Formula Systems (1985) Ltd.
PSNL,"Personalis, Inc."
SGRY,"Surgery Partners, Inc."
LMAT,"LeMaitre Vascular, Inc."
BL,"BlackLine, Inc."
SONO,"Sonos, Inc."
BLFS,"BioLife Solutions, Inc."
SBET,"Sharplink, Inc."
GT,The Goodyear Tire & Rubber Company
PSNY,Polestar Automotive Holding UK PLC
SNDX,"Syndax Pharmaceuticals, Inc."
ETON,"Eton Pharmaceuticals, Inc."
PRGS,Progress Software Corporation
PLAB,"Photronics, Inc."
BRVE,"Braveheart Bio, Inc."
HOPE,"Hope Bancorp, Inc."
FTRE,Fortrea Holdings Inc.
STBA,"S&T Bancorp, Inc."
ALVO,Alvotech
OPRA,Opera Limited
TCBK,TriCo Bancshares
WB,Weibo Corporation
WEN,The Wendy's Company
ANAB,"AnaptysBio, Inc."
BFC,Bank First Corporation
CASH,"Pathward Financial, Inc."
CNXC,Concentrix Corporation
LILA,Liberty Latin America Ltd.
MQ,"Marqeta, Inc."
TH,Target Hospitality Corp.
TWFG,"TWFG, Inc."
JJSF,J&J Snack Foods Corp.
QCRH,"QCR Holdings, Inc."
MAZE,"Maze Therapeutics, Inc."
AVLN,Avalyn Pharma Inc.
APMD,"Apnimed, Inc."
BCAX,Bicara Therapeutics Inc.
AMPL,"Amplitude, Inc."
UROY,Uranium Royalty Corp.
DSGR,"Distribution Solutions Group, Inc."
CSWC,Capital Southwest Corporation
CNOB,"ConnectOne Bancorp, Inc."
ICFI,"ICF International, Inc."
ANIP,"ANI Pharmaceuticals, Inc."
EVCM,EverCommerce Inc.
MLKN,"MillerKnoll, Inc."
IMKTA,"Ingles Markets, Incorporated"
YSWY,"Yesway, Inc."
XERS,"Xeris Biopharma Holdings, Inc."
ABSI,Absci Corporation
ALNT,Allient Inc.
TRAX,"First Tracks Biotherapeutics, Inc."
HCSG,"Healthcare Services Group, Inc."
TYRA,"Tyra Biosciences, Inc."
HLMN,Hillman Solutions Corp.
KMTS,"Kestra Medical Technologies, Ltd."
PURR,Hyperliquid Strategies Inc.
LBRX,LB Pharmaceuticals Inc
PWP,Perella Weinberg Partners
ITG,"ITG, Inc."
AAPG,Ascentage Pharma Group International
AVBP,"ArriVent BioPharma, Inc."
INVA,"Innoviva, Inc."
LTGO,"Latigo Biotherapeutics, Inc."
OMCL,"Omnicell, Inc."
FCEL,"FuelCell Energy, Inc."
SAFT,"Safety Insurance Group, Inc."
NVAX,"Novavax, Inc."
FRNM,"Freenome, Inc."
BAND,Bandwidth Inc.
INNV,InnovAge Holding Corp.
REPL,"Replimune Group, Inc."
SPTX,"Seaport Therapeutics, Inc."
TNDM,"Tandem Diabetes Care, Inc."
SLBT,SL Science Holding Limited
LKFN,Lakeland Financial Corporation
EYE,"National Vision Holdings, Inc."
AKTS,"Aktis Oncology, Inc."
HROW,"Harrow, Inc."
GLIBK,"GCI Liberty, Inc."
AZTA,"Azenta, Inc."
CGEM,"Cullinan Therapeutics, Inc."
OMDA,"Omada Health, Inc."
PAHC,Phibro Animal Health Corporation
SDGR,"Schrödinger, Inc."
ATEC,"Alphatec Holdings, Inc."
AMAL,Amalgamated Financial Corp.
CNL,Collective Mining Ltd.
BHRB,Burke & Herbert Financial Services Corp.
BRUN,"Boost Run, Inc."
LILAK,Liberty Latin America Ltd.
ORIC,"ORIC Pharmaceuticals, Inc."
TRS,TriMas Corporation
AMSC,American Superconductor Corporation
SVRA,Savara Inc.
BJRI,"BJ's Restaurants, Inc."
WBTN,WEBTOON Entertainment Inc.
GIII,"G-III Apparel Group, Ltd."
DMLP,"Dorchester Minerals, L.P."
ATLC,Atlanticus Holdings Corporation
ELE,Elemental Royalty Corporation
VOR,Vor Biopharma Inc.
PEBO,Peoples Bancorp Inc.
XPEL,"XPEL, Inc."
MGTX,MeiraGTx Holdings plc
POET,POET Technologies Inc.
UFCS,"United Fire Group, Inc."
WLTH,Wealthfront Corporation
CTBI,"Community Trust Bancorp, Inc."
DRTS,Alpha Tau Medical Ltd.
ROCK,"Gibraltar Industries, Inc."
PICS,PicS N.V.
ULCC,"Frontier Group Holdings, Inc."
SGML,Sigma Lithium Corporation
RCAT,"Red Cat Holdings, Inc."
CCEC,Capital Clean Energy Carriers Corp.
HLIT,Harmonic Inc.
JBIO,"Jade Biosciences, Inc."
LGIH,"LGI Homes, Inc."
MGRT,Mega Fortune Company Limited
PCT,"PureCycle Technologies, Inc."
WABC,Westamerica Bancorporation
NUTX,Nutex Health Inc.
FMBH,"First Mid Bancshares, Inc."
PNTG,"The Pennant Group, Inc."
REAL,"The RealReal, Inc."
MLTX,MoonLake Immunotherapeutics
TRUP,"Trupanion, Inc."
ESQ,"Esquire Financial Holdings, Inc."
OMER,Omeros Corporation
MNKD,MannKind Corporation
CRON,Cronos Group Inc.
IART,Integra LifeSciences Holdings Corporation
SENEA,Seneca Foods Corporation
LQDT,"Liquidity Services, Inc."
APPS,"Digital Turbine, Inc."
WLDN,"Willdan Group, Inc."
CBRL,"Cracker Barrel Old Country Store, Inc."
RMIX,"Suncrete, Inc."
HBT,"HBT Financial, Inc."
IMTX,Immatics N.V.
OSBC,"Old Second Bancorp, Inc."
HBNB,Hotel101 Global Holdings Corp.
CRSR,"Corsair Gaming, Inc."
NSSC,"Napco Security Technologies, Inc."
AFYA,Afya Limited
ARHS,"Arhaus, Inc."
METCB,"Ramaco Resources, Inc."
CERT,"Certara, Inc."
SANA,"Sana Biotechnology, Inc."
GDRX,"GoodRx Holdings, Inc."
AIIR,AIR Global PLC
WINA,Winmark Corporation
CRVS,"Corvus Pharmaceuticals, Inc."
THRM,Gentherm Incorporated
SHLS,"Shoals Technologies Group, Inc."
PFBC,Preferred Bank
ODTX,"Odyssey Therapeutics, Inc."
GLUE,"Monte Rosa Therapeutics, Inc."
ELVR,Elevra Lithium Limited
JCAP,"Jefferson Capital, Inc."
NHP,"National Healthcare Properties, Inc."
CRCT,"Cricut, Inc."
EOSE,"Eos Energy Enterprises, Inc."
PSEC,Prospect Capital Corporation
GO,Grocery Outlet Holding Corp.
PRCT,PROCEPT BioRobotics Corporation
RDWR,Radware Ltd.
MRTN,"Marten Transport, Ltd."
HFWA,Heritage Financial Corporation
BVS,Bioventus Inc.
CRML,Critical Metals Corp.
KURA,"Kura Oncology, Inc."
WLFC,Willis Lease Finance Corporation
RZLV,Rezolve AI PLC
TRIP,"Tripadvisor, Inc."
JANX,"Janux Therapeutics, Inc."
OCSL,Oaktree Specialty Lending Corporation
LMRI,"Lumexa Imaging Holdings, Inc."
UVSP,Univest Financial Corporation
STAA,STAAR Surgical Company
AVO,"Mission Produce, Inc."
IVA,Inventiva S.A.
QFIN,"Qfin Holdings, Inc."
UPBD,"Upbound Group, Inc."
VMET,Versamet Royalties Corporation
SCSC,"ScanSource, Inc."
QNST,"QuinStreet, Inc."
OPK,"OPKO Health, Inc."
BRAI,Braiin Limited
AIP,"Arteris, Inc."
IRMD,IRADIMED CORPORATION
RDVT,"Red Violet, Inc."
FSBC,Five Star Bancorp
NBN,Northeast Bank
IGIC,International General Insurance Holdings Ltd.
GTM,ZoomInfo Technologies Inc.
MSEX,Middlesex Water Company
AVTX,"Avalo Therapeutics, Inc."
AEVA,"Aeva Technologies, Inc."
NWPX,"NWPX Infrastructure, Inc."
UPWK,Upwork Inc.
CRAI,"CRA International, Inc."
SIFY,Sify Technologies Limited
GLIBA,"GCI Liberty, Inc."
CFFN,"Capitol Federal Financial, Inc."
BXBL,Boxabl Inc.
GPRE,Green Plains Inc.
SLDB,Solid Biosciences Inc.
CSTL,"Castle Biosciences, Inc."
SBGI,"Sinclair, Inc."
MBWM,Mercantile Bank Corporation
PCRX,"Pacira BioSciences, Inc."
WVE,"Wave Life Sciences, Inc."
ITRN,Ituran Location and Control Ltd.
LXRX,"Lexicon Pharmaceuticals, Inc."
ABUS,Arbutus Biopharma Corporation
QDEL,QuidelOrtho Corporation
TRON,Tron Inc.
CADL,"Candel Therapeutics, Inc."
MCBS,"MetroCity Bankshares, Inc."
SVC,Service Properties Trust
BFST,"Business First Bancshares, Inc."
ASTE,"Astec Industries, Inc."
LZ,"LegalZoom.com, Inc."
TBLA,Taboola.com Ltd.
IMMX,"Immix Biopharma, Inc."
HBNC,"Horizon Bancorp, Inc."
HELP,Cybin Inc.
NNE,NANO Nuclear Energy Inc.
CCNE,CNB Financial Corporation
FBYD,"Falcon's Beyond Global, Inc."
GERN,Geron Corporation
KRT,Karat Packaging Inc.
HPK,"HighPeak Energy, Inc."
DSGN,"Design Therapeutics, Inc."
TRST,TrustCo Bank Corp NY
TIGR,UP Fintech Holding Limited
ANL,Adlai Nortye Ltd.
HTLD,"Heartland Express, Inc."
AEBI,Aebi Schmidt Holding AG
CAC,Camden National Corporation
BLMN,"Bloomin' Brands, Inc."
ARDX,"Ardelyx, Inc."
MAKO,Mako Mining Corp.
HQ,Horizon Quantum Holdings Ltd.
OLMA,"Olema Pharmaceuticals, Inc."
IQ,"iQIYI, Inc."
ANNX,"Annexon, Inc."
DAKT,"Daktronics, Inc."
EVLV,"Evolv Technologies Holdings, Inc."
CSIQ,Canadian Solar Inc.
THFF,First Financial Corporation
FRBT,"Forbright, Inc."
AMPH,"Amphastar Pharmaceuticals, Inc."
SMPL,The Simply Good Foods Company
MPB,"Mid Penn Bancorp, Inc."
FMNB,Farmers National Banc Corp.
BLZE,"Backblaze, Inc."
FCBC,"First Community Bankshares, Inc."
CLYM,"Climb Bio, Inc."
HDL,Super Hi International Holding Ltd.
PLTK,Playtika Holding Corp.
EVER,"EverQuote, Inc."
HEPS,D-Market Elektronik Hizmetler ve Ticaret A.S.
QMCO,Quantum Corporation
HAFC,Hanmi Financial Corporation
ACRS,"Aclaris Therapeutics, Inc."
NBBK,"NB Bancorp, Inc."
INDI,"indie Semiconductor, Inc."
ROOT,"Root, Inc."
CBLL,"CeriBell, Inc."
LWLG,"Lightwave Logic, Inc."
COLL,"Collegium Pharmaceutical, Inc."
APC,ARKO Petroleum Corp.
SGP,"SpyGlass Pharma, Inc."
SCZM,Santacruz Silver Mining Ltd.
JBSS,"John B. Sanfilippo & Son, Inc."
FOXF,Fox Factory Holding Corp.
TBPH,"Theravance Biopharma, Inc."
SABR,Sabre Corporation
NAVI,Navient Corporation
ADAM,"Adamas Trust, Inc."
LPTH,"LightPath Technologies, Inc."
CCBG,"Capital City Bank Group, Inc."
DJCO,Daily Journal Corporation
AVR,Anteris Technologies Global Corp.
SIBN,"SI-BONE, Inc."
BBNX,"Beta Bionics, Inc."
RJET,Republic Airways Holdings Inc.
RIGL,"Rigel Pharmaceuticals, Inc."
RXT,"Rackspace Technology, Inc."
WRLD,World Acceptance Corporation
FDMT,"4D Molecular Therapeutics, Inc."
INMD,InMode Ltd.
GSBC,"Great Southern Bancorp, Inc."
ADSE,ADS-TEC Energy PLC
APOG,"Apogee Enterprises, Inc."
FTH,"Faeth Therapeutics, Inc."
MOMO,Hello Group Inc.
ACHV,"Achieve Life Sciences, Inc."
KOPN,Kopin Corporation
AHG,Akso Health Group
DBVT,DBV Technologies S.A.
CRESY,"Cresud Sociedad Anónima, Comercial, Inmobiliaria, Financiera y Agropecuaria"
PSIX,"Power Solutions International, Inc."
EGBN,"Eagle Bancorp, Inc."
APEI,"American Public Education, Inc."
ACDC,ProFrac Holding Corp.
ATTO,"Attovia Therapeutics, Inc."
HSTM,"HealthStream, Inc."
CYRX,"Cryoport, Inc."
TRNS,"Transcat, Inc."
SWIM,"Latham Group, Inc."
CRTO,Criteo S.A.
ORRF,"Orrstown Financial Services, Inc."
PHAR,Pharming Group N.V.
ALRS,Alerus Financial Corporation
DSP,Viant Technology Inc.
HMH,HMH Holding Inc.
CCXI,Churchill Capital Corp XI
BBSI,"Barrett Business Services, Inc."
SPFI,"South Plains Financial, Inc."
SMBC,"Southern Missouri Bancorp, Inc."
IBCP,Independent Bank Corporation
SLN,Silence Therapeutics plc
NVCT,"Nuvectis Pharma, Inc."
LINC,Lincoln Educational Services Corporation
METC,"Ramaco Resources, Inc."
FISI,"Financial Institutions, Inc."
AURA,"Aura Biosciences, Inc."
MITK,"Mitek Systems, Inc."
OCS,Oculis Holding AG
OBX,"Obsidian Therapeutics, Inc."
ALOY,REalloys Inc.
FWRG,"First Watch Restaurant Group, Inc."
WEST,Westrock Coffee Company
RPD,"Rapid7, Inc."
IPX,IperionX Limited
MFIC,MidCap Financial Investment Corporation
STTK,"Shattuck Labs, Inc."
AOSL,Alpha and Omega Semiconductor Limited
KDK,"Kodiak AI, Inc."
PGC,Peapack-Gladstone Financial Corporation
WOOF,"Petco Health and Wellness Company, Inc."
HIVE,HIVE Digital Technologies Ltd.
SATL,Satellogic Inc.
KRNT,Kornit Digital Ltd.
GILT,Gilat Satellite Networks Ltd.
CGBD,"Carlyle Secured Lending, Inc."
MAMA,"Mama's Creations, Inc."
VREX,Varex Imaging Corporation
CEVA,"CEVA, Inc."
PZZA,"Papa John's International, Inc."
WYFI,"WhiteFiber, Inc."
GRPN,"Groupon, Inc."
SENEB,Seneca Foods Corporation
CBIO,"Crescent Biopharma, Inc."
SHBI,"Shore Bancshares, Inc."
NGNE,Neurogene Inc.
CSHR,CoinShares PLC
QVCG,QVC Group Inc.
HNRG,Hallador Energy Company
LOT,Lotus Technology Inc.
MNPR,Monopar Therapeutics Inc.
GSM,Ferroglobe PLC
DRUG,Bright Minds Biosciences Inc.
WASH,"Washington Trust Bancorp, Inc."
AHCO,AdaptHealth Corp.
SCHL,Scholastic Corporation
FDUS,Fidus Investment Corporation
PAYS,"Paysign, Inc."
HTZ,"Hertz Global Holdings, Inc."
BBOT,"BridgeBio Oncology Therapeutics, Inc."
PUBM,"PubMatic, Inc."
DGICB,Donegal Group Inc.
ENRD,Einride AB
BWMN,Bowman Consulting Group Ltd.
PRAA,"PRA Group, Inc."
AGNT,"AGNT, Inc"
CASS,"Cass Information Systems, Inc."
ENVX,Enovix Corporation
SOPH,SOPHiA GENETICS SA
ARRY,"Array Technologies, Inc."
CTMX,"CytomX Therapeutics, Inc."
LYTS,LSI Industries Inc.
ASMB,"Assembly Biosciences, Inc."
TBLD,Thornburg Income Builder Opportunities Trust
CCB,Coastal Financial Corporation
SSII,"SS Innovations International, Inc."
NMFC,New Mountain Finance Corporation
MPLT,"MapLight Therapeutics, Inc."
MLAB,"Mesa Laboratories, Inc."
TASK,"TaskUs, Inc."
DGICA,Donegal Group Inc.
IRWD,"Ironwood Pharmaceuticals, Inc."
CWBC,Community West Bancshares
GYRE,"Gyre Therapeutics, Inc."
AROW,Arrow Financial Corporation
ALLO,"Allogene Therapeutics, Inc."
CCSI,"Consensus Cloud Solutions, Inc."
AGMB,AgomAb Therapeutics NV
TECX,"Tectonic Therapeutic, Inc."
RCBC,River City Bank
PFIS,Peoples Financial Services Corp.
OABI,"OmniAb, Inc."
CARE,"Carter Bankshares, Inc."
ZVRA,"Zevra Therapeutics, Inc."
PHAT,"Phathom Pharmaceuticals, Inc."
EVO,Evotec SE
SSYS,Stratasys Ltd.
BLDP,Ballard Power Systems Inc.
BCAL,California BanCorp
TIPT,Tiptree Inc.
SLRC,SLR Investment Corp.
MSBI,"Midland States Bancorp, Inc."
BOT,"Robostrategy, Inc."
LEGH,Legacy Housing Corporation
HELE,Helen of Troy Limited
AQST,"Aquestive Therapeutics, Inc."
PRLD,Prelude Therapeutics Incorporated
SGMT,Sagimet Biosciences Inc.
MATW,Matthews International Corporation
VRRM,Verra Mobility Corporation
ODD,Oddity Tech Ltd.
VSTM,"Verastem, Inc."
STLN,"Starling Oncology, Inc."
RRBI,"Red River Bancshares, Inc."
FEIM,"Frequency Electronics, Inc."
HIFS,Hingham Institution for Savings
SHEN,Shenandoah Telecommunications Company
ACNB,ACNB Corporation
CRMD,CorMedix Inc.
GAIN,Gladstone Investment Corporation
RSVR,"Reservoir Media, Inc."
EIKN,"Eikon Therapeutics, Inc."
ANGO,"AngioDynamics, Inc."
VLGEA,"Village Super Market, Inc."
SPT,"Sprout Social, Inc."
DMII,Drugs Made In America Acquisition II Corp.
MDXG,"MiMedx Group, Inc."
PKOH,Park-Ohio Holdings Corp.
OIO,OIO Group
ADTN,"ADTRAN Holdings, Inc."
CTNM,"Contineum Therapeutics, Inc."
NKLR,Terra Innovatum Global N.V.
VBNK,VersaBank
PRME,"Prime Medicine, Inc."
DDI,"DoubleDown Interactive Co., Ltd."
NB,NioCorp Developments Ltd.
GOOD,Gladstone Commercial Corporation
TLRY,"Tilray Brands, Inc."
VALN,Valneva SE
KIDS,OrthoPediatrics Corp.
GDYN,"Grid Dynamics Holdings, Inc."
NRDS,"NerdWallet, Inc."
CGNT,Cognyte Software Ltd.
RMR,The RMR Group Inc.
KRNY,Kearny Financial Corp.
AUTL,Autolus Therapeutics plc
VINP,Vinci Compass Investments Ltd.
RGNX,REGENXBIO Inc.
ALTI,"AlTi Global, Inc."
HNST,"The Honest Company, Inc."
DCBO,Docebo Inc.
YB,Yuanbao Inc.
ALT,"Altimmune, Inc."
KELYB,"Kelly Services, Inc."
ARVN,"Arvinas, Inc."
ASPI,ASP Isotopes Inc.
CXII,Churchill Capital Corp XII
SPRY,"ARS Pharmaceuticals, Inc."
SCTX,Scribe Therapeutics Inc.
SWBI,"Smith & Wesson Brands, Inc."
DNUT,"Krispy Kreme, Inc."
ABTC,American Bitcoin Corp.
FWRD,Forward Air Corporation
CTKB,"Cytek Biosciences, Inc."
CEPF,"Cantor Equity Partners IV, Inc."
CBNK,"Capital Bancorp, Inc."
GCBC,"Greene County Bancorp, Inc."
BWB,"Bridgewater Bancshares, Inc."
KELYA,"Kelly Services, Inc."
XMAX,XMax Inc.
NTGR,"NETGEAR, Inc."
GEMI,"Gemini Space Station, Inc."
MCFT,"MasterCraft Boat Holdings, Inc."
SFST,"Southern First Bancshares, Inc."
UNTY,"Unity Bancorp, Inc."
FBIZ,"First Business Financial Services, Inc."
REAX,Real REMAX Group Inc.
BMM,Blue Moon Metals Inc.
EOLS,"Evolus, Inc."
ITIC,Investors Title Company
ARTV,"Artiva Biotherapeutics, Inc."
KRUS,"Kura Sushi USA, Inc."
ZURA,Zura Bio Limited
BWAY,BrainsWay Ltd.
KE,"Kimball Electronics, Inc."
NRIM,"Northrim BanCorp, Inc."
CIVB,"Civista Bancshares, Inc."
DCTH,"Delcath Systems, Inc."
IMSR,Terrestrial Energy Inc.
OSPN,OneSpan Inc.
BLSM,"BlossomHill Therapeutics, Inc."
ILPT,Industrial Logistics Properties Trust
OVID,Ovid Therapeutics Inc.
BTBT,"Bit Digital, Inc."
NEXN,Nexxen International Ltd.
CTRN,"Citi Trends, Inc."
YORW,The York Water Company
ENTX,Entera Bio Ltd.
CERS,Cerus Corporation
CABA,"Cabaletta Bio, Inc."
ELMT,The Elmet Group Co.
FLGT,"Fulgent Genetics, Inc."
HBCP,"Home Bancorp, Inc."
CAPR,"Capricor Therapeutics, Inc."
ADUR,Aduro Clean Technologies Inc.
SRTA,"Strata Critical Medical, Inc."
ROMA,Roma Green Finance Limited
SLDP,"Solid Power, Inc."
TCMD,"Tactile Systems Technology, Inc."
KYTX,"Kyverna Therapeutics, Inc."
MBUU,"Malibu Boats, Inc."
FAC,Factorial Energy Inc.
RZLT,"Rezolute, Inc."
NUAI,"New Era Energy & Digital, Inc."
PROK,ProKidney Corp.
ESEA,Euroseas Ltd.
AMCX,AMC Global Media Inc.
ARKO,Arko Corp.
CCCC,"C4 Therapeutics, Inc."
PANL,Pangaea Logistics Solutions Ltd.
NVEC,NVE Corporation
GFUZ,General Fusion Group Ltd.
CMCO,Columbus McKinnon Corporation
TATT,TAT Technologies Ltd.
GRVY,"Gravity Co., Ltd."
BWFG,"Bankwell Financial Group, Inc."
XIII,Churchill Capital Corp XIII
CLMB,"Climb Global Solutions, Inc."
OBT,"Orange County Bancorp, Inc."
PBAM,"Private Bancorp of America, Inc."
LMB,"Limbach Holdings, Inc."
ULH,"Universal Logistics Holdings, Inc."
BSRR,Sierra Bancorp
MCTA,Charming Medical Limited
NPCE,"NeuroPace, Inc."
GLRE,"Greenlight Capital Re, Ltd."
COFS,"ChoiceOne Financial Services, Inc."
CLPT,"ClearPoint Neuro, Inc."
SENS,"Senseonics Holdings, Inc."
BTQ,BTQ Technologies Corp.
LAES,SEALSQ Corp
BSVN,Bank7 Corp.
KMDA,Kamada Ltd.
IBEX,IBEX Limited
KPLT,"Katapult Holdings, Inc."
MLAA,Mountain Lake Acquisition Corp. II
STRZ,Starz Entertainment Corp.
EDIT,"Editas Medicine, Inc."
EPRX,Eupraxia Pharmaceuticals Inc.
OWLS,Obook Holdings Inc.
PWRL,Powerlaw Corp.
AMSF,"AMERISAFE, Inc."
NRC,NRC Health
PDLB,"Ponce Financial Group, Inc."
RLMD,"Relmada Therapeutics, Inc."
OTLY,Oatly Group AB
PACB,"Pacific Biosciences of California, Inc."
WTBA,"West Bancorporation, Inc."
BBCP,"Concrete Pumping Holdings, Inc."
QTTB,Q32 Bio Inc.
CCOI,"Cogent Communications Holdings, Inc."
GTEN,"Gores Holdings X, Inc."
CWCO,Consolidated Water Co. Ltd.
RMNI,"Rimini Street, Inc."
TMS,Teamshares Inc.
OCGN,"Ocugen, Inc."
CRAN,Crane Harbor Acquisition Corp. II
LOCO,"El Pollo Loco Holdings, Inc."
PRTA,Prothena Corporation plc
PBYI,"Puma Biotechnology, Inc."
GCGR,General Catalyst Global Resilience Merger Corp.
BUUU,BUUU Group Limited
VITL,"Vital Farms, Inc."
JOUT,Johnson Outdoors Inc.
APXT,Apex Treasury Corporation
CBK,"Commercial Bancgroup, Inc."
PRTH,"Priority Technology Holdings, Inc."
BCCQ,Bleichroeder Acquisition Corp. III
SGHT,"Sight Sciences, Inc."
FMAO,"Farmers & Merchants Bancorp, Inc."
EVGO,"EVgo, Inc."
AXG,Solowin Holdings
VOGX,"Vogenx, Inc."
ATNI,"ATN International, Inc."
BRCB,"Black Rock Coffee Bar, Inc."
CZNC,Citizens & Northern Corporation
IKT,"Inhibikase Therapeutics, Inc."
BIOA,"BioAge Labs, Inc."
DSC,DSC Holdings Ltd.
ARCT,Arcturus Therapeutics Holdings Inc.
GHXI,"Gores Holdings XI, Inc."
GBLI,"Global Indemnity Group, LLC"
IIIV,"i3 Verticals, Inc."
MFI,mF International Limited
IEAG,Infinite Eagle Acquisition Corp.
GLAD,Gladstone Capital Corporation
RBB,RBB Bancorp
KBON,Karbon Capital Partners Corp.
PHOE,Phoenix Asia Holdings Limited
ACIC,American Coastal Insurance Corporation
FRBA,First Bank
BNTC,Benitec Biopharma Inc.
AVIR,"Atea Pharmaceuticals, Inc."
CARL,"Carlsmed, Inc."
MBVI,M3-Brigade Acquisition Vi Corp.
FIP,FTAI Infrastructure Inc.
ASTL,Algoma Steel Group Inc.
BRTM,B&R Technology Merger Corp.
ACTG,Acacia Research Corporation
FWDI,"Forward Industries, Inc."
CMPX,"Compass Therapeutics, Inc."
IACO,Idea Acquisition Corp.
CGC,Canopy Growth Corporation
TRUP,"Trupanion, Inc."
PRE,Prenetics Global Limited
MESH,Meshflow Acquisition Corp.
DBCA,D. Boral Acquisition I Corp.
AIIO,Robo.ai Inc.
IMXI,"International Money Express, Inc."
KRAQ,KRAKacquisition Corp.
EYPT,"EyePoint, Inc."
SWMR,"Swarmer, Inc"
PBFS,"Pioneer Bancorp, Inc."
MRAM,"Everspin Technologies, Inc."
MASS,908 Devices Inc.
BMRC,Bank of Marin Bancorp
TITN,Titan Machinery Inc.
WEYS,"Weyco Group, Inc."
FENC,Fennec Pharmaceuticals Inc.
SBC,SBC Medical Group Holdings Incorporated
GRRR,Gorilla Technology Group Inc.
PLBC,Plumas Bancorp
IHRT,"iHeartMedia, Inc."
SFIX,"Stitch Fix, Inc."
FRPH,"FRP Holdings, Inc."
BMBL,Bumble Inc.
ADV,Advantage Solutions Inc.
GALT,Galectin Therapeutics Inc.
TREE,"LendingTree, Inc."
KFII,K&F Growth Acquisition Corp. II
VTVT,vTv Therapeutics Inc.
RR,Richtech Robotics Inc.
SERV,Serve Robotics Inc.
ISTR,Investar Holding Corporation
XFOR,"X4 Pharmaceuticals, Inc."
CDRO,"Codere Online Luxembourg, S.A."
ENTA,"Enanta Pharmaceuticals, Inc."
USCB,"USCB Financial Holdings, Inc."
LXEO,"Lexeo Therapeutics, Inc."
RFAI,RF Acquisition Corp II
CLFD,"Clearfield, Inc."
FISN,"Deep Fission, Inc."
ERII,"Energy Recovery, Inc."
SUPX,SuperX AI Technology Limited
CNCK,Coincheck Group N.V.
OSPR,Osprey Acquisition Corp. III
TRVG,trivago N.V.
NPAC,New Providence Acquisition Corp. III
RCKT,"Rocket Pharmaceuticals, Inc."
NATH,"Nathan's Famous, Inc."
ECX,ECARX Holdings Inc.
VELO,"Velo3D, Inc."
LWAY,"Lifeway Foods, Inc."
MEVO,M Evo Global Acquisition Corp II
FRST,Primis Financial Corp.
AIOT,"PowerFleet, Inc."
DGXX,Digi Power X Inc.
BBCQ,Bleichroeder Acquisition Corp. II
WILC,G. Willi-Food International Ltd.
FHTX,Foghorn Therapeutics Inc.
OFIX,Orthofix Medical Inc.
VOXR,Vox Royalty Corp.
PKBK,"Parke Bancorp, Inc."
FSTR,L.B. Foster Company
GEVO,"Gevo, Inc."
MNRO,"Monro, Inc."
TACO,Berto Acquisition Corp.
GUAC,Berto Acquisition Corp. II
ZKP,Lafayette Digital Acquisition Corp. I
XRX,Xerox Holdings Corporation
SHOE,Shoe Station Group Inc.
UPB,"Upstream Bio, Inc."
ALF,Centurion Acquisition Corp.
RDAG,Republic Digital Acquisition Company
CHMG,Chemung Financial Corporation
WENN,Wen Acquisition Corp.
CCAP,"Crescent Capital BDC, Inc."
FNLC,"The First Bancorp, Inc."
MTLS,Materialise NV
MVBF,MVB Financial Corp.
CZFS,"Citizens Financial Services, Inc."
IA,"Innovative Aerosystems, Inc."
MOBI,"Mobia Medical, Inc."
TKNO,"Alpha Teknova, Inc."
IPSC,"Century Therapeutics, Inc."
CURR,CURRENC Group Inc.
GOGO,Gogo Inc.
PCB,PCB Bancorp
PESI,"Perma-Fix Environmental Services, Inc."
TMCR,The Metals Royalty Company Inc.
LAND,Gladstone Land Corporation
NXH,"Neighborhood Intelligence, Inc."
MTC,"MMTec, Inc."
OPAL,OPAL Fuels Inc.
YICC,Yorkville International Capital Corp.
KEYY,Keystone Acquisition Corp.
LSAK,"Lesaka Technologies, Inc."
NEGG,"Newegg Commerce, Inc."
HACQ,HCM IV Acquisition Corp.
WSBF,"Waterstone Financial, Inc."
ALOV,"Aldabra 4 Liquidity Opportunity Vehicle, Inc."
PERI,Perion Network Ltd.
LE,"Lands' End, Inc."
ALLT,Allot Ltd.
MGPI,"MGP Ingredients, Inc."
SLP,"Simulations Plus, Inc."
AGEN,Agenus Inc.
PALI,"Palisade Bio, Inc."
FDMM,Freedom Metals Acquisition Corp.
GIW,GigCapital8 Corp.
SOHU,Sohu.com Limited
SHIP,Seanergy Maritime Holdings Corp.
FVAV,Fortress Value Acquisition Corp. V
ZNTL,"Zentalis Pharmaceuticals, Inc."
EH,EHang Holdings Limited
SDHI,Siddhi Acquisition Corp.
ARTNA,Artesian Resources Corporation
OIM,OneIM Acquisition Corp.
GIX,GigCapital9 Corp.
SUJA,"Suja Life, Inc."
NWFL,Norwood Financial Corp.
PHOS,First Phosphate Corp.
CRNC,Cerence Inc.
RBBN,Ribbon Communications Inc.
LYEL,"Lyell Immunopharma, Inc."
TACH,Titan Acquisition Corp
CD,Chaince Digital Holdings Inc.
DMAC,DiaMedica Therapeutics Inc.
TDUP,ThredUp Inc.
PTLO,Portillo's Inc.
VALU,"Value Line, Inc."
TSBK,"Timberland Bancorp, Inc."
CCII,Cohen Circle Acquisition Corp. II
FNKO,"Funko, Inc."
KCHV,Kochav Defense Acquisition Corp.
ARCI,Archimedes Tech SPAC Partners III Co.
ACAA,Averin Capital Acquisition Corp.
CLNE,Clean Energy Fuels Corp.
IFRX,InflaRx N.V.
NEWT,"NewtekOne, Inc."
VMD,"Viemed Healthcare, Inc."
STRO,"Sutro Biopharma, Inc."
HCIC,Hennessy Capital Investment Corp. VIII
ABAT,American Battery Technology Company
AIRJ,AirJoule Technologies Corporation
SABS,"SAB Biotherapeutics, Inc."
BDCI,BTC Development Corp.
OYSE,Oyster Enterprises II Acquisition Corp
BLZR,Trailblazer Acquisition Corp.
VFF,"Village Farms International, Inc."
AVBH,"Avidbank Holdings, Inc."
SORN,Soren Acquisition Corp.
TLNC,Talon Capital Corp.
HCMA,HCM III Acquisition Corp.
ARTC,Art Technology Acquisition Corp.
TCPC,BlackRock TCP Capital Corp.
API,"Agora, Inc."
DSAC,Daedalus Special Acquisition Corp.
ORBS,Eightco Holdings Inc.
ABEO,Abeona Therapeutics Inc.
SNDL,SNDL Inc.
OPRT,Oportun Financial Corporation
PLAY,"Dave & Buster's Entertainment, Inc."
OPTX,"Syntec Optics Holdings, Inc."
GASS,StealthGas Inc.
AACI,Armada Acquisition Corp. III
CGCF,Cartesian Growth Corporation IV
IPFX,Inflection Point Acquisition Corp. VI
CDZI,Cadiz Inc.
CAII,Collective Acquisition Corp. II
TWIN,"Twin Disc, Incorporated"
PTOR,Praetorian Acquisition Corp.
NNNN,Anbio Biotechnology
RCKY,"Rocky Brands, Inc."
AMAC,AMR Resources Acquisition Corp
ARQQ,Arqit Quantum Inc.
BEAG,Bold Eagle Acquisition Corp.
MRLN,"Merlin, Inc."
BLUW,Blue Water Acquisition Corp. III
NNDM,Nano Dimension Ltd.
FLXS,"Flexsteel Industries, Inc."
XRPN,Armada Acquisition Corp. II
IMRX,Immuneering Corporation
TBCV,"Thunder Bridge Capital Partners V, Ltd."
TLS,Telos Corporation
CUVL,Clinuvel Pharmaceuticals Limited
PRQR,ProQR Therapeutics N.V.
RPAY,Repay Holdings Corporation
PNRG,PrimeEnergy Resources Corporation
RREV,RRE Ventures Acquisition Corp.
CEPV,"Cantor Equity Partners V, Inc."
PCAP,ProCap Acquisition Corp
AGCC,Agencia Comercial Spirits Ltd
ELVA,Electrovaya Inc.
FERA,Fifth Era Acquisition Corp I
PMTS,CPI Card Group Inc.
RCEL,"AVITA Medical, Inc."
BCML,BayCom Corp
FVCB,"FVCBankcorp, Inc."
SZZL,Sizzle Acquisition Corp. II
DRDB,Roman DBDR Acquisition Corp. II
RTAC,Renatus Tactical Acquisition Corp I
OBA,Oxley Bridge Acquisition Limited
CRAQ,Cal Redwood Acquisition Corp.
NECB,"Northeast Community Bancorp, Inc."
VNDA,Vanda Pharmaceuticals Inc.
EVOX,Evolution Global Acquisition Corp
BDSX,"Biodesix, Inc."
KOYN,"CSLM Digital Asset Acquisition Corp III, Ltd"
IACQ,Irenic Acquisition Corp.
ALDF,Aldel Financial II Inc.
AIBZ,Bitzero Holdings Inc.
CAES,"Cantor Equity Partners VII, Inc."
HRZN,Horizon Technology Finance Corporation
PMTR,Perimeter Acquisition Corp. I
XNET,Xunlei Limited
JMSB,"John Marshall Bancorp, Inc."
SMTI,Sanara MedTech Inc.
POLE,Andretti Acquisition Corp. II
RNGT,Range Capital Acquisition Corp II
TVA,Texas Ventures Acquisition III Corp
AEAQ,Activate Energy Acquisition Corp.
SAAQ,Space Asset Acquisition Corp.
OBIO,"Orchestra BioMed Holdings, Inc."
IRD,"Opus Genetics, Inc."
ALTO,"Alto Ingredients, Inc."
PLTS,Platinum Analytics Cayman Limited
JACK,Jack in the Box Inc.
ATII,Archimedes Tech SPAC Partners II Co.
CMII,Columbus Circle Capital Corp II
VCRE,Vicore Pharma Holding AB (publ)
SVIV,Spring Valley Acquisition Corp. IV
FCCO,First Community Corporation
AACO,Abony Acquisition Corp. I
DUOT,"Duos Technologies Group, Inc."
NODK,"NI Holdings, Inc."
ILLU,Illumination Acquisition Corp I
ZUMZ,Zumiez Inc.
CAQ,Cambridge Acquisition Corp.
LPBB,Launch Two Acquisition Corp.
FSBW,"FS Bancorp, Inc."
FDBC,"Fidelity D & D Bancorp, Inc."
LWAC,LightWave Acquisition Corp.
TMTS,Spartacus Acquisition Corp. II
CCCT,Columbus Circle Capital Corp III
RNAC,"Cartesian Therapeutics, Inc."
VHCP,Vine Hill Capital Investment Corp. II
FATE,"Fate Therapeutics, Inc."
ITHA,ITHAX Acquisition Corp III
FOSL,"Fossil Group, Inc."
TMCI,"Treace Medical Concepts, Inc."
YDES,YD Bio Limited
BCYC,Bicycle Therapeutics plc
AZ,A2Z Cust2Mate Solutions Corp.
FRD,"Friedman Industries, Incorporated"
BIXI,Bitcoin Infrastructure Acquisition Corp Ltd.
AMRN,Amarin Corporation plc
TLSI,"TriSalus Life Sciences, Inc."
ALCO,"Alico, Inc."
MTRX,Matrix Service Company
EFTY,"Etoiles Capital Group Co., Ltd"
OTGA,OTG Acquisition Corp. I
HVMC,Highview Merger Corp.
GSRV,GSR V Acquisition Corp.
GSRF,GSR IV Acquisition Corp.
AVXL,Anavex Life Sciences Corp.
MYFW,"First Western Financial, Inc."
MYGN,"Myriad Genetics, Inc."
CFFI,C&F Financial Corporation
CAN,Canaan Inc.
GPAC,General Purpose Acquisition Corp.
PDYN,Palladyne AI Corp.
GBFH,GBank Financial Holdings Inc.
HCAC,Hall Chadwick Acquisition Corp.
MVST,"Microvast Holdings, Inc."
IRHO,Iron Horse Acquisitions Corp. II
FULC,"Fulcrum Therapeutics, Inc."
SVAQ,Silicon Valley Acquisition Corp.
ISBA,Isabella Bank Corporation
PACH,Pioneer Acquisition I Corp
JAKK,"JAKKS Pacific, Inc."
NMRA,"Neumora Therapeutics, Inc."
BACC,Blue Acquisition Corp.
NHIC,NewHold Investment Corp III
SSP,The E.W. Scripps Company
KINS,"Kingstone Companies, Inc."
NNBR,"NN, Inc."
ACGC,ACP Holdings Acquisition Corp.
CV,"CapsoVision, Inc."
ANIK,"Anika Therapeutics, Inc."
ADAC,American Drive Acquisition Company
STRT,Strattec Security Corporation
FGII,FG Imperii Acquisition Corp.
AFRI,Forafric Global PLC
RCMT,"RCM Technologies, Inc."
BPRN,"Princeton Bancorp, Inc."
LPCV,Launchpad Cadenza Acquisition Corp I
GLOO,"Gloo Holdings, Inc."
UCFI,CN Healthy Food Tech Group Corp.
TTRX,Turn Therapeutics Inc.
AENT,Alliance Entertainment Holding Corporation
SHOT,RMG ML Sports Holdings
AREC,American Resources Corporation
RILY,"BRC Group Holdings, Inc."
CUB,Lionheart Holdings
SLNH,"Soluna Holdings, Inc."
LTBR,Lightbridge Corporation
FNRN,First Northern Community Bancorp
ACIU,AC Immune SA
JAB,JAB Acquisition Corp I
WLCO,Wilco 63 Corporation
TVAI,Thayer Ventures Acquisition Corporation II
AXIN,Axiom Intelligence Acquisition Corp 1
XCBE,X3 Acquisition Corp. Ltd.
EMBC,Embecta Corp.
TTGT,"TechTarget, Inc."
ISNR,Snow Rothschild Acquisition Corp
OVLY,Oak Valley Bancorp
MKTW,"MarketWise, Inc."
FRAF,Franklin Financial Services Corporation
FXNC,First National Corporation
QNBC,QNB Corp.
SION,"Sionna Therapeutics, Inc."
SRZN,"Surrozen, Inc."
PYXS,"Pyxis Oncology, Inc."
NHIV,NewHold Investment Corp IV
PCYO,Pure Cycle Corporation
DVLT,Datavault AI Inc.
ATLO,Ames National Corporation
OSS,"One Stop Systems, Inc."
XSLL,Xsolla SPAC 1
WHWK,"Whitehawk Therapeutics, Inc."
FUNC,First United Corporation
TDAC,Translational Development Acquisition Corp.
ALEC,"Alector, Inc."
EGHT,"8x8, Inc."
CEPO,"Cantor Equity Partners I, Inc."
ESCA,"Escalade, Incorporated"
ALXO,ALX Oncology Holdings Inc.
RWAY,Runway Growth Finance Corp.
WNEB,"Western New England Bancorp, Inc."
REFI,"Chicago Atlantic Real Estate Finance, Inc."
ASLE,AerSale Corporation
LCNB,LCNB Corp.
HCKT,"The Hackett Group, Inc."
MUZE,Muzero Acquisition Corp
MTAK,Market Technology Acquisition Corp
ELDN,"Eledon Pharmaceuticals, Inc."
XTER,Karman Line Acquisition Corp.
NSLR,Neostellar Capital Corp.
OFLX,"Omega Flex, Inc."
NTWO,Newbury Street II Acquisition Corp
JONE,Jones Ventures INTL Acquisition1 Corp
AVNW,"Aviat Networks, Inc."
DNMX,Dynamix Corporation III
HWBK,"Hawthorn Bancshares, Inc."
CGEN,Compugen Ltd.
USAU,U.S. Gold Corp.
GLSI,"Greenwich LifeSciences, Inc."
GWRS,"Global Water Resources, Inc."
EU,enCore Energy Corp.
IVVD,"Invivyd, Inc."
ASYS,"Amtech Systems, Inc."
RXST,"RxSight, Inc."
OACC,Oaktree Acquisition Corp. III Life Sciences
BRBI,BRBI BR Partners S.A.
LTRX,"Lantronix, Inc."
CAMP,Camp4 Therapeutics Corporation
MFIN,Medallion Financial Corp.
NAGE,"Niagen Bioscience, Inc."
CNDT,Conduent Incorporated
RELL,"Richardson Electronics, Ltd."
DMAA,Drugs Made In America Acquisition Corp.
PROF,Profound Medical Corp.
SLGL,Sol-Gel Technologies Ltd.
FACT,FACT II Acquisition Corp
NKSH,"National Bankshares, Inc."
NERV,"Minerva Neurosciences, Inc."
TRGS,TRG Latin America Acquisitions Corp.
ACB,Aurora Cannabis Inc.
ADAG,Adagene Inc.
PAMT,PAMT CORP
MGNX,"MacroGenics, Inc."
VNME,Vendome Acquisition Corporation I
CLLS,Cellectis S.A.
SILC,Silicom Ltd.
LAB,Standard BioTools Inc.
OSUR,"OraSure Technologies, Inc."
IMMR,Immersion Corporation
UXIN,Uxin Limited
MNTK,"Montauk Renewables, Inc."
BETR,Better Home & Finance Holding Company
ASUR,"Asure Software, Inc."
RMBI,"Richmond Mutual Bancorporation, Inc."
ALMU,"Aeluma, Inc."
IPVV,"InterPrivate Investment Partners V, Inc."
TRDA,"Entrada Therapeutics, Inc."
SCII,SC II Acquisition Corp.
CATL,Catalyst Acquisition Corp.
VLOS,Velos Acquisition I Corp.
POWW,Outdoor Holding Company
VABK,Virginia National Bankshares Corporation
NATR,"Nature's Sunshine Products, Inc."
AKBA,"Akebia Therapeutics, Inc."
AIRO,"AIRO Group Holdings, Inc."
CRDL,Cardiol Therapeutics Inc.
OHAC,Oceanhawk Acquisition Corp
QADR,QDRO Acquisition Corp.
MKLY,McKinley Acquisition Corporation
NCMI,"National CineMedia, Inc."
MIAC,Meridian3 Industrials Acquisition Corp
MIACW,Meridian3 Industrials Acquisition Corp
AUDC,AudioCodes Ltd.
GTER.A,Globa Terra Acquisition Corporation
BYND,"Beyond Meat, Inc."
LMNR,Limoneira Company
MCGA,Yorkville Acquisition Corp.
IONR,ioneer Ltd
SOCA,Solarius Capital Acquisition Corp.
SSAC,SPACSphere Acquisition Corp.
TROO,"TROOPS, Inc."
SY,So-Young International Inc.
HLXC,Helix Acquisition Corp. III
DYNC,Dynamix Corporation
TSSI,"TSS, Inc."
III,"Information Services Group, Inc."
IGAC,Invest Green Acquisition Corporation
FLWS,"1-800-FLOWERS.COM, Inc."
DAAQ,Digital Asset Acquisition Corp.
INBK,First Internet Bancorp
RAIL,"FreightCar America, Inc."
LOVE,The Lovesac Company
TDWD,Tailwind 2.0 Acquisition Corp.
NGEN,NervGen Pharma Corp.
HQI,"HireQuest, Inc."
RNA,"Atrium Therapeutics, Inc."
MACI,Melar Acquisition Corp. I
MAGH,Magnitude International Ltd
BCAR,D. Boral ARC Acquisition I Corp.
AACP,Apogee Acquisition Corp
TWLV,Twelve Seas Investment Company III
FUFU,BitFuFu Inc.
KLTR,"Kaltura, Inc."
DTIL,"Precision BioSciences, Inc."
LATA,Galata Acquisition Corp. II
TNXP,Tonix Pharmaceuticals Holding Corp.
DYOR,Insight Digital Partners II
EXFY,"Expensify, Inc."
SUMA,SUMA Acquisition Corporation
PEBK,"Peoples Bancorp of North Carolina, Inc."
LIEN,"Chicago Atlantic BDC, Inc."
BLRK,Bluerock Acquisition Corp.
MRBK,Meridian Corporation
ZSQR,Z Squared Inc.
TARA,"Protara Therapeutics, Inc."
RDNW,"RideNow Group, Inc."
SVCC,Stellar V Capital Corp.
FBLA,"FB Bancorp, Inc."
TBCH,Turtle Beach Corporation
RGCO,"RGC Resources, Inc."
STIM,"Neuronetics, Inc."
LTGR,Long Table Growth Corp.
SVCO,"Silvaco Group, Inc."
TVIV,Texas Ventures Acquisition IV Corp.
SIDU,"Sidus Space, Inc."
CRAC,Crown Reserve Acquisition Corp. I
ALOT,"AstroNova, Inc."
MRCO,Mercator Acquisition Corp.
RICK,"RCI Hospitality Holdings, Inc."
DEFT,DeFi Technologies Inc.
CMTV,Community Bancorp
UTMD,"Utah Medical Products, Inc."
ORGO,Organogenesis Holdings Inc.
IMUX,"Immunic, Inc."
CFBK,CF Bankshares Inc.
VUZI,Vuzix Corporation
OPBK,OP Bancorp
GSIT,"GSI Technology, Inc."
CHRS,"Coherus Oncology, Inc."
PEPG,PepGen Inc.
BGIN,Bgin Blockchain Limited
FORR,"Forrester Research, Inc."
HDSN,"Hudson Technologies, Inc."
EFSI,"Eagle Financial Services, Inc."
ONCH,1RT Acquisition Corp.
ORMP,Oramed Pharmaceuticals Inc.
HITI,High Tide Inc.
SIGA,"SIGA Technologies, Inc."
PPIH,"Perma-Pipe International Holdings, Inc."
KROS,"Keros Therapeutics, Inc."
IMPP,Imperial Petroleum Inc.
ZJYL,Jin Medical International Ltd.
CRBP,"Corbus Pharmaceuticals Holdings, Inc."
PTAC,Patriot Acquisition Corp.
SPOK,"Spok Holdings, Inc."
MPAA,"Motorcar Parts of America, Inc."
NBP,NovaBridge Biosciences
CEPL,"Capstone Energy+, Inc."
ABOS,"Acumen Pharmaceuticals, Inc."
MAMK,MaxsMaking Inc.
SNFCA,Security National Financial Corporation
ESOA,Energy Services of America Corporation
GSHR,Gesher Acquisition Corp. II
LRMR,"Larimar Therapeutics, Inc."
PRE,Prenetics Global Limited
MESH,Meshflow Acquisition Corp.
DBCA,D. Boral Acquisition I Corp.
AIIO,Robo.ai Inc.
IMXI,"International Money Express, Inc."
KRAQ,KRAKacquisition Corp.
EYPT,"EyePoint, Inc."
SWMR,"Swarmer, Inc"
PALO,Paloma Acquisition Corp I
LCUT,"Lifetime Brands, Inc."
CUE,"Cue Biopharma, Inc."
XHG,XChange TEC.INC
ANTX,"AN2 Therapeutics, Inc."
NUCL,Eagle Nuclear Energy Corp.
WLII,Willow Lane Acquisition Corp. II
KGEI,Kolibri Global Energy Inc.
SND,"Smart Sand, Inc."
FCAP,"First Capital, Inc."
ACOG,Alpha Cognition Inc.
QUIK,QuickLogic Corporation
QMLS,"QumulusAI, Inc."
CPSS,"Consumer Portfolio Services, Inc."
PDEX,"Pro-Dex, Inc."
FOCL,EDAP TMS S.A.
IPHA,Innate Pharma S.A.
KRRO,"Korro Bio, Inc."
KTWO,K2 Capital Acquisition Corporation
CZWI,"Citizens Community Bancorp, Inc."
CHCI,"Comstock Holding Companies, Inc."
RACC,Research Alliance Corporation III
FIGX,FIGX Capital Acquisition Corp.
MSLE,Satellos Bioscience Inc.
UONEK,"Urban One, Inc."
TOYO,"TOYO Co., Ltd."
GDEV,GDEV Inc.
APMC,AmperCap Acquisition Company
SGC,"Superior Group of Companies, Inc."
LFAC,Leapfrog Acquisition Corporation
EGAN,eGain Corporation
THEO,BOA Acquisition Corp. II
ONEW,OneWater Marine Inc.
ANGI,Angi Inc.
BAFN,BayFirst Financial Corp.
BRR,"ProCap Financial, Inc."
AIRS,"AirSculpt Technologies, Inc."
LARK,"Landmark Bancorp, Inc."
LX,LexinFintech Holdings Ltd.
FINW,FinWise Bancorp
RBKB,"Rhinebeck Bancorp, Inc."
TAYD,"Taylor Devices, Inc."
JRVR,"James River Group Holdings, Inc."
NEOV,NeoVolta Inc.
BID,Tribeca Strategic Acquisition Corp.
RRGB,"Red Robin Gourmet Burgers, Inc."
OMSE,OMS Energy Technologies Inc.
HNVR,"Hanover Bancorp, Inc."
HVII,Hennessy Capital Investment Corp. VII
CBFV,"CB Financial Services, Inc."
HUMA,"Humacyte, Inc."
NKTX,"Nkarta, Inc."
CRNT,Ceragon Networks Ltd.
FNWD,Finward Bancorp
CNXU,Conexeu Sciences Inc.
XGN,Exagen Inc.
CMRC,"Commerce.com, Inc."
LUCD,Lucid Diagnostics Inc.
LEE,"Lee Enterprises, Incorporated"
ANNA,"AleAnna, Inc."
SHMD,SCHMID Group N.V.
CDXS,"Codexis, Inc."
GPAT,GP-Act III Acquisition Corp.
ARCL,ARC Group Acquisition I Corp
ECBK,"ECB Bancorp, Inc."
CTW,CTW
CNTN,"Canton Strategic Holdings, Inc."
EBMT,"Eagle Bancorp Montana, Inc."
CHEC,Chenghe Acquisition III Co.
BREZ,Breeze Acquisition Corp. II
CRBU,"Caribou Biosciences, Inc."
EPSN,Epsilon Energy Ltd.
PAAC,Proem Acquisition Corp I
SPRB,"Spruce Biosciences, Inc."
OGI,Organigram Global Inc.
LFCR,"Lifecore Biomedical, Inc."
WW,"WW International, Inc."
WALD,Waldencast plc
CYPH,Cypherpunk Technologies Inc.
ATOM,Atomera Incorporated
RTB,"RTB Digital, Inc."
MRDN,Meridian Holdings Inc.
NUTR,NusaTrip Incorporated
PONO,"Pono Capital Four, Inc."
QSI,Quantum-Si incorporated
SEVN,Seven Hills Realty Trust
LAWR,"Robot Consulting Co., Ltd."
SBFG,"SB Financial Group, Inc."
RDCM,RADCOM Ltd.
MOLN,Molecular Partners AG
SHIM,Shimmick Corporation
MNSB,"MainStreet Bancshares, Inc."
DOMO,"Domo, Inc."
CTAA,ClearThink 1 Acquisition Corp.
SKYX,SKYX Platforms Corp.
KZIA,Kazia Therapeutics Limited
NYXH,Nyxoah SA
MENS,Jyong Biotech Ltd.
MIST,Milestone Pharmaceuticals Inc.
NMP,NMP Acquisition Corp.
BSET,"Bassett Furniture Industries, Incorporated"
TONX,TON Strategy Company
MDWD,MediWound Ltd.
BZUN,Baozun Inc.
CURI,CuriosityStream Inc.
BVFL,"BV Financial, Inc."
ENGS,Energys Group Limited
EMIS,Emmis Acquisition Corp.
HTLM,HomesToLife Ltd.
LKSP,Lake Superior Acquisition Corp.
LAFA,LaFayette Acquisition Corp.
DPRO,Draganfly Inc.
SPEG,Silver Pegasus Acquisition Corp.
CAAS,"China Automotive Systems, Inc."
FMAC,Future Money Acquisition Corporation
SAFX,"XCF Global, Inc."
TORO,Toro Corp.
GSIW,Garden Stage Limited
BCBP,"BCB Bancorp, Inc."
EML,The Eastern Company
LFMD,"LifeMD, Inc."
TNYA,"Tenaya Therapeutics, Inc."
INSE,"Inspired Entertainment, Inc."
OKUR,"OnKure Therapeutics, Inc."
NIU,Niu Technologies
HDRN,"Hadron Energy, Inc."
INDP,"Indaptus Therapeutics, Inc."
INAC,Indigo Acquisition Corp.
ZJK,"ZJK Industrial Co., Ltd."
OTLK,"Outlook Therapeutics, Inc."
CEPS,"Cantor Equity Partners VI, Inc."
UNCY,"Unicycive Therapeutics, Inc."
WHF,"WhiteHorse Finance, Inc."
TUSK,"Mammoth Energy Services, Inc."
FJDI,ARC Group Securities Acquisition I
PAL,"Proficient Auto Logistics, Inc."
DIBS,"1stdibs.Com, Inc."
LENZ,"LENZ Therapeutics, Inc."
SRBK,"SR Bancorp, Inc."
NRXP,"NRx Pharmaceuticals, Inc."
EQ,"Equillium, Inc."
OBTC,Osprey Bitcoin Trust
BMHL,Bluemount Holdings Limited
AARD,"Aardvark Therapeutics, Inc."
HURC,"Hurco Companies, Inc."
KRMD,"KORU Medical Systems, Inc."
INGN,"Inogen, Inc."
APUR,Aperture AC
ALPX,Alpex Acquisition Corporation
CNTB,Connect Biopharma Holdings Limited
PLBY,"Playboy, Inc."
HOFT,Hooker Furnishings Corporation
OPRX,OptimizeRx Corporation
OXSQ,Oxford Square Capital Corp.
RGP,"Resources Connection, Inc."
NSAI,Northstrive Acquisition Corp I.
AIFU,AIFU Inc.
USDE,StablecoinX Inc.
STEX,Streamex Corp.
CLAR,Clarus Corporation
DLTH,Duluth Holdings Inc.
TLSA,Tiziana Life Sciences Ltd
IMDX,Insight Molecular Diagnostics Inc.
BHAV,BHAV Acquisition Corp
DFDV,DeFi Development Corp.
EDRY,EuroDry Ltd.
ACNT,Ascent Industries Co.
MYX,Maywood Acquisition Corp. 2
RFAM,RF Acquisition Corp III
WATR,Air Water Ventures Limited
ZENA,"ZenaTech, Inc."
SCPQ,Social Commerce Partners Corporation
TCGX,TCGX Acquisition Corp.
KVHI,"KVH Industries, Inc."
FTHA,Forefront Tech Holdings Acquisition Corp.
SVRE,SaverOne 2014 Ltd.
BOOM,DMC Global Inc.
SMID,Smith-Midland Corporation
HURA,"TuHURA Biosciences, Inc."
AMTX,"Aemetis, Inc."
FGBI,"First Guaranty Bancshares, Inc."
JLHL,Julong Holding Limited
AOUT,"American Outdoor Brands, Inc."
MXCT,"MaxCyte, Inc."
INO,"Inovio Pharmaceuticals, Inc."
CPIX,Cumberland Pharmaceuticals Inc.
HYNE,"Hoyne Bancorp, Inc."
USGO,U.S. GoldMining Inc.
DMRC,Digimarc Corporation
FLX,BingEx Limited
BEEP,Mobile Infrastructure Corporation
DOYU,DouYu International Holdings Limited
ENGN,enGene Therapeutics Inc.
EWAV,East West Ave Acquisition Corp.
BDTX,"Black Diamond Therapeutics, Inc."
BRLT,"Brilliant Earth Group, Inc."
WTF,Waton Financial Limited
PMN,"ProMIS Neurosciences, Inc."
APYX,Apyx Medical Corporation
SANG,Sangoma Technologies Corporation
CBUS,"Cibus, Inc."
NCSM,"NCS Multistage Holdings, Inc."
NIPG,NIP Group Inc.
VANI,"Vivani Medical, Inc."
FWAC,Futurewave Acquisition Corporation
FXAC,FortuneX Acquisition Corporation
MGYR,"Magyar Bancorp, Inc."
NCO,Southern Cross Acquisition I Corp.
QTRX,Quanterix Corporation
LSBK,"Lake Shore Bancorp, Inc."
NICM,Nicola Mining Inc.
RDZN,"Roadzen, Inc."
NAKA,Nakamoto Inc.
ANPA,Rich Sparkle Holdings Limited
BMEA,"Biomea Fusion, Inc."
HSDT,Solana Company
INV,"Innventure, Inc."
ANIX,"Anixa Biosciences, Inc."
FLNT,"Fluent, Inc."
PNBK,"Patriot National Bancorp, Inc."
GNLX,Genelux Corporation
SFBC,"Sound Financial Bancorp, Inc."
HOVR,New Horizon Aircraft Ltd.
TENX,"Tenax Therapeutics, Inc."
BOTJ,"Bank of the James Financial Group, Inc."
AIOS,AIOS Tech Inc.
RENT,"Rent the Runway, Inc."
AGPU,Axe Compute Inc.
ATGL,Alpha Technology Group Limited
WSBK,"Winchester Bancorp, Inc."
BNC,CEA Industries Inc.
HUHU,HUHUTECH International Group Inc.
CHAR,Charlton Aria Acquisition Corporation
JFIN,Jiayin Group Inc.
HCAT,"Health Catalyst, Inc."
NAUT,"Nautilus Biotechnology, Inc."
PGAC,Pantages Capital Acquisition Corporation
SAMG,Silvercrest Asset Management Group Inc.
HCHL,Happy City Holdings Limited
RACD,Research Alliance Corporation IV
BRKH,Burtech Acquisition Corp II
QUMS,Quantumsphere Acquisition Corporation
GUTS,"Fractyl Health, Inc."
RANI,"Rani Therapeutics Holdings, Inc."
STHO,Star Holdings
LAKE,"Lakeland Industries, Inc."
CVGI,"Commercial Vehicle Group, Inc."
UNB,"Union Bankshares, Inc."
JYNT,The Joint Corp.
OCC,Optical Cable Corporation
QUCY,Quantum Cyber N.V.
CODA,"Coda Octopus Group, Inc."
RFIL,"RF Industries, Ltd."
PROV,"Provident Financial Holdings, Inc."
BSBK,Bogota Financial Corp.
PLMK,Plum Acquisition Corp. IV
DH,Definitive Healthcare Corp.
COYA,"Coya Therapeutics, Inc."
CSTE,Caesarstone Ltd.
NTHI,"NeOnc Technologies Holdings, Inc."
CCLD,"CareCloud, Inc."
SEER,"Seer, Inc."
YARW,"Yarrow Bioscience, Inc."
GPRO,"GoPro, Inc."
BNR,Burning Rock Biotech Limited
BGM,BGM Group Ltd.
ULBI,Ultralife Corporation
TDTH,Trident Digital Tech Holdings Ltd
ONCY,Oncolytics Biotech Inc.
DTCX,"Datacentrex, Inc."
KEQU,Kewaunee Scientific Corporation
SLNG,"Stabilis Solutions, Inc."
QSEA,Quartzsea Acquisition Corporation
LUNG,Pulmonx Corporation
BYFC,Broadway Financial Corporation
AMPG,"AmpliTech Group, Inc."
LNSR,"LENSAR, Inc."
JXG,JX Luxventure Group Inc.
PLCI,Pelican Acquisition II Corporation
CHPG,ChampionsGate Acquisition Corporation
SPAI,Safe Pro Group Inc.
PLYX,"Polaryx Therapeutics, Inc."
BWEN,"Broadwind, Inc."
PYPD,PolyPid Ltd.
PUSA,Aureus Greenway Holdings Inc.
NOEM,CO2 Energy Transition Corp.
PBHC,"Pathfinder Bancorp, Inc."
AMAN,Amanat Acquisition Corp
DWSN,Dawson Geophysical Company
RVSB,"Riverview Bancorp, Inc."
PFX,PhenixFIN Corporation
XHLD,"TEN Holdings, Inc."
OESX,"Orion Energy Systems, Inc."
OCLT,OceanLight Acquisition Corporation
MBOT,Microbot Medical Inc.
SUNS,"Sunrise Realty Trust, Inc."
BVC,BitVentures Limited
HERE,Here Group Limited
TCX,Tucows Inc.
QXL,Quantum X Labs Inc.
AMBR,Amber International Holding Limited
ZSTK,ZeroStack Corp.
GRWG,GrowGeneration Corp.
SPKL,Spark I Acquisition Corporation
CGTX,"Cognition Therapeutics, Inc."
HFFG,HF Foods Group Inc.
ATLX,Atlas Lithium Corporation
BNAI,"Brand Engagement Network, Inc."
PARK,"Park Dental Partners, Inc."
CIGL,Concorde International Group Ltd.
FNWB,First Northwest Bancorp
KLRS,"Kalaris Therapeutics, Inc."
NVX,NOVONIX Limited
ACET,"Adicet Bio, Inc."
FDSB,"Fifth District Bancorp, Inc."
VIRC,Virco Mfg. Corporation
INVZ,Innoviz Technologies Ltd.
VRA,"Vera Bradley, Inc."
WRAP,"Wrap Technologies, Inc."
FTLF,"FitLife Brands, Inc."
BCIC,BCP Investment Corp.
YDDL,One and one Green Technologies. Inc
HLP,Hongli Group Inc.
ATRA,"Atara Biotherapeutics, Inc."
ALDX,"Aldeyra Therapeutics, Inc."
ARQ,"Arq, Inc."
FBIO,"Fortress Biotech, Inc."
JATT,JATT II Acquisition Corp.
TAVI,Tavia Acquisition Corp.
ECOR,"electroCore, Inc."
MNTS,Momentus Inc.
AEC,Anfield Energy Inc.
AUBN,"Auburn National Bancorporation, Inc."
LSE,"Leishen Energy Holding Co., Ltd."
HYPR,"Hyperfine, Inc."
MDIA,MediaCo Holding Inc.
ICCC,ImmuCell Corporation
UBCP,"United Bancorp, Inc."
FUSB,"First US Bancshares, Inc."
AEYE,"AudioEye, Inc."
DWTX,"Dogwood Therapeutics, Inc."
BZFD,"BuzzFeed, Inc."
SIMA,SIM Acquisition Corp. I
AMCI,AMC Robotics Corporation
NEXM,NexMetals Mining Corp.
RLYB,Rallybio Corporation
MMTX,Miluna Acquisition Corp
ORIQ,Origin Investment Corp I
SKIN,SkinHealth Systems Inc.
ACRV,"Acrivon Therapeutics, Inc."
ANTA,Antalpha Platform Holding Company
MMLP,Martin Midstream Partners L.P.
DTI,Drilling Tools International Corporation
JTTT,JATT III Acquisition Corp
CVRX,"CVRx, Inc."
SSBI,Summit State Bank
ZYBT,Zhengye Biotechnology Holding Limited
NDLS,Noodles & Company
MCAH,Mountain Crest Acquisition 6 Corp.
EMPD,Empery Digital Inc.
ASRV,"AmeriServ Financial, Inc."
ALIS,Calisa Acquisition Corp
BLNK,Blink Charging Co.
SEV,Aptera Motors Corp.
GOSS,"Gossamer Bio, Inc."
THRY,"Thryv Holdings, Inc."
ISPR,Ispire Technology Inc.
MWC,"Micware Co., Ltd."
VRCA,Verrica Pharmaceuticals Inc.
PECE,Peace Acquisition Corp
MAYS,"J.W. Mays, Inc."
FATN,"FatPipe, Inc."
RPID,"Rapid Micro Biosystems, Inc."
BYRN,Byrna Technologies Inc.
LFVN,LifeVantage Corporation
CTOR,"Citius Oncology, Inc."
GECC,Great Elm Capital Corp.
SIEB,Siebert Financial Corp.
BSIN,Big Sky Industrial Inc.
USIO,"Usio, Inc."
AIFC,AI Financial Corporation
AIRT,"Air T, Inc."
NFE,New Fortress Energy Inc.
SERA,"Sera Prognostics, Inc."
APAC,StoneBridge Acquisition II Corporation
CBAT,CBAK Energy Technology Limited
CPHC,Canterbury Park Holding Corporation
ARBE,Arbe Robotics Ltd.
WSTN,Westin Acquisition Corp
CPBI,"Central Plains Bancshares, Inc."
JFB,JFB Construction Holdings
VNCE,Vince Holding Corp.
LINK,"Interlink Electronics, Inc."
OKYO,OKYO Pharma Limited
MB,MasterBeef Group
NAMM,Namib Minerals
LNZA,"LanzaTech Global, Inc."
LPAA,Launch One Acquisition Corp.
MCHX,"Marchex, Inc."
VERI,"Veritone, Inc."
TELO,"Telomir Pharmaceuticals, Inc."
LGO,Largo Inc.
IPWR,Ideal Power Inc.
OM,"Outset Medical, Inc."
FLL,"Full House Resorts, Inc."
TYGO,"Tigo Energy, Inc."
CSPI,CSP Inc.
SCOR,"comScore, Inc."
ROC,Rank One Computing Corporation
SOTK,Sono-Tek Corporation
HNNA,"Hennessy Advisors, Inc."
SSTI,"SoundThinking, Inc."
NPT,Texxon Holding Limited
GANX,"Gain Therapeutics, Inc."
GLBS,Globus Maritime Limited
REKR,"Rekor Systems, Inc."
PODC,"PodcastOne, Inc."
SSEA,Starry Sea Acquisition Corp
CING,Cingulate Inc.
HMR,Heidmar Maritime Holdings Corp.
SUIG,SUI Group Holdings Limited
ELTX,"Elicio Therapeutics, Inc."
AFCG,Advanced Flower Capital Inc.
ATHE,Alterity Therapeutics Limited
GCL,GCL Global Holdings Ltd
SCAT,Southern Cross Acquisition II Corp
SEAT,Vivid Seats Inc.
WTG,Wintergreen Acquisition Corp.
NTIC,Northern Technologies International Corporation
CRDF,"Cardiff Oncology, Inc."
BTCS,BTCS Inc.
HFBL,"Home Federal Bancorp, Inc. of Louisiana"
FRMM,"Forum Markets, Incorporated"
NBRG,Newbridge Acquisition Limited
BPAC,Blueport Acquisition Ltd
CPSH,CPS Technologies Corporation
ELOX,"Eloxx Pharmaceuticals, Inc."
FSEA,"First Seacoast Bancorp, Inc."
UPXI,"Upexi, Inc."
CIRC,"Circle8 Group, Inc."
INSG,Inseego Corp.
NCTY,The9 Limited
INTG,The InterGroup Corporation
FVN,Future Vision II Acquisition Corp.
LONA,"LeonaBio, Inc."
AISP,"Airship AI Holdings, Inc."
FEAM,"5E Advanced Materials, Inc."
ZTEK,Zentek Ltd.
MNOV,"MediciNova, Inc."
MOB,Mobilicom Limited
RSSS,"Research Solutions, Inc."
RANG,Range Capital Acquisition Corp.
MDXH,MDxHealth SA
PIII,P3 Health Partners Inc.
BZAI,"Blaize Holdings, Inc."
CAST,"FreeCast, Inc."
PLRX,"Pliant Therapeutics, Inc."
SDA,SunCar Technology Group Inc.
YIBO,Planet Image International Limited
WSHP,WeShop Holdings Limited
VHUB,"VenHub Global, Inc."
JRSH,"Jerash Holdings (US), Inc."
SFWL,Shengfeng Development Limited
ODYS,Odysight.ai Inc.
OPXS,"Optex Systems Holdings, Inc"
SPRO,"Spero Therapeutics, Inc."
IBIO,"iBio, Inc."
LASE,Laser Photonics Corporation
VIVO,VivoPower PLC
XBIT,XBiotech Inc.
CLST,"Catalyst Bancorp, Inc."
GNSS,Genasys Inc.
AIRG,"Airgain, Inc."
PMVP,"PMV Pharmaceuticals, Inc."
HAIN,"The Hain Celestial Group, Inc."
ALPS,Alps Group Inc
GOAI,"Eva Live, Inc."
EXOZ,"eXoZymes, Inc."
ZKIN,"ZK International Group Co., Ltd."
INVE,"Identiv, Inc."
TZOO,Travelzoo
RNTX,Rein Therapeutics Inc.
DRIO,DarioHealth Corp.
NSTS,"NSTS Bancorp, Inc."
CRGO,Freightos Limited
CSBR,"Champions Oncology, Inc."
GRSD,Grandstand Limited
BAER,"Bridger Aerospace Group Holdings, Inc."
TTEC,"TTEC Holdings, Inc."
INMB,INmune Bio Inc.
RYOJ,"rYojbaba Co., Ltd."
CCAQ,Collective Acquisition Corp.
AESP,Aeon Acquisition I Corp.
VYGR,"RenovoRx, Inc."
HYFT,MindWalk Holdings Corp.
GEOS,Geospace Technologies Corporation
SLSN,"Solesence, Inc."
RDIB,"Reading International, Inc."
RGS,Regis Corporation
EDSA,"Edesa Biotech, Inc."
BOLD,"Boundless Bio, Inc."
HIT,"Health In Tech, Inc."
WFCF,"Where Food Comes From, Inc."
AACG,ATA Creativity Global
TLPH,"Talphera, Inc."
BSEM,"BioStem Technologies, Inc."
WNW,Meiwu Technology Company Limited
AUC,ATIF Holdings Limited
ASPS,Altisource Portfolio Solutions S.A.
INCR,InterCure Ltd.
GENK,"GEN Restaurant Group, Inc."
HOUR,"Hour Loop, Inc."
DLHC,DLH Holdings Corp.
SELF,"Global Self Storage, Inc."
ELBM,Electra Battery Materials Corporation
TJGC,TJGC Group Limited
SPWR,SunPower Inc.
WATT,Energous Corporation
STI,"Solidion Technology, Inc."
SOWG,Sow Good Inc.
IMA,"ImageneBio, Inc."
GDHG,Golden Heaven Group Holdings Ltd.
GLND,Greenland Energy Company
DOMH,Dominari Holdings Inc.
NNOX,Nano-X Imaging Ltd.
TREO,Tactical Resources Corp.
MYPS,"PLAYSTUDIOS, Inc."
CLNN,Clene Inc.
YTRA,"Yatra Online, Inc."
XLO,"Xilio Therapeutics, Inc."
CAPN,Cayson Acquisition Corp
LFS,"Leifras Co., Ltd."
PLCE,"The Children's Place, Inc."
PROP,Prairie Operating Co.
HRTX,"Heron Therapeutics, Inc."
AEI,Alset Inc.
BOF,BranchOut Food Inc.
INKT,"MiNK Therapeutics, Inc."
DXR,Daxor Corporation
KG,Kestrel Group Ltd
HWH,HWH International Inc.
APWC,Asia Pacific Wire & Cable Corporation Limited
SGA,"Saga Communications, Inc."
SPCB,SuperCom Ltd.
TPCS,TechPrecision Corporation
UEIC,Universal Electronics Inc.
IDN,"Intellicheck, Inc."
APLM,"Apollomics, Inc."
ICG,Intchains Group Limited
UYSC,UY Scuti Acquisition Corp.
CNVS,Cineverse Corp.
BRID,Bridgford Foods Corporation
COCH,"Envoy Medical, Inc."
SCYX,"SCYNEXIS, Inc."
WKEY,WISeKey International Holding AG
SOGP,Sound Group Inc.
NCEW,New Century Logistics (BVI) Limited
VHC,VirnetX Holding Corporation
VGAS,"Verde Clean Fuels, Inc."
VIOT,"Viomi Technology Co., Ltd"
LIDR,"AEye, Inc."
NAAS,NaaS Technology Inc.
NTRB,Nutriband Inc.
MKDW,MKDWELL Tech Inc.
SKYA,"SkyAI, Inc."
RIBB,Ribbon Acquisition Corp.
IBAC,IB Acquisition Corp.
PRPO,"Precipio, Inc."
KNDI,"Kandi Technologies Group, Inc."
IZEA,"IZEA Worldwide, Inc."
SRTS,"Sensus Healthcare, Inc."
FBDT,"First Breach, Inc."
ATYR,"aTyr Pharma, Inc."
XTIA,"XTI Aerospace, Inc."
AURE,Aurelion Inc.
PXS,Pyxis Tankers Inc.
GGR,Gogoro Inc.
TIL,"Instil Bio, Inc."
OMEX,"Odyssey Marine Exploration, Inc."
ACFN,"Acorn Energy, Inc."
ELTK,Eltek Ltd.
IMMP,Immutep Limited
CMTL,Comtech Telecommunications Corp.
TCRX,"TScan Therapeutics, Inc."
HYPD,"Hyperion DeFi, Inc."
BTMD,biote Corp.
TACT,TransAct Technologies Incorporated
TOUR,Tuniu Corporation
STKS,"The ONE Group Hospitality, Inc."
LVO,"LiveOne, Inc."
MDAI,"Spectral AI, Inc."
PRTS,"CarParts.com, Inc."
KFFB,Kentucky First Federal Bancorp
XOS,"Xos, Inc."
FXHO,UTime Limited
CVV,CVD Equipment Corporation
RYM,"RYTHM, Inc."
ZOOZ,ZOOZ Strategy Ltd.
BDMD,Baird Medical Investment Holdings Limited
PCLA,PicoCELA Inc.
DSWL,"Deswell Industries, Inc."
BKHA,Black Hawk Acquisition Corporation
OFS,OFS Capital Corporation
SORA,AsiaStrategy
NA,Nano Labs Ltd
COLA,Columbus Acquisition Corp
NTWK,"NetSol Technologies, Inc."
HOWL,"Werewolf Therapeutics, Inc."
VERU,Veru Inc.
POCI,"Precision Optics Corporation, Inc."
MCRB,"Seres Therapeutics, Inc."
STKE,Sol Strategies Inc.
YHNA,YHN Acquisition I Limited
IPEX,Inflection Point Acquisition Corp. V
ALGS,"Aligos Therapeutics, Inc."
TEAD,Teads Holding Co.
TCBS,"Texas Community Bancshares, Inc."
QTI,"QT Imaging Holdings, Inc."
ELWT,"Elauwit Connection, Inc."
VTIX,Virtuix Holdings Inc.
RMCO,Royalty Management Holding Corporation
MGX,"Metagenomi Therapeutics, Inc."
BRAG,Bragg Gaming Group Inc.
LOAN,"Manhattan Bridge Capital, Inc."
KBSX,FST Corp.
QTEX,QTREX Quantum Ltd.
SCWO,374Water Inc.
MBBC,"Marathon Bancorp, Inc."
BHST,BioHarvest Sciences Inc.
SPWH,"Sportsman's Warehouse Holdings, Inc."
GRCE,"Grace Therapeutics, Inc."
MLGO,MicroAlgo Inc.
ABLV,Able View Global Inc.
BODI,"The Beachbody Company, Inc."
FLNA,"Filana Therapeutics, Inc."
FTEK,"Fuel Tech, Inc."
GAME,"GameSquare Holdings, Inc."
KPTI,Karyopharm Therapeutics Inc.
PTLE,PTL Limited
RDI,"Reading International, Inc."
MREO,Mereo BioPharma Group plc
TC,Token Cat Limited
ELUT,Elutia Inc.
IXHL,Incannex Healthcare Inc.
RAVE,"Rave Restaurant Group, Inc."
MVIS,"MicroVision, Inc."
QETA,Quetta Acquisition Corporation
NEPH,"Nephros, Inc."
SLMT,Brera Holdings PLC
CULP,"Culp, Inc."
TVGN,Tevogen Inc.
PHUN,"Phunware, Inc."
AHMA,Ambitions Enterprise Management Co. L.L.C
SAIH,SAIHEAT Limited
ACTU,"Actuate Therapeutics, Inc."
SJ,Scienjoy Holding Corporation
EUDA,EUDA Health Holdings Limited
GMHS,Gamehaus Holdings Inc.
HOLO,MicroCloud Hologram Inc.
SNWV,"SANUWAVE Health, Inc."
WAVE,Eco Wave Power Global AB (publ)
MAMO,Massimo Group
NOMA,Nomadar Corp.
HGBL,Heritage Global Inc.
GROW,"U.S. Global Investors, Inc."
DTSQ,DT Cloud Star Acquisition Corporation
NSPR,"InspireMD, Inc."
CCG,Cheche Group Inc.
VRXA,Veraxa Biotech AG
PXLW,"Pixelworks, Inc."
BGDE,"Big Digital Energy, Inc."
FGNX,FG Nexus Inc.
KTCC,Key Tronic Corporation
LCCC,Lakeshore Acquisition III Corp.
MATH,Metalpha Technology Holding Limited
SNT,Senstar Technologies Corporation
SYPR,"Sypris Solutions, Inc."
YOUL,Youlife Group Inc.
ARBK,Argo Blockchain plc
CRVO,CervoMed Inc.
NXXT,"NextNRG, Inc."
GAIA,"Gaia, Inc."
MIND,"MIND Technology, Inc."
RNAZ,"TransCode Therapeutics, Inc."
YAAS,Youxin Technology Ltd
FSHP,Flag Ship Acquisition Corporation
SCLX,Scilex Holding Company
ETS,Elite Express Holding Inc.
ACCL,Acco Group Holdings Limited
PLUT,Plutus Financial Group Limited
DCGO,DocGo Inc.
THCH,TH International Limited
CNTX,Context Therapeutics Inc.
PN,PN Smart Energy Limited
LVLU,"Lulu's Fashion Lounge Holdings, Inc."
JG,Aurora Mobile Limited
BEEM,Beam Global
AFJK,"Aimei Health Technology Co., Ltd"
CREX,"Creative Realities, Inc."
MNY,MoneyHero Limited
EHTH,"eHealth, Inc."
STRR,"Star Equity Holdings, Inc."
DGNX,Diginex Limited
FTCI,"FTC Solar, Inc."
PETS,"PetMed Express, Inc."
RPGL,Republic Power Group Limited
PAVM,PAVmed Inc.
RCON,"Recon Technology, Ltd."
ATHR,"Aether Holdings, Inc."
AERT,"Aeries Technology, Inc"
MLCI,Mount Logan Capital Inc.
FIEE,"FiEE, Inc."
KAZR,Skyline Builders Group Holding Limited
RYET,Ruanyun Edai Technology Inc.
BCTX,BriaCell Therapeutics Corp.
VTSI,"VirTra, Inc."
JFU,9F Inc.
CNTY,"Century Casinos, Inc."
HBIO,"Harvard Bioscience, Inc."
DXLG,"Destination XL Group, Inc."
BBGI,"Beasley Broadcast Group, Inc."
TWG,Top Wealth Group Holding Limited
BENF,Beneficient
ITOC,iTonic Holdings Ltd.
LITS,"Lite Strategy, Inc."
ONMD,OneMedNet Corporation
MF,MindForge Inc.
NSYS,Nortech Systems Incorporated
LPSN,"LivePerson, Inc."
XBP,"XBP Global Holdings, Inc."
GRAN,Grande Group Limited
RAND,Rand Capital Corporation
UG,"United-Guardian, Inc."
WKHS,"Workhorse Group, Inc."
KLXE,"KLX Energy Services Holdings, Inc."
YI,"111, Inc."
KYNB,"Kyntra Bio, Inc."
VIP,Vulcan Infrastructure and Power Inc.
PPSI,"Pioneer Power Solutions, Inc."
SWAG,"Stran & Company, Inc."
KSCP,"Knightscope, Inc."
WPRT,Westport Fuel Systems Inc.
KOSS,Koss Corporation
BLNE,"Beeline Holdings, Inc."
BOSC,B.O.S. Better Online Solutions Ltd.
CLPS,CLPS Incorporation
PFAI,Pinnacle Food Group Limited
RMTI,"Rockwell Medical, Inc."
QNCX,"Quince Therapeutics, Inc."
EXYN,"Exyn Technologies, Inc."
HHS,"Harte Hanks, Inc."
ESLA,"Estrella Immunopharma, Inc."
MDBH,"MDB Capital Holdings, LLC"
CLIR,ClearSign Technologies Corporation
CRWS,"Crown Crafts, Inc."
LGVN,Longeveron Inc.
MIRA,"MIRA Pharmaceuticals, Inc."
ARAY,Accuray Incorporated
FLD,"Fold Holdings, Inc."
RADX,Radiopharm Theranostics Limited
TELA,"TELA Bio, Inc."
QRHC,Quest Resource Holding Corporation
ANGH,Anghami Inc.
PC,Premium Catering (Holdings) Limited
DAIO,Data I/O Corporation
SPHL,Springview Holdings Ltd
ASTI,"Ascent Solar Technologies, Inc."
FNUC,Frontier Nuclear and Minerals Inc.
TAOX,TAO Synergies Inc.
PSIG,PS International Group Ltd.
FKWL,Franklin Wireless Corp.
VWAV,"VisionWave Holdings, Inc."
LIVE,Live Ventures Incorporated
GIFT,"Giftify, Inc."
BANL,CBL International Limited
BRNS,Barinthus Biotherapeutics plc
NCI,Neo-Concept International Group Holdings Limited
LOOP,"Loop Industries, Inc."
GRDX,GridAI Technologies Corp.
BYSI,BeyondSpring Inc.
YSXT,"YSX Tech. Co., Ltd"
BIRD,"Smartbird, Inc"
OPTH,Optimi Health Corp.
LTRN,Lantern Pharma Inc.
EHLD,Euroholdings Ltd.
MERC,Mercer International Inc.
AWRE,"Aware, Inc."
MDRR,"Medalist Diversified, Inc."
BEAT,"HeartBeam, Inc."
EVAX,Evaxion A/S
KMRK,K-TECH Solutions Company Limited
DUO,Fangdd Network Group Ltd.
MODD,"Modular Medical, Inc."
MWYN,"Marwynn Holdings, Inc."
BRLS,Borealis Foods Inc.
NXTC,"NextCure, Inc."
GNTA,Genenta Science S.p.A.
AAME,Atlantic American Corporation
SNAL,"Snail, Inc."
ENLV,Enlivex Ltd.
ATOS,"Atossa Therapeutics, Inc."
BIOX,Bioceres Crop Solutions Corp.
TXMD,"TherapeuticsMD, Inc."
USEA,United Maritime Corporation
AVX,Avax One Technology Ltd.
STAK,STAK Inc.
ASPC,A SPAC III Acquisition Corp.
VAI,Senmiao Technology Limited
CELU,Celularity Inc.
EURK,Eureka Acquisition Corp
NXPL,NextPlat Corp
QNTM,Quantum BioPharma Ltd.
WIMI,WiMi Hologram Cloud Inc.
NUR,Nuran Wireless Inc.
PBK,PowerBank Corporation
BCG,"Binah Capital Group, Inc."
AYTU,"Aytu BioPharma, Inc."
YMT,Yimutian Inc.
FEMY,Femasys Inc.
NWGL,CL Workshop Group Limited
BTAI,"BioXcel Therapeutics, Inc."
CDLX,"Cardlytics, Inc."
HKIT,Hitek Global Inc.
MRKR,"Marker Therapeutics, Inc."
AVAT,Avalanche Treasury Corporation
DYAI,"Dyadic International, Inc."
CLRB,"Cellectar Biosciences, Inc."
TRSG,Tungray Technologies Inc.
JSPR,"Jasper Therapeutics, Inc."
CTRM,Castor Maritime Inc.
SKYQ,Sky Quarry Inc.
TVRD,"Tvardi Therapeutics, Inc."
PRHI,"Presurance Holdings, Inc."
IPM,Intelligent Protection Management Corp.
BSAA,BEST SPAC I Acquisition Corp.
EPOW,E-Power Inc.
BLIV,BeLive Holdings
YQ,17 Education & Technology Group Inc.
FTHM,Fathom Holdings Inc.
GTEC,Greenland Technologies Holding Corporation
NIKI,"Niki BioSolutions, Inc."
SWVL,Swvl Holdings Corp.
CNSY,"Cerenome, Inc."
BFRI,Biofrontera Inc.
GRNQ,Greenpro Capital Corp.
CTSO,Cytosorbents Corporation
UCAR,U Power Limited
FUSE,Fusemachines Inc.
HTOO,Fusion Fuel Green PLC
SDOT,Sadot Group Inc.
UTSI,UTStarcom Holdings Corp.
OFAL,OFA Group
SLGB,Smart Logistics Global Limited
HTCO,High-Trend International Group
PLSM,Pulsenmore Ltd.
JDZG,JIADE Limited
FTFT,Future FinTech Group Inc.
PDC,Perpetuals.com Ltd
PLRZ,Polyrizon Ltd.
COCP,"Cocrystal Pharma, Inc."
COSM,Cosmos Health Inc.
BTCT,BTC Digital Ltd.
ALLR,"Allarity Therapeutics, Inc."
TLF,"Tandy Leather Factory, Inc."
PSHG,Performance Shipping Inc.
LFWD,Lifeward Ltd.
FOXX,Foxx Development Holdings Inc.
BRFH,"Barfresh Food Group, Inc."
ANY,Sphere 3D Corp.
NEUP,Neuphoria Therapeutics Inc.
SPPL,Simpple Ltd.
UONE,"Urban One, Inc."
FMST,Foremost Clean Energy Ltd.
SCAG,Scage Future
NIXX,"Nixxy, Inc."
PRPL,"Purple Innovation, Inc."
TGHL,The Growhub Limited
QCLS,"Q/C Technologies, Inc."
LICN,Lichen International Limited
ILLR,Triller Group Inc.
MNDO,MIND C.T.I. Ltd
BTLN,"Brightline Interactive, Inc."
PMEC,Primech Holdings Ltd.
CALC,"CalciMedica, Inc."
FABC,"Fabric.AI, Inc."
PRZO,ParaZero Technologies Ltd.
DFNS,T3 Defense Inc.
JVA,"Coffee Holding Co., Inc."
ATCX,Atlas Critical Minerals Corporation
ORIO,Orion Digital Corp.
DETX,"Liberty Defense Holdings, Ltd."
PTN,"Palatin Technologies, Inc."
NCEL,NewcelX Ltd.
YXT,YXT.COM Group Holding Limited
LIQT,"LiqTech International, Inc."
HODO,House of Doge Inc.
BMR,Beamr Imaging Ltd.
FOFO,"Hang Feng Technology Innovation Co., Ltd."
AZIO,"Azio AI Holdings, Inc."
DUKR,DUKE Robotics Corp.
ARKR,Ark Restaurants Corp.
CYCN,"Cyclerion Therapeutics, Inc."
EPSM,Epsium Enterprise Limited
KTTA,Pasithea Therapeutics Corp.
AMOD,"Alpha Modus Holdings, Inc."
CMMB,Chemomab Therapeutics Ltd.
GYGY,"Game Your Game, Inc."
SMX,SMX (Security Matters) Public Limited Company
AIXC,"AIxCrypto Holdings, Inc."
ZEO,Zeo Energy Corp.
ABVC,"ABVC BioPharma, Inc."
CRMT,"America's Car-Mart, Inc."
MSGM,Motorsport Games Inc.
RDAC,Rising Dragon Acquisition Corp.
JL,J-Long Group Limited
LEXX,Lexaria Bioscience Corp.
NMTC,NeuroOne Medical Technologies Corporation
MRNO,Murano Global Investments Plc
RECT,Rectitude Holdings Ltd
RKTO,Rocket One Inc.
AIFA,All In FutureTech Alliance Inc.
BCDA,"BioCardia, Inc."
MGIH,Millennium Group International Holdings Limited
UFG,Uni-Fuels Holdings Limited
PASW,"Ping An Biomedical Co., Ltd."
HUIZ,Huize Holding Limited
XCH,XCHG Limited
LPCN,Lipocine Inc.
AKTX,"Akari Therapeutics, Plc"
EFOI,"Energy Focus, Inc."
DSY,Big Tree Cloud Holdings Limited
NTRP,"NextTrip, Inc."
IDAI,T Stamp Inc.
JF,J and Friends Holdings Limited
TPST,"Tempest Therapeutics, Inc."
DCX,Digital Currency X Technology Inc.
LRE,"Lead Real Estate Co., Ltd"
MDCX,Medicus Pharma Ltd.
INTZ,Intrusion Inc.
DFLI,Dragonfly Energy Holdings Corp.
TLIH,Ten-League International Holdings Limited
REFR,Research Frontiers Incorporated
CLRO,"ClearOne, Inc."
SMSI,"Smith Micro Software, Inc."
LEDS,SemiLEDs Corporation
PBM,Psyence Biomedical Ltd.
SVRN,OceanPal Inc.
PMA,Ming Shing Group Holdings Limited
ONEG,OneConstruction Group Limited
LSTA,"Lisata Therapeutics, Inc."
TULP,"Bloomia Holdings, Inc."
RAY,Raytech Holding Limited
GTIM,Good Times Restaurants Inc.
GRML,Greenland Mines Ltd
AIFF,"Firefly Neuroscience, Inc."
PLUR,Pluri Inc.
WETH,Wetouch Technology Inc.
BIVI,BioVie Inc.
FRTT,Fort Technology Inc.
CTXR,"Citius Pharmaceuticals, Inc."
HPAI,Helport AI Limited
GIGM,GigaMedia Limited
KALA,"KALA BIO, Inc."
SCNX,"Scienture Holdings, Inc."
INHD,Inno Holdings Inc.
BIYA,Baiya International Group Inc.
ADIL,"Adial Pharmaceuticals, Inc."
LHAI,Linkhome Holdings Inc.
CYN,Cyngn Inc.
ADVB,Advanced Biomed Inc.
MOBX,"Mobix Labs, Inc."
HIND,"Vyome Holdings, Inc."
NRSN,NeuroSense Therapeutics Ltd.
NEON,Neonode Inc.
ARTW,"Art's-Way Manufacturing Co., Inc."
UCL,uCloudlink Group Inc.
DLPN,"Dolphin Entertainment, Inc."
INTS,"Intensity Therapeutics, Inc."
EDTK,Skillful Craftsman Education Technology Limited
SMXT,"SolarMax Technology, Inc."
NHTC,Natural Health Trends Corp.
SUNE,SUNation Energy Inc.
STFS,Star Fashion Culture Holdings Limited
FGI,FGI Industries Ltd.
DOGZ,Dogness (International) Corporation
PASG,"Passage Bio, Inc."
EBON,Ebang International Holdings Inc.
FLUX,"Flux Power Holdings, Inc."
BNGO,"Bionano Genomics, Inc."
WETO,Wetour Robotics Limited
MLEC,Moolec Science SA
TOMZ,"TOMI Environmental Solutions, Inc."
MYSE,"Myseum.AI, Inc."
ZDAI,"DirectBooking Technology Co., Ltd."
PHIO,Phio Pharmaceuticals Corp.
WYHG,Wing Yip Food Holdings Group Limited
COOT,Australian Oilseeds Holdings Limited
CABR,"Caring Brands, Inc."
ICU,SeaStar Medical Holding Corporation
CRE,Cre8 Enterprise Limited
MTEX,"Mannatech, Incorporated"
NAII,"Natural Alternatives International, Inc."
YJ,Yunji Inc.
GP,GreenPower Motor Company Inc.
ASTC,Astrotech Corporation
UPLD,"Upland Software, Inc."
TURB,"Turbo Energy, S.A."
BTOC,Armlogi Holding Corp.
GTBP,"GT Biopharma, Inc."
HCTI,"Healthcare Triangle, Inc."
MIMI,Mint Incorporation Limited
PETZ,"TDH Holdings, Inc."
SAGT,Sagtec Global Limited
CLWT,Euro Tech Holdings Company Limited
IOTR,iOThree Limited
GFAI,"Guardforce AI Co., Limited"
PDSB,PDS Biotechnology Corporation
IRIX,IRIDEX Corporation
APRE,"Aprea Therapeutics, Inc."
BLRX,BioLineRx Ltd.
RAIN,"Rain Enhancement Technologies Holdco, Inc."
CETY,"Clean Energy Technologies, Inc."
JBDI,JBDI Holdings Limited
BLIN,"Bridgeline Digital, Inc."
ARAI,Arrive AI Inc.
BIOT,Instinct Bio Technical Company Holdings Inc.
CJMB,Callan JMB Inc.
ICMB,"Investcorp Credit Management BDC, Inc."
SNTI,"Senti Biosciences Holdings, Inc."
CMCT,Creative Media & Community Trust Corporation
MSAI,"MultiSensor AI Holdings, Inc."
RCT,RedCloud Holdings plc
HUDI,"Huadi International Group Co., Ltd."
ZTG,Zenta Group Company Limited
LHSW,Lianhe Sowell International Group Ltd
ALAR,Alarum Technologies Ltd.
CYCU,"Cycurion, Inc."
SEED,Origin Agritech Limited
GDTC,CytoMed Therapeutics Limited
MBRX,"Moleculin Biotech, Inc."
ASBP,"Aspire Biopharma Holdings, Inc."
INAB,"IN8bio, Inc."
HSCS,HeartSciences Inc.
THH,TryHard Holdings Limited
RETO,"ReTo Eco-Solutions, Inc."
GYRO,"Gyrodyne, LLC"
EDUC,Educational Development Corporation
ADGM,"Adagio Medical Holdings, Inc."
QH,Quhuo Limited
VTGN,"Vistagen Therapeutics, Inc."
DARE,"Daré Bioscience, Inc."
KPRX,"Kiora Pharmaceuticals, Inc."
SKK,SKK Holdings Limited
AMSS,"AMASS Brands, Inc."
CLIK,Click Holdings Limited
WVVI,"Willamette Valley Vineyards, Inc."
QNME,"Quanome Technologies, Inc."
MTVA,MetaVia Inc.
LNAI,Lunai Bioworks Inc.
FNGR,"FingerMotion, Inc."
LOBO,Lobo Technologies Ltd.
RVSN,Rail Vision Ltd.
LZMH,LZ Technology Holdings Limited
BFRG,"Bullfrog AI Holdings, Inc."
MTEK,Maris-Tech Ltd.
CENN,Cenntro Inc.
SINT,"Sintx Technologies, Inc."
CISO,CISO Global Inc.
AIMD,"Ainos, Inc."
QNRX,"Quoin Pharmaceuticals, Ltd."
JCTC,Jewett-Cameron Trading Company Ltd.
RMCF,"Rocky Mountain Chocolate Factory, Inc."
OXBR,Oxbridge Re Holdings Limited
REBN,"Reborn Coffee, Inc."
BNKK,"Bonk, Inc."
NVNI,Nvni Group Limited
AQMS,"Aqua Metals, Inc."
DTSS,Datasea Intelligent Technology Ltd.
IQST,iQSTEL Inc.
SFHG,Samfine Creation Holdings Group Limited
FFAI,Faraday Future Intelligent Electric Inc.
NXTT,Next Technology Holding Inc.
MARPS,Marine Petroleum Trust
AIRE,reAlpha Tech Corp.
LUCY,"Lucyd, Inc"
PRSO,Peraso Inc.
TDIC,Dreamland Limited
VSA,VisionSys AI Inc.
OBAI,"Our Bond, Inc."
WFF,WF Holding Limited
ELOG,Eastern International Ltd.
VRME,"VerifyMe, Inc."
FBLG,"FibroBiologics, Inc."
GAUZ,Gauzy Ltd.
BMGL,Basel Medical Group Ltd
TRAW,"Traws Pharma, Inc."
TAOP,Taoping Inc.
GLE,Global Engine Group Holding Limited
CXAI,CXApp Inc.
IMNN,"Imunon, Inc."
SURG,"SurgePays, Inc."
INEO,INNEOVA Holdings Limited
XBIO,"Xenetic Biosciences, Inc."
OST,"Ostin Technology Group Co., Ltd."
SEGG,Sports Entertainment Gaming Global Corporation
SKYE,"Skye Bioscience, Inc."
GXAI,Gaxos.ai Inc.
HKPD,"Cellyan Biotechnology Co., Ltd"
XPON,Expion360 Inc.
MTEN,Mingteng International Corporation Inc.
IMRN,Immuron Limited
XWEL,"XWELL, Inc."
BTBD,"BT Brands, Inc."
SNGX,"Soligenix, Inc."
FRGT,"Freight Technologies, Inc."
OMH,Ohmyhome Limited
BGL,Blue Gold Limited
XCUR,"Exicure, Inc."
KXIN,Kaixin Holdings
NDRA,ENDRA Life Sciences Inc.
JCSE,JE Cleantech Holdings Limited
VS,Versus Systems Inc.
ALZN,"Alzamend Neuro, Inc."
AEHL,Antelope Enterprise Holdings Limited
ERNA,Ernexa Therapeutics Inc.
FEBO,Fenbo Holdings Limited
CNSP,"CNS Pharmaceuticals, Inc."
CUPR,Cuprina Holdings (Cayman) Limited
AUID,authID Inc.
ICCM,IceCure Medical Ltd
CELZ,"Creative Medical Technology Holdings, Inc."
NVNO,enVVeno Medical Corporation
UZX,Linkage Global Inc
CODX,"Co-Diagnostics, Inc."
STKH,Steakholder Foods Ltd.
WKSP,Worksport Ltd.
TRIB,Trinity Biotech plc
OLB,"The OLB Group, Inc."
INTJ,Intelligent Group Limited
SGLY,Singularity Future Technology Ltd.
DFSC,DEFSEC Technologies Inc.
VEEA,Veea Inc.
TKLF,"Tokyo Lifestyle Co., Ltd."
YHGJ,Yunhong Green CTI Ltd.
ARBB,ARB IOT Group Limited
BOLT,"Bolt Biotherapeutics, Inc."
CGTL,Creative Global Technology Holdings Limited
ACXP,"Acurx Pharmaceuticals, Inc."
MBAI,Check-Cap Ltd.
YMAT,"J-Star Holding Co., Ltd."
IFBD,"Infobird Co., Ltd"
NAMI,Jinxin Technology Holding Company
MRM,MEDIROM Healthcare Technologies Inc.
EVGN,Evogene Ltd.
AMST,Amesite Inc.
JYD,Jayud Global Logistics Limited
VIVK,"Vivakor, Inc."
AZI,Autozi Internet Technology (Global) Ltd.
POM,Pomdoctor Limited
HXHX,Haoxin Holdings Limited
NCT,Intercont (Cayman) Limited
DTST,Data Storage Corporation
ACON,"Aclarion, Inc."
INBS,Intelligent Bio Solutions Inc.
YYGH,YY Group Holding Limited
BON,Bon Natural Life Limited
ATER,"Aterian, Inc."
EHGO,Eshallgo Inc.
ENSC,"Ensysce Biosciences, Inc."
DPU,Top KingWin Ltd
NWTG,"Newton Golf Company, Inc."
AQB,"AquaBounty Technologies, Inc."
SNOA,"Sonoma Pharmaceuticals, Inc."
SLE,"Super League Enterprise, Inc."
NCNA,NuCana plc
EDHL,Everbright Digital Holding Limited
NXL,"Nexalin Technology, Inc."
GELS,Gelteq Limited
DRMA,"Dermata Therapeutics, Inc."
ILAG,Intelligent Living Application Group Inc.
SCKT,"Socket Mobile, Inc."
MGRX,"Mangoceuticals, Inc."
INM,InMed Pharmaceuticals Inc.
GLXG,Galaxy Payroll Group Limited
XELB,"Xcel Brands, Inc."
GURE,"Gulf Resources, Inc."
CHAI,"Core AI Holdings, Inc."
FCUV,Focus Universal Inc.
SNES,"SenesTech, Inc."
GITS,"Global Interactive Technologies, Inc."
XTLB,XTL Biopharmaceuticals Ltd.
DAIC,"CID HoldCo, Inc."
PPBT,Purple Biotech Ltd
AMIX,"Autonomix Medical, Inc."
GDC,GD Culture Group Limited
ENVB,"Enveric Biosciences, Inc."
ORKT,Orangekloud Technology Inc.
DLXY,Delixy Holdings Limited
KUST,"Kustom Entertainment, Inc."
MEGL,Magic Empire Global Limited
VMAR,Vision Marine Technologies Inc.
ZBAO,Zhibao Technology Inc.
KRKR,36Kr Holdings Inc.
KITT,"Nauticus Robotics, Inc."
JWEL,Jowell Global Ltd.
PCSA,"Processa Pharmaceuticals, Inc."
LIMN,"Liminatus Pharma, Inc."
VEEE,Twin Vee Powercats Co.
BGMS,"Bio Green Med Solution, Inc."
WAFU,Wah Fu Education Group Limited
CLGN,CollPlant Biotechnologies Ltd.
WLDS,Wearable Devices Ltd.
DXST,Decent Holding Inc.
AUUD,Auddia Inc.
PMCB,"PharmaCyte Biotech, Inc."
CDIO,"Cardio Diagnostics Holdings, Inc."
YDKG,Yueda Digital Holding
FBGL,FBS Global Limited
CWD,CaliberCos Inc.
HCAI,"Huachen AI Parking Management Technology Holding Co., Ltd"
PULM,"Pulmatrix, Inc."
CVKD,"Cadrenal Therapeutics, Inc."
BRTX,"BioRestorative Therapies, Inc."
POLA,"Polar Power, Inc."
TANH,Tantech Holdings Ltd
WOK,WORK Medical Technology Group LTD
RITR,Reitar Logtech Holdings Limited
WXM,WF International Limited
CYAB,"Cyabra, Inc."
TWAV,"TaoWeave, Inc."
LESL,"Leslie's, Inc."
RENX,RenX Enterprises Corp.
JTAI,Jet.AI Inc.
CNET,ZW Data Action Technologies Inc.
SDST,Stardust Power Inc.
BMRA,"Biomerica, Inc."
BCAB,"BioAtla, Inc."
DKI,Darkiris Inc.
VVOS,"Vivos Therapeutics, Inc."
CHNR,"China Natural Resources, Inc."
TRNR,Interactive Strength Inc.
FRSX,Foresight Autonomous Holdings Ltd.
HCWB,HCW Biologics Inc.
ELAB,PMGC Holdings Inc.
MASK,3 E Network Technology Group Limited
AGRZ,Agroz Inc.
RIME,"Algorhythm Holdings, Inc."
SBFM,"Sunshine Biopharma, Inc."
SONM,"DNA X, Inc."
CTNT,Cheetah Net Supply Chain Service Inc.
SNTG,Sentage Holdings Inc.
XAIR,"Beyond Air, Inc."
JAGX,"Jaguar Health, Inc."
CETX,"Cemtrex, Inc."
GOVX,"GeoVax Labs, Inc."
GIBO,GIBO Holdings Limited
TCRT,"Alaunos Therapeutics, Inc."
ATXG,Addentax Group Corp.
YYAI,AiRWA Inc.
WBUY,Webuy Global Ltd
FMFC,Kandal M Venture Limited
EEIQ,EpicQuest Education Group International Limited
MSGY,Masonglory Limited
APVO,Aptevo Therapeutics Inc.
VIVS,"VivoSim Labs, Inc."
EJH,E-Home Household Service Holdings Limited
LCFY,Locafy Limited
CSAI,Cloudastructure Inc.
ADXN,Addex Therapeutics Ltd
BKYI,"BIO-key International, Inc."
CHR,"Cheer Holding, Inc."
MBIO,"Mustang Bio, Inc."
HIHO,Highway Holdings Limited
BGLC,BioNexus Gene Lab Corp.
PARA,"Banzai International, Inc."
FEED,"ENvue Medical, Inc."
GRI,"GRI Bio, Inc."
HYFM,"Hydrofarm Holdings Group, Inc."
JZ,Jianzhi Education Technology Group Company Limited
ISPC,iSpecimen Inc.
IPST,"IP Strategy Holdings, Inc."
MEDS,"DataMEDS AI, Inc."
BOXL,Boxlight Corporation
KWM,K Wave Media Ltd.
KIDZ,KIDZ AI Inc.
BJDX,"Bluejay Diagnostics, Inc."
SILO,"Silo Pharma, Inc."
ALP,Alpha Compute Corp
NCPL,Netcapital Inc.
SPRC,SciSparc Ltd.
ABTS,Abits Group Inc.
RMSG,Real Messenger Corporation
SSM,Sono Group N.V.
CPOP,"Pop Culture Group Co., Ltd"
JUNS,"Jupiter Neurosciences, Inc."
CAPS,Capstone Holding Corp.
ELPW,Elong Power Holding Limited
JEM,707 Cayman Holdings Limited
REVB,"Revelation Biosciences, Inc."
HTCR,"HeartCore Enterprises, Inc."
SXTP,"60 Degrees Pharmaceuticals, Inc."
NCRA,"Nocera, Inc."
AGMH,AGM Group Holdings Inc.
RDHL,RedHill Biopharma Ltd.
RDGT,"Ridgetech, Inc."
NUWE,"Nuwellis, Inc."
ONFO,"Onfolio Holdings, Inc."
BTTC,Black Titan Corporation
TGL,Treasure Global Inc.
CHGA,Change Agents Corporation
GLMD,Galmed Pharmaceuticals Ltd.
ICON,Icon Energy Corp.
CNEY,CN Energy Group. Inc.
IVDA,"Iveda Solutions, Inc."
GWAV,"Greenwave Technology Solutions, Inc."
TNON,"Tenon Medical, Inc."
CDTG,CDT Environmental Technology Investment Holdings Limited
NXGL,"NEXGEL, Inc."
UPC,Universe Pharmaceuticals INC
VBIO,"Valion Bio, Inc."
LXEH,"Lixiang Education Holding Co., Ltd."
MKZR,"MacKenzie Realty Capital, Inc."
ZCMD,Zhongchao Inc.
AKAN,Akanda Corp.
ARTL,"Artelo Biosciences, Inc."
GNPX,"Genprex, Inc."
GMM,Global Mofy AI Limited
CRIS,"Curis, Inc."
CIIT,"Tianci International, Inc."
OCG,Oriental Culture Holding LTD
NIVF,NewGenIvf Group Limited
NTCL,NetClass Technology Inc
VSME,VS MEDIA Holdings Limited
PRFX,PRF Technologies Ltd.
IZM,ICZOOM Group Inc.
EZRA,"Reliance Global Group, Inc."
EDBL,Edible Garden AG Incorporated
PAVS,Paranovus Entertainment Technology Ltd.
FLYE,"Fly-E Group, Inc."
BIAF,"bioAffinity Technologies, Inc."
CCTG,CCSC Technology International Holdings Limited
NXTS,Nexentis Technologies Inc.
BRNX,BrenX Ltd.
CCHH,CCH Holdings Ltd
GSUN,Golden Sun Technology Group Limited
SOBR,"SOBR Safe, Inc."
WCT,Wellchange Holdings Company Limited
PFSA,"Profusa, Inc."
CMND,Clearmind Medicine Inc.
HUBC,HUB Cyber Security Ltd.
ONCO,"Onconetix, Inc."
GVH,Globavend Holdings Limited
OLOX,Olenox Industries Inc.
LGCL,Lucas GC Limited
PPCB,"Propanc Biopharma, Inc."
XXII,"22nd Century Group, Inc."
ATPC,Agape ATP Corporation
RAYA,Erayak Power Solution Group Inc.
SMTK,"SmartKem, Inc."
PMAX,Powell Max Limited
EZGO,EZGO Technologies Ltd.
VRAX,Virax Biolabs Group Limited
YHC,LQR House Inc.
BYAH,"Park Ha Biological Technology Co., Ltd."
SHPH,"Shuttle Pharmaceuticals Holdings, Inc."
GNLN,"Greenlane Holdings, Inc."
SHFS,"SHF Holdings, Inc."
GCTK,"GlucoTrack, Inc."
SQFT,"Presidio Property Trust, Inc."
SLXN,Silexion Therapeutics Corp
DCOY,Decoy Therapeutics Inc.
MNDR,Mobile-health Network Solutions
IBG,Innovation Beverage Group Limited
PWCM,"PowerCompute, Inc."
IVF,"INVO Fertility, Inc."
DRCT,"Direct Digital Holdings, Inc."
MYSZ,"My Size, Inc."
IPDN,"Professional Diversity Network, Inc."
IMCC,IM Cannabis Corp.
VCIG,VCI Global Limited
SXTC,"China SXT Pharmaceuticals, Inc."
BBLG,Bone Biologics Corporation
LRHC,La Rosa Holdings Corp.
SCNI,Scinai Immunotherapeutics Ltd.
IMTE,Integrated Media Technology Limited
AEMD,"Aethlon Medical, Inc."
SUGP,SU Group Holdings Limited
CDT,CDT Equity Inc.
TNMG,TNL Mediagene
SNYR,Synergy CHC Corp.
FCHL,Fitness Champs Holdings Limited
FAMI,"Farmmi, Inc."
LNKS,Linkers Industries Limited
TRUG,"TruGolf Holdings, Inc."
RKDA,"Arcadia Biosciences, Inc."
RBNE,Robin Energy Ltd.
NEXR,Nexera Technologies Ltd
BTOG,Bit Origin Ltd
RUBI,Rubico Inc.
MSS,Maison Solutions Inc.
BDRX,Biodexa Pharmaceuticals Plc
GMEX,GMEX Robotics Corporation
CISS,C3is Inc.
UK,Ucommune International Ltd
GIPR,"Generation Income Properties, Inc."
WHLR,"Wheeler Real Estate Investment Trust, Inc."
AIXI,Xiao-I Corporation
BAOS,Baosheng Media Group Holdings Limited
JZXN,"Jiuzi Holdings, Inc."
CHSN,Chanson International Holding
HAO,Haoxi Health Technology Limited
ZNB,Zeta Network Group
INLF,INLIF Limited
LGHL,Lion Group Holding Ltd.
FGL,Founder Group Limited
IPW,iPower Inc.
MGN,Megan Holdings Limited
LBGJ,Li Bang International Corporation Inc.
FIMU,Fidelity School Street Trust - Fidelity Intermediate Municipal Income Fund
TOMZ,"TOMI Environmental Solutions, Inc."
MYSE,"Myseum.AI, Inc."
ZDAI,"DirectBooking Technology Co., Ltd."
PHIO,Phio Pharmaceuticals Corp.
WYHG,Wing Yip Food Holdings Group Limited
COOT,Australian Oilseeds Holdings Limited
CABR,"Caring Brands, Inc."
ICU,SeaStar Medical Holding Corporation
CRE,Cre8 Enterprise Limited
MTEX,"Mannatech, Incorporated"
NAII,"Natural Alternatives International, Inc."
YJ,Yunji Inc.
GP,GreenPower Motor Company Inc.
ASTC,Astrotech Corporation
UPLD,"Upland Software, Inc."
TURB,"Turbo Energy, S.A."
BTOC,Armlogi Holding Corp.
GTBP,"GT Biopharma, Inc."
HCTI,"Healthcare Triangle, Inc."
MIMI,Mint Incorporation Limited
PETZ,"TDH Holdings, Inc."
SAGT,Sagtec Global Limited
CLWT,Euro Tech Holdings Company Limited
IOTR,iOThree Limited
GFAI,"Guardforce AI Co., Limited"
PDSB,PDS Biotechnology Corporation
IRIX,IRIDEX Corporation
APRE,"Aprea Therapeutics, Inc."
BLRX,BioLineRx Ltd.
RAIN,"Rain Enhancement Technologies Holdco, Inc."
CETY,"Clean Energy Technologies, Inc."
JBDI,JBDI Holdings Limited
BLIN,"Bridgeline Digital, Inc."
ARAI,Arrive AI Inc.
BIOT,Instinct Bio Technical Company Holdings Inc.
CJMB,Callan JMB Inc.
ICMB,"Investcorp Credit Management BDC, Inc."
SNTI,"Senti Biosciences Holdings, Inc."
CMCT,Creative Media & Community Trust Corporation
MSAI,"MultiSensor AI Holdings, Inc."
RCT,RedCloud Holdings plc
HUDI,"Huadi International Group Co., Ltd."
ZTG,Zenta Group Company Limited
LHSW,Lianhe Sowell International Group Ltd
ALAR,Alarum Technologies Ltd.
CYCU,"Cycurion, Inc."
SEED,Origin Agritech Limited
GDTC,CytoMed Therapeutics Limited
MBRX,"Moleculin Biotech, Inc."
ASBP,"Aspire Biopharma Holdings, Inc."
INAB,"IN8bio, Inc."
HSCS,HeartSciences Inc.
THH,TryHard Holdings Limited
RETO,"ReTo Eco-Solutions, Inc."
GYRO,"Gyrodyne, LLC"
EDUC,Educational Development Corporation
ADGM,"Adagio Medical Holdings, Inc."
QH,Quhuo Limited
VTGN,"Vistagen Therapeutics, Inc."
DARE,"Daré Bioscience, Inc."
KPRX,"Kiora Pharmaceuticals, Inc."
SKK,SKK Holdings Limited
AMSS,"AMASS Brands, Inc."
CLIK,Click Holdings Limited
WVVI,"Willamette Valley Vineyards, Inc."
QNME,"Quanome Technologies, Inc."
MTVA,MetaVia Inc.
LNAI,Lunai Bioworks Inc.
FNGR,"FingerMotion, Inc."
LOBO,Lobo Technologies Ltd.
RVSN,Rail Vision Ltd.
LZMH,LZ Technology Holdings Limited
BFRG,"Bullfrog AI Holdings, Inc."
MTEK,Maris-Tech Ltd.
CENN,Cenntro Inc.
SINT,"Sintx Technologies, Inc."
CISO,CISO Global Inc.
AIMD,"Ainos, Inc."
QNRX,"Quoin Pharmaceuticals, Ltd."
JCTC,Jewett-Cameron Trading Company Ltd.
RMCF,"Rocky Mountain Chocolate Factory, Inc."
OXBR,Oxbridge Re Holdings Limited
REBN,"Reborn Coffee, Inc."
BNKK,"Bonk, Inc."
NVNI,Nvni Group Limited
AQMS,"Aqua Metals, Inc."
DTSS,Datasea Intelligent Technology Ltd.
IQST,iQSTEL Inc.
SFHG,Samfine Creation Holdings Group Limited
FFAI,Faraday Future Intelligent Electric Inc.
NXTT,Next Technology Holding Inc.
MARPS,Marine Petroleum Trust
AIRE,reAlpha Tech Corp.
LUCY,"Lucyd, Inc"
PRSO,Peraso Inc.
TDIC,Dreamland Limited
VSA,VisionSys AI Inc.
OBAI,"Our Bond, Inc."
WFF,WF Holding Limited
ELOG,Eastern International Ltd.
VRME,"VerifyMe, Inc."
FBLG,"FibroBiologics, Inc."
GAUZ,Gauzy Ltd.
BMGL,Basel Medical Group Ltd
TRAW,"Traws Pharma, Inc."
TAOP,Taoping Inc.
GLE,Global Engine Group Holding Limited
CXAI,CXApp Inc.
IMNN,"Imunon, Inc."
SURG,"SurgePays, Inc."
INEO,INNEOVA Holdings Limited
XBIO,"Xenetic Biosciences, Inc."
OST,"Ostin Technology Group Co., Ltd."
SEGG,Sports Entertainment Gaming Global Corporation
SKYE,"Skye Bioscience, Inc."
GXAI,Gaxos.ai Inc.
HKPD,"Cellyan Biotechnology Co., Ltd"
XPON,Expion360 Inc.
MTEN,Mingteng International Corporation Inc.
IMRN,Immuron Limited
XWEL,"XWELL, Inc."
BTBD,"BT Brands, Inc."
SNGX,"Soligenix, Inc."
FRGT,"Freight Technologies, Inc."
OMH,Ohmyhome Limited
BGL,Blue Gold Limited
XCUR,"Exicure, Inc."
KXIN,Kaixin Holdings
NDRA,ENDRA Life Sciences Inc.
JCSE,JE Cleantech Holdings Limited
VS,Versus Systems Inc.
ALZN,"Alzamend Neuro, Inc."
AEHL,Antelope Enterprise Holdings Limited
ERNA,Ernexa Therapeutics Inc.
FEBO,Fenbo Holdings Limited
CNSP,"CNS Pharmaceuticals, Inc."
CUPR,Cuprina Holdings (Cayman) Limited
AUID,authID Inc.
ICCM,IceCure Medical Ltd
CELZ,"Creative Medical Technology Holdings, Inc."
NVNO,enVVeno Medical Corporation
UZX,Linkage Global Inc
CODX,"Co-Diagnostics, Inc."
STKH,Steakholder Foods Ltd.
WKSP,Worksport Ltd.
TRIB,Trinity Biotech plc
OLB,"The OLB Group, Inc."
INTJ,Intelligent Group Limited
SGLY,Singularity Future Technology Ltd.
DFSC,DEFSEC Technologies Inc.
VEEA,Veea Inc.
TKLF,"Tokyo Lifestyle Co., Ltd."
YHGJ,Yunhong Green CTI Ltd.
ARBB,ARB IOT Group Limited
BOLT,"Bolt Biotherapeutics, Inc."
CGTL,Creative Global Technology Holdings Limited
ACXP,"Acurx Pharmaceuticals, Inc."
MBAI,Check-Cap Ltd.
YMAT,"J-Star Holding Co., Ltd."
IFBD,"Infobird Co., Ltd"
NAMI,Jinxin Technology Holding Company
MRM,MEDIROM Healthcare Technologies Inc.
EVGN,Evogene Ltd.
AMST,Amesite Inc.
JYD,Jayud Global Logistics Limited
VIVK,"Vivakor, Inc."
AZI,Autozi Internet Technology (Global) Ltd.
POM,Pomdoctor Limited
HXHX,Haoxin Holdings Limited
NCT,Intercont (Cayman) Limited
DTST,Data Storage Corporation
ACON,"Aclarion, Inc."
INBS,Intelligent Bio Solutions Inc.
YYGH,YY Group Holding Limited
BON,Bon Natural Life Limited
ATER,"Aterian, Inc."
EHGO,Eshallgo Inc.
ENSC,"Ensysce Biosciences, Inc."
DPU,Top KingWin Ltd
NWTG,"Newton Golf Company, Inc."
AQB,"AquaBounty Technologies, Inc."
SNOA,"Sonoma Pharmaceuticals, Inc."
SLE,"Super League Enterprise, Inc."
NCNA,NuCana plc
EDHL,Everbright Digital Holding Limited
NXL,"Nexalin Technology, Inc."
GELS,Gelteq Limited
DRMA,"Dermata Therapeutics, Inc."
ILAG,Intelligent Living Application Group Inc.
SCKT,"Socket Mobile, Inc."
MGRX,"Mangoceuticals, Inc."
INM,InMed Pharmaceuticals Inc.
GLXG,Galaxy Payroll Group Limited
XELB,"Xcel Brands, Inc."
GURE,"Gulf Resources, Inc."
CHAI,"Core AI Holdings, Inc."
FCUV,Focus Universal Inc.
SNES,"SenesTech, Inc."
GITS,"Global Interactive Technologies, Inc."
XTLB,XTL Biopharmaceuticals Ltd.
DAIC,"CID HoldCo, Inc."
PPBT,Purple Biotech Ltd
AMIX,"Autonomix Medical, Inc."
GDC,GD Culture Group Limited
ENVB,"Enveric Biosciences, Inc."
ORKT,Orangekloud Technology Inc.
DLXY,Delixy Holdings Limited
KUST,"Kustom Entertainment, Inc."
MEGL,Magic Empire Global Limited
VMAR,Vision Marine Technologies Inc.
ZBAO,Zhibao Technology Inc.
KRKR,36Kr Holdings Inc.
KITT,"Nauticus Robotics, Inc."
JWEL,Jowell Global Ltd.
PCSA,"Processa Pharmaceuticals, Inc."
LIMN,"Liminatus Pharma, Inc."
VEEE,Twin Vee Powercats Co.
BGMS,"Bio Green Med Solution, Inc."
WAFU,Wah Fu Education Group Limited
CLGN,CollPlant Biotechnologies Ltd.
WLDS,Wearable Devices Ltd.
DXST,Decent Holding Inc.
AUUD,Auddia Inc.
PMCB,"PharmaCyte Biotech, Inc."
CDIO,"Cardio Diagnostics Holdings, Inc."
YDKG,Yueda Digital Holding
FBGL,FBS Global Limited
CWD,CaliberCos Inc.
HCAI,"Huachen AI Parking Management Technology Holding Co., Ltd"
PULM,"Pulmatrix, Inc."
CVKD,"Cadrenal Therapeutics, Inc."
BRTX,"BioRestorative Therapies, Inc."
POLA,"Polar Power, Inc."
TANH,Tantech Holdings Ltd
WOK,WORK Medical Technology Group LTD
RITR,Reitar Logtech Holdings Limited
WXM,WF International Limited
CYAB,"Cyabra, Inc."
TWAV,"TaoWeave, Inc."
LESL,"Leslie's, Inc."
RENX,RenX Enterprises Corp.
JTAI,Jet.AI Inc.
CNET,ZW Data Action Technologies Inc.
SDST,Stardust Power Inc.
BMRA,"Biomerica, Inc."
BCAB,"BioAtla, Inc."
DKI,Darkiris Inc.
VVOS,"Vivos Therapeutics, Inc."
CHNR,"China Natural Resources, Inc."
TRNR,Interactive Strength Inc.
FRSX,Foresight Autonomous Holdings Ltd.
HCWB,HCW Biologics Inc.
ELAB,PMGC Holdings Inc.
MASK,3 E Network Technology Group Limited
AGRZ,Agroz Inc.
RIME,"Algorhythm Holdings, Inc."
SBFM,"Sunshine Biopharma, Inc."
SONM,"DNA X, Inc."
CTNT,Cheetah Net Supply Chain Service Inc.
SNTG,Sentage Holdings Inc.
XAIR,"Beyond Air, Inc."
JAGX,"Jaguar Health, Inc."
CETX,"Cemtrex, Inc."
GOVX,"GeoVax Labs, Inc."
GIBO,GIBO Holdings Limited
TCRT,"Alaunos Therapeutics, Inc."
ATXG,Addentax Group Corp.
YYAI,AiRWA Inc.
WBUY,Webuy Global Ltd
FMFC,Kandal M Venture Limited
EEIQ,EpicQuest Education Group International Limited
MSGY,Masonglory Limited
APVO,Aptevo Therapeutics Inc.
VIVS,"VivoSim Labs, Inc."
EJH,E-Home Household Service Holdings Limited
LCFY,Locafy Limited
CSAI,Cloudastructure Inc.
ADXN,Addex Therapeutics Ltd
BKYI,"BIO-key International, Inc."
CHR,"Cheer Holding, Inc."
MBIO,"Mustang Bio, Inc."
HIHO,Highway Holdings Limited
BGLC,BioNexus Gene Lab Corp.
PARA,"Banzai International, Inc."
FEED,"ENvue Medical, Inc."
GRI,"GRI Bio, Inc."
HYFM,"Hydrofarm Holdings Group, Inc."
JZ,Jianzhi Education Technology Group Company Limited
ISPC,iSpecimen Inc.
IPST,"IP Strategy Holdings, Inc."
MEDS,"DataMEDS AI, Inc."
BOXL,Boxlight Corporation
KWM,K Wave Media Ltd.
KIDZ,KIDZ AI Inc.
BJDX,"Bluejay Diagnostics, Inc."
SILO,"Silo Pharma, Inc."
ALP,Alpha Compute Corp
NCPL,Netcapital Inc.
SPRC,SciSparc Ltd.
ABTS,Abits Group Inc.
RMSG,Real Messenger Corporation
SSM,Sono Group N.V.
CPOP,"Pop Culture Group Co., Ltd"
JUNS,"Jupiter Neurosciences, Inc."
CAPS,Capstone Holding Corp.
ELPW,Elong Power Holding Limited
JEM,707 Cayman Holdings Limited
REVB,"Revelation Biosciences, Inc."
HTCR,"HeartCore Enterprises, Inc."
SXTP,"60 Degrees Pharmaceuticals, Inc."
NCRA,"Nocera, Inc."
AGMH,AGM Group Holdings Inc.
RDHL,RedHill Biopharma Ltd.
RDGT,"Ridgetech, Inc."
NUWE,"Nuwellis, Inc."
ONFO,"Onfolio Holdings, Inc."
BTTC,Black Titan Corporation
TGL,Treasure Global Inc.
CHGA,Change Agents Corporation
GLMD,Galmed Pharmaceuticals Ltd.
ICON,Icon Energy Corp.
CNEY,CN Energy Group. Inc.
IVDA,"Iveda Solutions, Inc."
GWAV,"Greenwave Technology Solutions, Inc."
TNON,"Tenon Medical, Inc."
CDTG,CDT Environmental Technology Investment Holdings Limited
NXGL,"NEXGEL, Inc."
UPC,Universe Pharmaceuticals INC
VBIO,"Valion Bio, Inc."
LXEH,"Lixiang Education Holding Co., Ltd."
MKZR,"MacKenzie Realty Capital, Inc."
ZCMD,Zhongchao Inc.
AKAN,Akanda Corp.
ARTL,"Artelo Biosciences, Inc."
GNPX,"Genprex, Inc."
GMM,Global Mofy AI Limited
CRIS,"Curis, Inc."
CIIT,"Tianci International, Inc."
OCG,Oriental Culture Holding LTD
NIVF,NewGenIvf Group Limited
NTCL,NetClass Technology Inc
VSME,VS MEDIA Holdings Limited
PRFX,PRF Technologies Ltd.
IZM,ICZOOM Group Inc.
EZRA,"Reliance Global Group, Inc."
EDBL,Edible Garden AG Incorporated
PAVS,Paranovus Entertainment Technology Ltd.
FLYE,"Fly-E Group, Inc."
BIAF,"bioAffinity Technologies, Inc."
CCTG,CCSC Technology International Holdings Limited
NXTS,Nexentis Technologies Inc.
BRNX,BrenX Ltd.
CCHH,CCH Holdings Ltd
GSUN,Golden Sun Technology Group Limited
SOBR,"SOBR Safe, Inc."
WCT,Wellchange Holdings Company Limited
PFSA,"Profusa, Inc."
CMND,Clearmind Medicine Inc.
HUBC,HUB Cyber Security Ltd.
ONCO,"Onconetix, Inc."
GVH,Globavend Holdings Limited
OLOX,Olenox Industries Inc.
LGCL,Lucas GC Limited
PPCB,"Propanc Biopharma, Inc."
XXII,"22nd Century Group, Inc."
ATPC,Agape ATP Corporation
RAYA,Erayak Power Solution Group Inc.
SMTK,"SmartKem, Inc."
PMAX,Powell Max Limited
EZGO,EZGO Technologies Ltd.
VRAX,Virax Biolabs Group Limited
YHC,LQR House Inc.
BYAH,"Park Ha Biological Technology Co., Ltd."
SHPH,"Shuttle Pharmaceuticals Holdings, Inc."
GNLN,"Greenlane Holdings, Inc."
SHFS,"SHF Holdings, Inc."
GCTK,"GlucoTrack, Inc."
SQFT,"Presidio Property Trust, Inc."
SLXN,Silexion Therapeutics Corp
DCOY,Decoy Therapeutics Inc.
MNDR,Mobile-health Network Solutions
IBG,Innovation Beverage Group Limited
PWCM,"PowerCompute, Inc."
IVF,"INVO Fertility, Inc."
DRCT,"Direct Digital Holdings, Inc."
MYSZ,"My Size, Inc."
IPDN,"Professional Diversity Network, Inc."
IMCC,IM Cannabis Corp.
VCIG,VCI Global Limited
SXTC,"China SXT Pharmaceuticals, Inc."
BBLG,Bone Biologics Corporation
LRHC,La Rosa Holdings Corp.
SCNI,Scinai Immunotherapeutics Ltd.
IMTE,Integrated Media Technology Limited
AEMD,"Aethlon Medical, Inc."
SUGP,SU Group Holdings Limited
CDT,CDT Equity Inc.
TNMG,TNL Mediagene
SNYR,Synergy CHC Corp.
FCHL,Fitness Champs Holdings Limited
FAMI,"Farmmi, Inc."
LNKS,Linkers Industries Limited
TRUG,"TruGolf Holdings, Inc."
RKDA,"Arcadia Biosciences, Inc."
RBNE,Robin Energy Ltd.
NEXR,Nexera Technologies Ltd
BTOG,Bit Origin Ltd
RUBI,Rubico Inc.
MSS,Maison Solutions Inc.
BDRX,Biodexa Pharmaceuticals Plc
GMEX,GMEX Robotics Corporation
CISS,C3is Inc.
UK,Ucommune International Ltd
GIPR,"Generation Income Properties, Inc."
WHLR,"Wheeler Real Estate Investment Trust, Inc."
AIXI,Xiao-I Corporation
BAOS,Baosheng Media Group Holdings Limited
JZXN,"Jiuzi Holdings, Inc."
CHSN,Chanson International Holding
HAO,Haoxi Health Technology Limited
ZNB,Zeta Network Group
INLF,INLIF Limited
LGHL,Lion Group Holding Ltd.
FGL,Founder Group Limited
IPW,iPower Inc.
MGN,Megan Holdings Limited
LBGJ,Li Bang International Corporation Inc.
FIMU,Fidelity School Street Trust - Fidelity Intermediate Municipal Income Fund
