Ticker,Company
688825.SS,CXMT Corporation
601398.SS,Industrial and Commercial Bank of China Limited
601288.SS,Agricultural Bank of China Limited
601939.SS,China Construction Bank Corporation
601857.SS,PetroChina Company Limited
601988.SS,Bank of China Limited
600519.SS,"Kweichow Moutai Co., Ltd."
600941.SS,China Mobile Limited
601138.SS,"Foxconn Industrial Internet Co., Ltd."
600938.SS,CNOOC Limited
600036.SS,"China Merchants Bank Co., Ltd."
601088.SS,China Shenhua Energy Company Limited
601628.SS,China Life Insurance Company Limited
601318.SS,"Ping An Insurance (Group) Company of China, Ltd."
601899.SS,Zijin Mining Group Company Limited
600900.SS,"China Yangtze Power Co., Ltd."
688981.SS,Semiconductor Manufacturing International Corporation
688256.SS,Cambricon Technologies Corporation Limited
600028.SS,China Petroleum & Chemical Corporation
601328.SS,"Bank of Communications Co., Ltd."
601658.SS,"Postal Savings Bank of China Co., Ltd."
601728.SS,China Telecom Corporation Limited
688041.SS,"Hygon Information Technology Co., Ltd."
603259.SS,"WuXi AppTec Co., Ltd."
601998.SS,China CITIC Bank Corporation Limited
600030.SS,CITIC Securities Company Limited
603993.SS,CMOC Group Limited
601166.SS,"Industrial Bank Co., Ltd."
688012.SS,Advanced Micro-Fabrication Equipment Inc. China
600183.SS,"Shengyi Technology Co.,Ltd."
600276.SS,"Jiangsu Hengrui Pharmaceuticals Co.,Ltd"
600000.SS,"Shanghai Pudong Development Bank Co., Ltd."
601319.SS,The People's Insurance Company (Group) of China Limited
601211.SS,"Guotai Haitong Securities Co., Ltd."
601601.SS,"China Pacific Insurance (Group) Co., Ltd."
688235.SS,BeOne Medicines AG
688802.SS,"MetaX Integrated Circuits (Shanghai) Co., Ltd."
603986.SS,GigaDevice Semiconductor Inc.
600150.SS,China CSSC Holdings Limited
688795.SS,"Moore Threads Technology Co., Ltd."
601225.SS,Shaanxi Coal Industry Company Limited
601919.SS,"COSCO SHIPPING Holdings Co., Ltd."
688008.SS,"Montage Technology Co., Ltd."
601816.SS,"Beijing-Shanghai High-Speed Railway Co., Ltd."
688836.SS,"Yushu Technology Co., Ltd."
688347.SS,Hua Hong Grace Semiconductor Limited
600309.SS,"Wanhua Chemical Group Co., Ltd."
688808.SS,"Semight Instruments Co., Ltd."
688820.SS,SJ Semiconductor Corporation
600919.SS,"Bank of Jiangsu Co., Ltd."
601869.SS,Yangtze Optical Fibre And Cable Joint Stock Limited Company
603288.SS,Foshan Haitian Flavouring and Food Company Ltd.
688072.SS,Piotech Inc.
688498.SS,"Yuanjie Semiconductor Technology Co., Ltd."
603268.SS,"Guangdong Songfa Ceramics Co.,Ltd."
600406.SS,"NARI Technology Co., Ltd."
600690.SS,"Haier Smart Home Co., Ltd."
601668.SS,China State Construction Engineering Corporation Limited
601985.SS,"China National Nuclear Power Co., Ltd."
600025.SS,Huaneng Lancang River Hydropower Inc.
601066.SS,"CSC Financial Co., Ltd."
601898.SS,China Coal Energy Company Limited
601818.SS,China Everbright Bank Company Limited
600188.SS,Yankuang Energy Group Company Limited
601336.SS,New China Life Insurance Company Ltd.
600031.SS,"Sany Heavy Industry Co.,Ltd"
601766.SS,CRRC Corporation Limited
600989.SS,"Ningxia Baofeng Energy Group Co., Ltd."
600930.SS,Huadian New Energy Group Corporation Limited
600887.SS,"Inner Mongolia Yili Industrial Group Co., Ltd."
601688.SS,"Huatai Securities Co., Ltd."
600487.SS,"Hengtong Optic-Electric Co., Ltd."
600176.SS,"China Jushi Co., Ltd."
601600.SS,Aluminum Corporation of China Limited
600999.SS,"China Merchants Securities Co., Ltd."
688702.SS,"Suzhou Centec Communications Co., Ltd."
600016.SS,"China Minsheng Banking Corp., Ltd."
601872.SS,"China Merchants Energy Shipping Co., Ltd."
600362.SS,Jiangxi Copper Company Limited
600547.SS,"Shandong Gold Mining Co., Ltd."
601009.SS,"Bank of Nanjing Co., Ltd."
600111.SS,"China Northern Rare Earth (Group) High-Tech Co.,Ltd"
600660.SS,"Fuyao Glass Industry Group Co., Ltd."
600809.SS,"Shanxi Xinghuacun Fen Wine Factory Co.,Ltd."
688082.SS,"ACM Research (Shanghai), Inc."
601229.SS,"Bank of Shanghai Co., Ltd."
601995.SS,China International Capital Corporation Limited
600050.SS,China United Network Communications Limited
600584.SS,"JCET Group Co., Ltd."
601100.SS,"Jiangsu Hengli Hydraulic Co.,Ltd"
688120.SS,"Hwatsing Technology Co., Ltd."
600489.SS,"Zhongjin Gold Corp.,Ltd"
600346.SS,"Hengli Petrochemical Co.,Ltd."
688146.SS,"Peric Special Gases Co., Ltd."
600019.SS,"Baoshan Iron & Steel Co., Ltd."
688361.SS,"Skyverse Technology Co., Ltd."
600760.SS,AVIC Shenyang Aircraft Company Limited
688783.SS,"Xi'an ESWIN Material Technology Co., Ltd."
603019.SS,"Dawning Information Industry Co., Ltd."
605117.SS,"Ningbo Deye Technology Group Co., Ltd."
600018.SS,"Shanghai International Port (Group) Co., Ltd."
600522.SS,"Jiangsu Zhongtian Technology Co., Ltd."
600926.SS,"Bank of Hangzhou Co., Ltd."
603256.SS,"Grace Fabric Technology Co.,Ltd."
600104.SS,SAIC Motor Corporation Limited
603296.SS,"Huaqin Co., Ltd."
601881.SS,"China Galaxy Securities Co., Ltd."
601633.SS,Great Wall Motor Company Limited
600886.SS,"SDIC Power Holdings Co., Ltd"
688506.SS,"Sichuan Biokin Pharmaceutical Co.,Ltd."
601111.SS,Air China Limited
601169.SS,"Bank of Beijing Co., Ltd."
601888.SS,China Tourism Group Duty Free Corporation Limited
688111.SS,"Beijing Kingsoft Office Software, Inc."
600015.SS,"Hua Xia Bank Co., Limited"
600905.SS,"China Three Gorges Renewables (Group) Co.,Ltd."
688525.SS,"BIWIN Storage Technology Co., Ltd."
603501.SS,"OmniVision Integrated Circuits Group, Inc."
601390.SS,China Railway Group Limited
600160.SS,"Zhejiang Juhua Co., Ltd."
600010.SS,"Inner Mongolia Baotou Steel Union Co., Ltd."
688183.SS,"Shengyi Electronics Co., Ltd."
601698.SS,"China Satellite Communications Co., Ltd."
600893.SS,"AECC Aviation Power Co.,Ltd"
600089.SS,"TBEA Co., Ltd."
601868.SS,China Energy Engineering Corporation Limited
600011.SS,"Huaneng Power International, Inc."
600026.SS,"COSCO SHIPPING Energy Transportation Co., Ltd."
601006.SS,"Daqin Railway Co., Ltd."
688521.SS,"VeriSilicon Microelectronics (Shanghai) Co., Ltd."
600673.SS,"Guangdong HEC Technology Holding Co., Ltd"
601168.SS,"Western Mining Co.,Ltd."
600795.SS,"GD Power Development Co.,Ltd"
601012.SS,"LONGi Green Energy Technology Co., Ltd."
601727.SS,"Shanghai Electric Group Co., Ltd."
600585.SS,Anhui Conch Cement Company Limited
603228.SS,"Shenzhen Kinwong Electronic Co., Ltd."
600988.SS,Chifeng Jilong Gold Mining Group Limited
601991.SS,"Datang International Power Generation Co., Ltd."
601825.SS,"Shanghai Rural Commercial Bank Co., Ltd."
688271.SS,"Shanghai United Imaging Healthcare Co., Ltd."
605499.SS,"Eastroc Beverage (Group) Co., Ltd."
601127.SS,"Seres Group Co.,Ltd"
600875.SS,Dongfang Electric Corporation Limited
601800.SS,China Communications Construction Company Limited
600549.SS,"Xiamen Tungsten Co.,Ltd."
688126.SS,"National Silicon Industry Group Co., Ltd."
601689.SS,"Ningbo Tuopu Group Co.,Ltd."
600029.SS,China Southern Airlines Company Limited
601669.SS,"Power Construction Corporation of China, Ltd"
688249.SS,Nexchip Semiconductor Corporation
688200.SS,"Beijing Huafeng Test & Control Technology Co.,Ltd."
601838.SS,"Bank of Chengdu Co., Ltd."
688172.SS,"Beijing YanDong MicroElectronic Co., Ltd."
601186.SS,China Railway Construction Corporation Limited
688818.SS,"CETC Lantian Technology Co., Ltd."
600236.SS,"Guangxi Guiguan Electric PowerCo.,Ltd."
600436.SS,"Zhangzhou Pientzehuang Pharmaceutical Co., Ltd."
688396.SS,China Resources Microelectronics Limited
600674.SS,Sichuan Chuantou Energy Co.Ltd
601916.SS,"China Zheshang Bank Co., Ltd"
603893.SS,"Rockchip Electronics Co., Ltd."
603799.SS,"Zhejiang Huayou Cobalt Co., Ltd"
600039.SS,"Sichuan Road & Bridge Group Co.,Ltd"
688037.SS,"KINGSEMI Co., Ltd."
601077.SS,"Chongqing Rural Commercial Bank Co., Ltd."
601958.SS,"Jinduicheng Molybdenum Co., Ltd."
600115.SS,China Eastern Airlines Corporation Limited
603195.SS,"Goneo Group Co., Ltd."
600482.SS,"China Shipbuilding Industry Group Power Co., Ltd."
600958.SS,Orient Securities Company Limited
688002.SS,"Raytron Technology Co.,Ltd."
600118.SS,"China Spacesat Co.,Ltd."
688469.SS,"United Nova Technology Co.,Ltd."
688729.SS,"Beijing E-Town Semiconductor Technology Co., Ltd."
688777.SS,"Supcon Technology Co.,Ltd"
601018.SS,Ningbo Zhoushan Port Company Limited
688313.SS,"Henan Shijia Photons Technology Co., Ltd."
600415.SS,"Zhejiang China Commodities City Group Co., Ltd."
600066.SS,"Yutong Bus Co.,Ltd."
688519.SS,"Nanya New Material Technology Co.,Ltd"
601179.SS,"China XD Electric Co., Ltd"
688036.SS,"Shenzhen Transsion Holdings Co., Ltd."
600023.SS,"Zhejiang Zheneng Electric Power Co., Ltd."
603459.SS,"Jiangxi Redboard Technology Co., Ltd."
603083.SS,"CIG Shanghai Co., Ltd."
601231.SS,"Universal Scientific Industrial (Shanghai) Co., Ltd."
688409.SS,"Shenyang Fortune Precision Equipment Co., Ltd."
600048.SS,"Poly Developments and Holdings Group Co., Ltd."
688629.SS,"Sichuan Huafeng Technology Co., LTD."
601788.SS,Everbright Securities Company Limited
600703.SS,"Sanan Optoelectronics Co.,Ltd"
601233.SS,"Tongkun Group Co., Ltd."
900948.SS,"Inner Mongolia Yitai Coal Co.,Ltd."
601360.SS,360 Security Technology Inc.
600600.SS,Tsingtao Brewery Company Limited
688630.SS,"Circuit Fabology Microelectronics Equipment Co., Ltd."
601061.SS,"CITIC Metal Co., Ltd"
688766.SS,"Puya Semiconductor (Shanghai) Co., Ltd."
600009.SS,"Shanghai International Airport Co., Ltd."
688585.SS,"Swancor Advanced Materials Co., Ltd."
600233.SS,"YTO Express Group Co.,Ltd."
600377.SS,Jiangsu Expressway Company Limited
600105.SS,Jiangsu Etern Company Limited
688809.SS,"Maxone Semiconductor (Suzhou) Co., Ltd."
688331.SS,"RemeGen Co., Ltd."
601901.SS,"Founder Securities Co., Ltd."
600378.SS,"Haohua Chemical Science & Technology Corp., Ltd."
600221.SS,"Hainan Airlines Holding Co., Ltd."
900945.SS,"Hainan Airlines Holding Co., Ltd."
600426.SS,"Shandong Hualu-Hengsheng Chemical Co., Ltd."
600196.SS,"Shanghai Fosun Pharmaceutical (Group) Co., Ltd."
601298.SS,"Qingdao Port International Co., Ltd."
600219.SS,"Shandong Nanshan Aluminium Co.,Ltd."
600096.SS,"Yunnan Yuntianhua Co., Ltd."
600460.SS,"Hangzhou Silan Microelectronics Co., Ltd."
601607.SS,"Shanghai Pharmaceuticals Holding Co., Ltd"
600292.SS,"SPIC Hydropower Co., Ltd."
601877.SS,"Zhejiang Chint Electrics Co., Ltd."
601059.SS,"Cinda Securities Co., Ltd."
688141.SS,"JoulWatt Technology Co., Ltd."
688187.SS,"Zhuzhou CRRC Times Electric Co., Ltd."
600803.SS,"ENN Natural Gas Co., Ltd."
600498.SS,"Fiberhome Telecommunication Technologies Co., Ltd."
688017.SS,"Leader Harmonious Drive Systems Co., Ltd."
601212.SS,"Baiyin Nonferrous Group Co., Ltd."
603156.SS,"Hebei Yangyuan ZhiHui Beverage Co., Ltd."
600885.SS,"Hongfa Technology Co., Ltd."
688019.SS,"Anji Microelectronics Technology (Shanghai) Co., Ltd."
600601.SS,"Founder Technology Group Co.,Ltd."
600438.SS,"Tongwei Co.,Ltd"
600372.SS,"AVIC Airborne Systems Co., Ltd."
600497.SS,"Yunnan Chihong Zinc & Germanium Co., Ltd."
600350.SS,Shandong Hi-speed Company Limited
688432.SS,"GRINM Semiconductor Materials Co., Ltd."
688147.SS,Jiangsu Leadmicro Nano-Equipment Technology Ltd
600027.SS,Huadian Power International Corporation Limited
601377.SS,"Industrial Securities Co.,Ltd."
603659.SS,"Shanghai Putailai New Energy Technology Group Co.,Ltd."
601699.SS,"Shanxi Lu'an Environmental Energy Development Co., Ltd."
688048.SS,"Suzhou Everbright Photonics Co., Ltd."
688578.SS,"Shanghai Allist Pharmaceuticals Co., Ltd."
603979.SS,"JCHX Mining Management Co.,Ltd."
601618.SS,Metallurgical Corporation of China Ltd.
688110.SS,"Dosilicon Co., Ltd."
688009.SS,China Railway Signal & Communication Corporation Limited
600741.SS,HUAYU Automotive Systems Company Limited
688797.SS,"Chongqing Genori Technology Co., Ltd."
601808.SS,China Oilfield Services Limited
601456.SS,"Guolian Minsheng Securities Co., Ltd."
688234.SS,"SICC Co., Ltd."
688775.SS,Arashi Vision Inc.
600985.SS,"Huaibei Mining Holdings Co.,Ltd."
600418.SS,"Anhui Jianghuai Automobile Group Corp.,Ltd."
600895.SS,"Shanghai Zhangjiang Hi-Tech Park Development Co., Ltd."
688828.SS,"CIQTEK Co., Ltd."
603129.SS,"Zhejiang Cfmoto Power Co.,Ltd"
600879.SS,"China Aerospace Times Electronics CO., LTD."
600580.SS,"Wolong Electric Group Co.,Ltd."
601117.SS,"China National Chemical Engineering Co., Ltd"
688796.SS,"Biocytogen Pharmaceuticals (Beijing) Co., Ltd."
600918.SS,"Zhongtai Securities Co., Ltd."
688548.SS,"Guangzhou Guanggang Gases & Energy Co.,Ltd."
688375.SS,"Guobo Electronics Co., Ltd."
601198.SS,Dongxing Securities Corporation Limited
688223.SS,"Jinko Solar Co., Ltd."
601208.SS,"Sichuan Em Technology Co., Ltd."
688300.SS,Novoray Corporation
601058.SS,"Sailun Group Co., Ltd."
600726.SS,Huadian Energy Company Limited
900937.SS,Huadian Energy Company Limited
601238.SS,"Guangzhou Automobile Group Co., Ltd."
603049.SS,"Zhongce Rubber Group Co., Ltd."
688627.SS,"Shenzhen SEICHI Technologies Co., Ltd."
688387.SS,"CICT Mobile Communication Technology Co., Ltd."
603629.SS,"Jiangsu Lettall Electronic Co.,Ltd"
600206.SS,"Grinm Advanced Materials Co., Ltd."
603087.SS,Gan & Lee Pharmaceuticals.
688536.SS,3Peak Incorporated
601878.SS,"Zheshang Securities Co., Ltd."
601021.SS,"Spring Airlines Co., Ltd."
600909.SS,"Huaan Securities Co., Ltd."
600570.SS,Hundsun Technologies Inc.
600801.SS,"Huaxin Building Materials Group Co., Ltd."
601598.SS,Sinotrans Limited
600061.SS,"SDIC Capital Co.,Ltd"
600845.SS,"Shanghai Baosight Software Co.,Ltd."
900926.SS,"Shanghai Baosight Software Co.,Ltd."
688047.SS,Loongson Technology Corporation Limited
600642.SS,Shenergy Company Limited
600667.SS,Wuxi Taiji Industry Limited Corporation
600352.SS,"Zhejiang Longsheng Group Co.,Ltd"
603699.SS,"Neway Valve (Suzhou) Co., Ltd."
600392.SS,"Shenghe Resources Holding Co., Ltd"
688433.SS,"Farsoon Technologies Co., Ltd."
601665.SS,"Qilu Bank Co., Ltd."
688826.SS,"Shanghai Precilasers Technology Co., Ltd."
601555.SS,"Soochow Securities Co., Ltd."
601108.SS,"Caitong Securities Co.,Ltd."
688188.SS,Shanghai BOCHU Electronic Technology Corporation Limited
600663.SS,"Shanghai Lujiazui Finance & Trade Zone Development Co.,Ltd."
900932.SS,"Shanghai Lujiazui Finance & Trade Zone Development Co.,Ltd."
600995.SS,"China Southern Power Grid Energy Storage Co., Ltd."
603260.SS,"Hoshine Silicon Industry Co., Ltd."
600968.SS,CNOOC Energy Technology & Services Limited
600869.SS,"Far East Smarter Energy Co., Ltd."
688027.SS,"QuantumCTek Co., Ltd."
601216.SS,"Inner Mongolia Junzheng Energy & Chemical Group Co.,Ltd."
600256.SS,"Guanghui Energy Co., Ltd."
603806.SS,"Hangzhou First Applied Material Co., Ltd."
688213.SS,"Smartsens Technology (Shanghai) Co., Ltd."
601136.SS,Capital Securities Corporation Limited
603392.SS,"Beijing Wantai Biological Pharmacy Enterprise Co., Ltd."
688336.SS,"Sunshine Guojian Pharmaceutical (Shanghai) Co., Ltd"
688728.SS,GalaxyCore Inc.
600021.SS,"Shanghai Electric Power Co., Ltd."
601577.SS,"Bank of Changsha Co., Ltd."
603175.SS,"Dynamic Electronics Co., Ltd."
688052.SS,"Suzhou Novosense Microelectronics Co., Ltd."
605376.SS,"Jiangsu Boqian New Materials Stock Co., Ltd."
688099.SS,"Amlogic (Shanghai) Co.,Ltd."
600901.SS,"Jiangsu Financial Leasing Co., Ltd."
601162.SS,"Tianfeng Securities Co., Ltd."
603650.SS,"Red Avenue New Materials Group Co., Ltd."
688220.SS,"ASR Microelectronics Co., Ltd."
600578.SS,"Beijing Jingneng Power Co., Ltd."
600143.SS,"Kingfa Sci. & Tech. Co., Ltd."
688303.SS,"Xinjiang Daqo New Energy Co.,Ltd."
688322.SS,Orbbec Inc.
688025.SS,"Shenzhen JPT Opto-Electronics Co., Ltd."
600863.SS,Inner Mongolia MengDian HuaNeng Thermal Power Corporation Limited
688472.SS,"CSI Solar Co., Ltd."
688781.SS,"Hefei SeeYa Technology Co., Ltd."
601777.SS,"Chongqing Afari Technology Co., Ltd."
601126.SS,"Beijing Sifang Automation Co.,Ltd"
600141.SS,"Hubei Xingfa Chemicals Group Co., Ltd."
600711.SS,"Chengtun Mining Group Co., Ltd."
688549.SS,"GrandiT Co., Ltd."
603929.SS,"L&K Engineering (Suzhou) Co.,Ltd."
600298.SS,"Angel Yeast Co., Ltd"
603379.SS,"Zhejiang Sanmei Chemical Industry Co.,Ltd."
600060.SS,"Hisense Visual Technology Co., Ltd."
600177.SS,"Youngor Fashion Co., Ltd."
688411.SS,"Beijing HyperStrong Technology Co., Ltd."
603298.SS,"Hangcha Group Co., Ltd"
603369.SS,"Jiangsu King's Luck Brewery Joint-Stock Co.,Ltd."
600157.SS,"Wintime Energy Group Co.,Ltd."
688617.SS,APT Medical Inc.
688295.SS,"Zhongfu Shenying Carbon Fiber Co.,Ltd."
600588.SS,"Yonyou Network Technology Co.,Ltd."
601963.SS,"Bank of Chongqing Co., Ltd."
688169.SS,"Beijing Roborock Technology Co., Ltd."
688668.SS,"Dongguan Dingtong Precision Metal Co., Ltd."
688385.SS,Shanghai Fudan Microelectronics Group Company Limited
600295.SS,"Inner Mongolia ERDOS Resources Co.,Ltd."
900936.SS,"Inner Mongolia ERDOS Resources Co.,Ltd."
603225.SS,"Xinfengming Group Co., Ltd."
600085.SS,"Beijing Tongrentang Co., Ltd"
688167.SS,Focuslight Technologies Inc
600331.SS,"Sichuan Hongda Co.,Ltd"
600871.SS,Sinopec Oilfield Service Corporation
688676.SS,"Hainan Jinpan Smart Technology Co., Ltd."
600707.SS,"Caihong Display Devices Co.,Ltd."
601696.SS,"BOC International (China) Co., Ltd."
601236.SS,"Hongta Securities Co., Ltd."
601611.SS,China Nuclear Engineering Corporation Limited
605358.SS,"Hangzhou Lion Electronics Co.,Ltd"
600562.SS,"Glarun Technology Co.,Ltd"
600733.SS,"BAIC BluePark New Energy Technology Co., Ltd."
603127.SS,"Joinn Laboratories(China)Co.,Ltd."
600109.SS,"Sinolink Securities Co., Ltd."
600348.SS,"Shan Xi Hua Yang Group New Energy Co.,Ltd."
688122.SS,"Western Superconducting Technologies Co., Ltd."
600515.SS,"Hainan Airport Infrastructure Co., Ltd"
600839.SS,"Sichuan Changhong Electric Co.,Ltd."
600330.SS,"TDG Holding Co., Ltd."
688538.SS,"Everdisplay Optronics (Shanghai) Co., Ltd."
605589.SS,"Jinan Shengquan Group Share Holding Co., Ltd."
689009.SS,Ninebot Limited
688266.SS,"Suzhou Zelgen Biopharmaceuticals Co., Ltd."
688449.SS,"Maxio Technology (Hangzhou) Co., Ltd."
600332.SS,Guangzhou Baiyunshan Pharmaceutical Holdings Company Limited
688180.SS,"Shanghai Junshi Biosciences Co., Ltd."
688065.SS,Cathay Biotech Inc.
600737.SS,"Cofco Sugar Holding CO.,LTD."
603198.SS,"Anhui Yingjia Distillery Co., Ltd."
603486.SS,"Ecovacs Robotics Co., Ltd."
688195.SS,"Optowide Technologies Co., Ltd."
688301.SS,iRay Group
603568.SS,"Zhejiang Weiming Environment Protection Co., Ltd."
600428.SS,"COSCO SHIPPING Specialized Carriers Co.,Ltd."
600536.SS,China National Software & Service Company Limited
603766.SS,"Loncin Motor Co., Ltd."
601001.SS,"Jinneng Holding Shanxi Coal Industry Co.,ltd."
600483.SS,"Fujian Funeng Co., Ltd."
603061.SS,"JHT Design Co.,Ltd."
600079.SS,"Humanwell Healthcare (Group) Co.,Ltd."
600925.SS,"Jiangsu Xukuang Energy Co., Ltd."
601880.SS,"Liaoning Port Co., Ltd."
688835.SS,"Jiangsu Gao Kai Precision Fluid Technology Co., Ltd."
601156.SS,"Eastern Air Logistics Co., Ltd."
603308.SS,"Anhui Yingliu Electromechanical Co., Ltd."
601990.SS,"Nanjing Securities Co., Ltd."
600301.SS,"Guangxi Huaxi Nonferrous Metal Co.,Ltd"
600282.SS,"Nanjing Iron & Steel Co., Ltd."
600862.SS,"Avic Aviation High-Technology Co., Ltd."
688635.SS,"Wuhan Changjin Photonics Technology Co., Ltd"
688599.SS,"Trina Solar Co., Ltd."
603338.SS,"Zhejiang Dingli Machinery Co.,Ltd"
600398.SS,"Hla Group Corp., Ltd."
603939.SS,"Yifeng Pharmacy Chain Co., Ltd."
600563.SS,"Xiamen Faratronic Co., Ltd."
600641.SS,"Shanghai Vital Deeptech Co., Ltd."
600353.SS,"Chengdu Xuguang Electronics Co., Ltd."
600517.SS,"State Grid Yingda Co.,Ltd."
600259.SS,"Rising Nonferrous Metals Share Co.,Ltd."
600961.SS,"Zhuzhou Smelter Group Co.,Ltd."
688807.SS,"Xiamen Ux Ic Co., Ltd."
603606.SS,"Ningbo Orient Wires & Cables Co.,Ltd."
688545.SS,"Hubei Sinophorus Electronic Materials Co.,Ltd."
601118.SS,"China Hainan Rubber Industry Group Co.,Ltd."
600637.SS,"Oriental Pearl Group Co.,Ltd."
600777.SS,Shandong Xinchao Energy Corporation Limited
601069.SS,"Western Region Gold Co., Ltd."
600699.SS,Ningbo Joyson Electronic Corp.
688318.SS,"Shenzhen Fortune Trend Technology Co., Ltd."
603688.SS,"Jiangsu Pacific Quartz Co., Ltd"
603444.SS,"G-bits Network Technology (Xiamen) Co., Ltd."
600312.SS,"Henan Pinggao Electric Co.,Ltd."
688333.SS,"Xi'an Bright Laser Technologies Co.,Ltd."
601933.SS,"Yonghui Superstores Co., Ltd."
600499.SS,"Keda Industrial Group Co., Ltd."
600369.SS,"Southwest Securities Co., Ltd."
603823.SS,"Lily Group Co., Ltd."
600685.SS,CSSC Offshore & Marine Engineering (Group) Company Limited
603186.SS,"Zhejiang Wazam New Materials Co.,LTD."
688114.SS,"MGI Tech Co., Ltd."
601000.SS,"TangShan Port Group Co.,Ltd"
688127.SS,"Zhejiang Lante Optics Co., Ltd."
601918.SS,"China Coal Xinji Energy Co.,Ltd"
688192.SS,"Dizal (Jiangsu) Pharmaceutical Co., Ltd."
600546.SS,"Shanxi Coal International Energy Group Co.,Ltd"
603920.SS,"Olympic Circuit Technology Co., Ltd"
603179.SS,"Jiangsu Xinquan Automotive Trim Co.,Ltd."
603565.SS,"Shanghai Zhonggu Logistics Co., Ltd."
601112.SS,"Zhejiang Zhenshi New Materials Co., Ltd."
601155.SS,"Seazen Holdings Co., Ltd"
600583.SS,"Offshore Oil Engineering Co.,Ltd"
600012.SS,Anhui Expressway Company Limited
600884.SS,"Ningbo Shanshan Co.,Ltd."
600153.SS,Xiamen C&D Inc.
601866.SS,"COSCO SHIPPING Development Co., Ltd."
600299.SS,Bluestar Adisseo Company
603067.SS,"Hubei Zhenhua Chemical Co.,Ltd."
688297.SS,"AVIC (Chengdu)UAS Co., Ltd."
688018.SS,"Espressif Systems (Shanghai) Co., Ltd."
601717.SS,ZCZL Industrial Technology Group Company Limited
600704.SS,"Wuchan Zhongda Group Co.,Ltd."
688205.SS,"Wuxi Taclink Optoelectronics Technology Co., Ltd."
688428.SS,InnoCare Pharma Limited
600595.SS,"Henan Zhongfu Industrial Co.,Ltd"
600816.SS,"J-Yuan Trust Co., Ltd."
688102.SS,"Shaanxi Sirui Advanced Materials Co., Ltd."
600208.SS,"Quzhou Xin'an Development Co., Ltd."
688652.SS,"Beijing Jingyi Automation Equipment Co., Ltd."
688362.SS,"Forehope Electronic (Ningbo) Co., Ltd."
603345.SS,"Anjoy Foods Group Co., Ltd."
603605.SS,"Proya Cosmetics Co.,Ltd."
600161.SS,"Beijing Tiantan Biological Products Co., Ltd."
688568.SS,"Geovis Technology Co.,Ltd"
600095.SS,"Xiangcai Co.,Ltd"
600998.SS,"Jointown Pharmaceutical Group Co., Ltd"
688608.SS,"Bestechnic (Shanghai) Co., Ltd."
600323.SS,"Grandblue Environment Co., Ltd."
688278.SS,"Xiamen Amoytop Biotech Co., Ltd."
603435.SS,"Quanzhou Jiadeli Electronics Material Co., Ltd."
601799.SS,"Changzhou Xingyu Automotive Lighting Systems Co., Ltd."
600521.SS,"Zhejiang Huahai Pharmaceutical Co., Ltd."
603663.SS,"Sanxiang Advanced Materials Co., Ltd."
688692.SS,Wuhan Dameng Database Company Limited
600329.SS,Tianjin Pharmaceutical Da Ren Tang Group Corporation Limited
605111.SS,"Wuxi NCE Power Co.,Ltd."
605090.SS,"Jiangxi Jovo Energy Co., Ltd"
600688.SS,Sinopec Shanghai Petrochemical Company Limited
601099.SS,"The Pacific Securities Co., Ltd"
600732.SS,"Shanghai Aiko Solar Energy Co.,Ltd."
688502.SS,MLOptic Corp.
688001.SS,"Suzhou HYC Technology Co.,Ltd."
600575.SS,"Huaihe Energy (Group) Co.,Ltd"
688368.SS,"Shanghai Bright Power Semiconductor Co., Ltd."
601615.SS,Ming Yang Smart Energy Group Limited
688778.SS,"XTC New Energy Materials(Xiamen) Co.,Ltd."
601228.SS,Guangzhou Port Company Limited
603588.SS,"Beijing GeoEnviron Engineering & Technology, Inc."
601128.SS,"Jiangsu Changshu Rural Commercial Bank Co., Ltd."
603119.SS,"Zhejiang Rongtai Electric Material Co.,Ltd."
600598.SS,Heilongjiang Agriculture Company Limited
688248.SS,"China Southern Power Grid Technology Co.,Ltd"
600566.SS,"Hubei Jumpcan Pharmaceutical Co., Ltd."
600956.SS,China Suntien Green Energy Corporation Limited
600126.SS,"Hang Zhou Iron & Steel Co.,Ltd."
600390.SS,Minmetals Capital Company Limited
600388.SS,"Zijin Longking Co., Ltd."
603730.SS,"Shanghai Daimay Automotive Interior Co., Ltd"
603596.SS,"Bethel Automotive Safety Systems Co., Ltd"
600166.SS,"Beiqi Foton Motor Co.,Ltd."
603160.SS,"Shenzhen Goodix Technology Co., Ltd."
601399.SS,"SINOMACH HEAVY EQUIPMENT GROUP CO.,LTD"
600100.SS,"Tsinghua Tongfang Co., Ltd."
603306.SS,"HMT (Xiamen) New Technical Materials Co., Ltd"
603407.SS,"Changyu Holding Group Co., Ltd."
600246.SS,"Vantone Neo Development Group Co., Ltd."
600977.SS,"China Film Industry Group Co., Ltd."
601666.SS,"Pingdingshan Tianan Coal. Mining Co., Ltd."
688475.SS,"Hangzhou EZVIZ Network Co., Ltd."
603678.SS,"Fujian Torch Electron Technology Co., Ltd."
600745.SS,"Wingtech Technology Co.,Ltd"
603885.SS,"Juneyao Airlines Co., Ltd"
601016.SS,"CECEP Wind-power Corporation Co.,Ltd."
603737.SS,"SKSHU Paint Co.,Ltd."
688403.SS,"Union Semiconductor (Hefei) Co., Ltd."
603301.SS,"Zhende Medical Co., Ltd."
688349.SS,"Sany Renewable Energy Co.,Ltd."
688563.SS,"Baimtec Material Co.,Ltd."
600038.SS,Avicopter Plc
601606.SS,"Anhui Great Wall Military Industry Co., Ltd."
600098.SS,Guangzhou Development Group Incorporated
601609.SS,"Ningbo Jintian Copper (Group) Co., Ltd."
601608.SS,"CITIC Heavy Industries Co., Ltd."
600873.SS,"MeiHua Holdings Group Co.,Ltd"
603618.SS,"Hangzhou Cable Co., Ltd."
600535.SS,"Tasly Pharmaceutical Group Co., Ltd"
688727.SS,"Xiamen Hengkun New Materials Technology Co., Ltd."
603236.SS,"Quectel Wireless Solutions Co., Ltd."
600396.SS,"Huadian Liaoning Energy Development Co.,Ltd"
603773.SS,"WG TECH (Jiang Xi) Co., Ltd."
601928.SS,Jiangsu Phoenix Publishing & Media Corporation Limited
688531.SS,"Unicomp Technology Group Co., Ltd."
603358.SS,"Huada Automotive Technology Corp.,Ltd"
688425.SS,China Railway Construction Heavy Industry Corporation Limited
603290.SS,StarPower Semiconductor Ltd.
688352.SS,"Hefei Chipmore Technology Co.,Ltd."
600486.SS,"Jiangsu Yangnong Chemical Co., Ltd."
688392.SS,"SBT Ultrasonic Technology Co., Ltd."
603876.SS,"Jiangsu Dingsheng New Materials Joint-Stock Co.,Ltd"
601865.SS,"Flat Glass Group Co., Ltd."
688819.SS,"Tianneng Battery Group Co., Ltd."
688143.SS,"Yangtze Optical Electronic Co., Ltd."
600848.SS,"Shanghai Lingang Holdings Co.,Ltd."
900928.SS,"Shanghai Lingang Holdings Co.,Ltd."
688400.SS,"LUSTER LightTech Co., LTD."
688343.SS,"Shenzhen Intellifusion Technologies Co., Ltd."
600906.SS,"Caida Securities Co., Ltd."
603881.SS,"Shanghai @hub Co.,Ltd."
601106.SS,China First Heavy Industries
603950.SS,"Xiangyang Changyuandonggu Industry Co., Ltd."
603899.SS,Shanghai M&G Stationery Inc.
688596.SS,"Shanghai GenTech Co., Ltd."
603991.SS,"Shenzhen Leading Semiconductor Industry Co., Ltd."
600008.SS,"Beijing Capital Eco-Environment Protection Group Co., Ltd."
688097.SS,"Bozhon Precision Industry Technology Co.,Ltd."
601677.SS,"Henan Mingtai Al.Industrial Co.,Ltd."
601567.SS,"Ningbo Sanxing Medical Electric Co.,Ltd."
600602.SS,INESA Intelligent Tech Inc.
900901.SS,INESA Intelligent Tech Inc.
688131.SS,"Shanghai Haoyuan Chemexpress Co., Ltd."
688123.SS,Giantec Semiconductor Corporation
600765.SS,"AVIC Heavy Machinery Co., Ltd."
600316.SS,"Jiangxi Hongdu Aviation Industry Co., Ltd."
600186.SS,"Lotus Holdings Co.,Ltd."
600664.SS,"Harbin Pharmaceutical Group Co., Ltd."
600550.SS,"Baoding Tianwei Baobian Electric Co.,Ltd."
600170.SS,"Shanghai Construction Group Co., Ltd."
601997.SS,"Bank of Guiyang Co.,Ltd."
600970.SS,"Sinoma International Engineering Co.,Ltd"
600511.SS,China National Medicines Corporation Ltd.
688372.SS,"Shanghai V-Test Semiconductor Tech. Co., Ltd."
600582.SS,Tiandi Science & Technology Co.Ltd
603233.SS,"DaShenLin Pharmaceutical Group Co., Ltd."
603816.SS,"Jason Furniture (Hangzhou) Co.,Ltd."
600110.SS,"Nuode New Materials Co.,Ltd."
600172.SS,"Henan Huanghe Whirlwind Co., Ltd."
601158.SS,"Chongqing Water Group Co.,Ltd."
688279.SS,"Fortior Technology (Shenzhen) Co., Ltd."
603728.SS,"Shanghai Moons' Electric Co., Ltd."
603530.SS,"Jiangsu Shemar Electric Co.,Ltd"
603833.SS,Oppein Home Group Inc.
600114.SS,"NBTM New Materials Group Co., Ltd."
600004.SS,Guangzhou Baiyun International Airport Company Limited
601333.SS,Guangshen Railway Company Limited
603005.SS,"China Wafer Level CSP Co., Ltd."
688503.SS,"Changzhou Fusion New Material Co., Ltd."
600516.SS,"FangDa Carbon New Material Co.,Ltd"
603667.SS,"Zhejiang XCC Group Co.,Ltd"
600132.SS,"Chongqing Brewery Co., Ltd."
600518.SS,"Kangmei Pharmaceutical Co., Ltd."
688726.SS,"LAPLACE Renewable Energy Technology Co., Ltd."
688388.SS,"Guangdong Jiayuan Technology Co.,Ltd."
601101.SS,"Beijing Haohua Energy Resource Co., Ltd."
603077.SS,Sichuan Hebang Biotechnology Corporation Limited
603658.SS,"Autobio Diagnostics Co., Ltd."
600967.SS,"Inner Mongolia First Machinery Group Co.,Ltd."
600548.SS,Shenzhen Expressway Corporation Limited
688584.SS,"Wafer Works (Shanghai) Co., Ltd."
603132.SS,Jinhui Mining Incorporation Limited
600500.SS,Sinochem International Corporation
600007.SS,"China World Trade Center Co., Ltd."
600927.SS,"Yongan Futures Co.,Ltd."
600179.SS,"Antong Holdings Co., Ltd."
688270.SS,"Great Microwave Technology Co., Ltd."
603516.SS,"Beijing Tricolor Technology Co., Ltd"
603529.SS,"AIMA Technology Group CO., LTD"
603871.SS,"Jiayou International Logistics Co.,Ltd"
600754.SS,"Shanghai Jin Jiang International Hotels Co., Ltd."
900934.SS,"Shanghai Jin Jiang International Hotels Co., Ltd."
601969.SS,"Hainan Mining Co., Ltd."
600339.SS,China Petroleum Engineering Corporation
605198.SS,"Yantai North Andre Juice Co., Ltd."
688257.SS,Shareate Tools Ltd.
600629.SS,Arcplus Group PLC
601975.SS,Nanjing Tanker Corporation
688005.SS,"Ningbo Ronbay New Energy Technology Co.,Ltd."
600577.SS,"Tongling Jingda Special Magnet Wire Co., Ltd."
600808.SS,Maanshan Iron & Steel Company Limited
603124.SS,"Jiangxi Jiangnan New Material Technology Co., Ltd."
600226.SS,"Zhejiang Hengtong Holding Co.,Ltd."
688233.SS,Thinkon Semiconductor Jinzhou Corp.
688206.SS,"Primarius Technologies Co., Ltd."
688268.SS,"Guangdong Huate Gas Co., Ltd"
601020.SS,"Tibet Huayu Mining Co., Ltd."
600655.SS,"Shanghai Yuyuan Tourist Mart (Group) Co., Ltd."
600606.SS,Greenland Holdings Corporation Limited
601139.SS,Shenzhen Gas Corporation Ltd.
603341.SS,"Shanghai Longcheer Technology Co., Ltd."
601137.SS,Ningbo Boway Alloy Material Company Limited
603000.SS,"People.cn CO., LTD"
688785.SS,"Shenzhen CSL Vacuum Science and Technology Co., Ltd."
688615.SS,"Intsig Information Co., Ltd."
600131.SS,"State Grid Information & Communication Co., Ltd."
603115.SS,"Nantong Haixing Electronics Co., Ltd."
688281.SS,"Shaanxi Huaqin Technology Industry Co.,Ltd."
601326.SS,"Qinhuangdao Port Co., Ltd."
601098.SS,"China South Publishing & Media Group Co., Ltd"
600057.SS,"Xiamen Xiangyu Co., Ltd."
601519.SS,Shanghai DZH Limited
688800.SS,"Suzhou Recodeal Interconnect System Co.,Ltd"
603002.SS,Epoxy Base Electronic Material Corporation Limited
688520.SS,Sinocelltech Group Limited
600459.SS,"Sino-Platinum Metals Co.,Ltd"
688363.SS,Bloomage BioTechnology Corporation Limited
603337.SS,"Jack Technology Co.,Ltd"
688208.SS,"Autel Intelligent Technology Corp., Ltd."
600820.SS,"Shanghai Tunnel Engineering Co., Ltd."
600345.SS,"WuHan Yangtze Communication Industry GroupCo.,Ltd"
605196.SS,"Hebei Huatong Wires and Cables Group Co., Ltd."
688813.SS,"Xi'an Taijin New Energy & Materials Sci-Tech Co., Ltd."
605020.SS,"Zhejiang Yonghe Refrigerant Co., Ltd."
600397.SS,"Jiangxi Tungsten Rare And Precious Equipment Co., Ltd."
600739.SS,"Liaoning Cheng Da Co., Ltd."
601187.SS,"Xiamen Bank Co., Ltd."
600320.SS,"Shanghai Zhenhua Heavy Industries Co., Ltd."
900947.SS,"Shanghai Zhenhua Heavy Industries Co., Ltd."
688561.SS,Qi An Xin Technology Group Inc.
601858.SS,China Science Publishing & Media Ltd.
900909.SS,Shanghai Huayi Group Corporation Limited
603355.SS,"Kingclean Electric Co.,Ltd"
688772.SS,"Zhuhai CosMX Battery Co., Ltd."
601636.SS,"Zhuzhou Kibing Group Co.,Ltd"
600062.SS,"China Resources Double-Crane Pharmaceutical Co.,Ltd."
600403.SS,"Henan Dayou Energy Co., Ltd"
603092.SS,"Delijia Transmission Technology (Jiangsu) Co.,Ltd."
600531.SS,"Henan Yuguang Gold&Lead Co.,Ltd."
601083.SS,"Shanghai Jinjiang Shipping (Group) Co., Ltd."
605296.SS,"Yunnan Shennong Agricultural Industry Group Co., Ltd."
600490.SS,"Pengxin International Mining Co.,Ltd"
603638.SS,"Yantai Eddie Precision Machinery Co., Ltd."
600120.SS,"Zhejiang Orient Holdings Group Co., Ltd."
601966.SS,"Shandong Linglong Tyre Co.,Ltd."
600380.SS,"Joincare Pharmaceutical Group Industry Co.,Ltd."
600835.SS,"Shanghai Mechanical & Electrical Industry Co.,Ltd."
900925.SS,"Shanghai Mechanical & Electrical Industry Co.,Ltd."
688700.SS,"Kunshan Dongwei Technology Co., Ltd."
600032.SS,"Zhejiang Provincial New Energy Investment Group Co., Ltd."
600623.SS,Shanghai Huayi Group Corporation Limited
600552.SS,"Triumph Science & Technology Co.,Ltd"
688582.SS,Anhui XDLK Microsystem Corporation Limited
603162.SS,"Fujian Highton Development Co., Ltd."
601107.SS,Sichuan Expressway Company Limited
601921.SS,"Zhejiang Publishing & Media Co., Ltd."
603171.SS,"Servyou Software Group Co., Ltd."
603858.SS,"Shandong Buchang Pharmaceuticals Co., Ltd."
603283.SS,"Suzhou Secote Precision Electronic Co.,LTD"
688523.SS,"Hunan Aerospace Huanyu Communication Technology Co.,LTD."
600888.SS,"Xinjiang Joinworld Co., Ltd."
603738.SS,"TKD Science and Technology Co.,Ltd."
688380.SS,"Shenzhen China Micro Semicon Co., Ltd."
688709.SS,"Chengdu Sino-Microelectronics Tech. Co., Ltd."
601375.SS,"Central China Securities Co., Ltd."
603786.SS,"KEBODA TECHNOLOGY Co., Ltd."
688708.SS,"Chengdu Jiachi Electronic Technology Co., Ltd."
600171.SS,"Shanghai Belling Co., Ltd."
688686.SS,"OPT Machine Vision Tech Co., Ltd."
688690.SS,"Suzhou Nanomicro Technology Co., Ltd."
600928.SS,"Bank of Xi'an Co.,Ltd."
605289.SS,Shanghai Luoman Technologies Inc.
688003.SS,"Suzhou TZTEK Technology Co., Ltd"
600867.SS,"Tonghua Dongbao Pharmaceutical Co., Ltd."
600763.SS,"Topchoice Medical Co., Inc."
601702.SS,Shanghai Huafon Aluminium Corporation
600162.SS,"Shenzhen HeungKong Holding Co.,Ltd"
600435.SS,"North Navigation Control Technology Co.,Ltd."
688779.SS,"Minmetals New Energy Materials(Hunan)Co.,Ltd."
600528.SS,China Railway Hi-tech Industry Corporation Limited
688390.SS,"GoodWe Technologies Co., Ltd."
688332.SS,"Shenzhen Bluetrum Technology Co., Ltd."
603938.SS,"Tangshan Sunfar Silicon Industries Co.,Ltd."
688166.SS,"BrightGene Bio-Medical Technology Co., Ltd."
603009.SS,"Shanghai Beite Technology group Co., Ltd."
600959.SS,Jiangsu Broadcasting Cable Information Network Corporation Limited
603025.SS,"Beijing Dahao Technology Corp.,Ltd"
601568.SS,"Shaanxi Beiyuan Chemical Industry Group Co., Ltd."
688150.SS,"Shaanxi Lighte Optoelectronics Material Co.,Ltd"
600612.SS,"Lao Feng Xiang Co., Ltd."
900905.SS,"Lao Feng Xiang Co., Ltd."
603733.SS,"Xianhe Co.,Ltd."
601369.SS,"Xi'an Shaangu Power Co., Ltd."
600750.SS,"China Resources Jiangzhong Pharmaceutical Co.,Ltd"
603026.SS,"Shida Shinghwa Advanced Material Group Co., Ltd."
601886.SS,"Jangho Group Co., Ltd."
688661.SS,"Suzhou UIGreen Micro&Nano Technologies Co.,Ltd"
600410.SS,"Beijing Teamsun Technology Co.,Ltd."
600409.SS,"Tangshan Sanyou Chemical Industries Co.,Ltd"
688484.SS,"Southchip Semiconductor Technology(Shanghai) Co., Ltd."
688612.SS,"Shenzhen VMAX New Energy Co., Ltd."
600877.SS,CETC Chips Technology Inc.
603997.SS,"Ningbo Jifeng Auto Parts Co., Ltd."
600761.SS,"Anhui Heli Co.,Ltd."
688106.SS,"Jinhong Gas Co.,Ltd."
601965.SS,"China Automotive Engineering Research Institute Co., Ltd."
603203.SS,"Quick Intelligent Equipment Co.,Ltd."
688308.SS,"OKE Precision Cutting Tools Co., Ltd."
600475.SS,"Wuxi Huaguang Environment & Energy Group Co.,Ltd."
603063.SS,"Shenzhen Hopewind Electric Co., Ltd."
688029.SS,"Micro-Tech (Nanjing) Co.,Ltd"
600267.SS,"Zhejiang Hisun Pharmaceutical Co., Ltd."
603031.SS,"Anhui Anfu Battery Technology Co.,Ltd"
600151.SS,"Shanghai Aerospace Automobile Electromechanical Co., Ltd."
601133.SS,"Both Engineering Technology Co.,Ltd."
600933.SS,"IKD Co., Ltd."
600022.SS,Shandong Iron and Steel Company Ltd.
688516.SS,"Wuxi Autowell Technology Co.,Ltd."
600361.SS,"Innovation New Material Technology Co., Ltd."
600452.SS,"Chongqing Fuling Electric Power Industrial Co., Ltd."
688605.SS,"Sprint Precision Technologies Co., Ltd."
600596.SS,"Zhejiang Xinan Chemical Industrial Group Co.,Ltd"
600651.SS,"Shanghai Feilo Acoustics Co.,Ltd"
603118.SS,"Shenzhen Gongjin Electronics Co., Ltd."
600872.SS,"Jonjee Hi-Tech Industrial and Commercial Holding Co.,Ltd"
603906.SS,"Jiangsu Lopal Tech. Group Co., Ltd."
600621.SS,"Shanghai Chinafortune Co., Ltd."
603317.SS,"Sichuan Teway Food Group Co.,Ltd"
688593.SS,"Shanghai New Vision Microelectronics Co., Ltd"
688712.SS,"Insight Lifetech Co., Ltd."
603456.SS,"Zhejiang Jiuzhou Pharmaceutical Co., Ltd"
601019.SS,"Shandong Publishing&Media Co.,Ltd"
600056.SS,"China Meheco Group Co., Ltd."
688353.SS,"Jiangsu HSC New Energy Materials Co.,LTD."
688535.SS,"Jiangsu HHCK Advanced Materials Co., Ltd."
688006.SS,Zhejiang HangKe Technology Incorporated Company
688185.SS,CanSino Biologics Inc.
600675.SS,China Enterprise Company Limited
600258.SS,"BTG Hotels (Group) Co., Ltd."
600201.SS,"Jinyu Bio-technology Co., Ltd."
600710.SS,Sumec Corporation Limited
688202.SS,Shanghai Medicilon Inc.
603662.SS,"Keli Sensing Technology (Ningbo) Co.,Ltd."
600744.SS,"Datang Huayin Electric Power Co.,Ltd"
603194.SS,"Zhejiang E-P Equipment Co., Ltd."
688625.SS,"GCH Technology Co., Ltd."
601038.SS,First Tractor Company Limited
600155.SS,"Huachuang Yunxin Digital Technology Co., Ltd."
688046.SS,"GemPharmatech Co., Ltd."
688222.SS,HitGen Inc.
688028.SS,"Beijing Worldia Diamond Tools Co.,Ltd."
603078.SS,"Jiangyin Jianghua Microelectronics Materials Co., Ltd"
688158.SS,"UCloud Technology Co., Ltd."
601827.SS,"Chongqing Sanfeng Environment Group Corp., Ltd."
601778.SS,"Jinko Power Technology Co., Ltd."
601678.SS,"Befar Group Co., Ltd"
603826.SS,"Fujian Kuncai Material Technology Co., Ltd."
603014.SS,"Shandong Weigao Blood Purification Products Co., Ltd."
900941.SS,"Eastern Communications Co.,Ltd."
600064.SS,Nanjing Gaoke Company Limited
600916.SS,"China National Gold Group Gold Jewellery Co.,Ltd."
600367.SS,"Guizhou RedStar Developing Co.,Ltd."
600072.SS,"CSSC Science & Technology Co., Ltd"
603613.SS,"Beijing United Information Technology Co.,Ltd."
688401.SS,"Shenzhen Newway Photomask Making Co., Ltd"
603226.SS,"Vohringer Home Technology Co.,Ltd."
688710.SS,"Shanghai InnoStar Bio-tech Co., Ltd."
688765.SS,Wuhan Healthgen Biotechnology Corp.
603868.SS,"Shanghai Flyco Electrical Appliance Co., Ltd."
688507.SS,"Shanghai Suochen Information Technology Co.,Ltd."
600779.SS,"Sichuan Swellfun Co.,Ltd"
600776.SS,"Eastern Communications Co.,Ltd."
688603.SS,"Shanghai Skychem Technology Co., Ltd."
600827.SS,"Shanghai Bailian (Group) Co., Ltd."
900923.SS,"Shanghai Bailian (Group) Co., Ltd."
603882.SS,"Guangzhou Kingmed Diagnostics Group Co., Ltd."
603707.SS,"Nanjing King-Friend Biochemical Pharmaceutical Co.,Ltd."
688383.SS,"Shenzhen Xinyichang Technology Co., Ltd."
601992.SS,BBMG Corporation
603305.SS,"Ningbo Xusheng Group Co., Ltd."
600633.SS,"Zhejiang Daily Digital Culture Group Co.,Ltd"
603505.SS,"China Kings Resources Group Co.,Ltd."
601811.SS,"Xinhua Winshare Publishing and Media Co., Ltd."
601033.SS,"Grandtop Yongxing Group Co.,Ltd"
605389.SS,"JiangSu Changling Hydraulic Co.,Ltd"
600113.SS,Zhejiang Dongri Limited Company
600456.SS,"Baoji Titanium Industry Co., Ltd."
600271.SS,Aisino Co.Ltd.
600167.SS,"Luenmei Quantum Co.,Ltd"
688260.SS,"Suzhou Gyz Electronic Technology Co.,Ltd"
688559.SS,"Hymson Laser Technology Group Co.,Ltd."
688062.SS,"Mabwell (Shanghai) Bioscience Co., Ltd."
600529.SS,Shandong Pharmaceutical Glass Co.Ltd
688100.SS,"Willfar Information Technology Co., Ltd."
603757.SS,"Zhejiang Dayuan Pumps Industry Co., Ltd"
600416.SS,"Xiangtan Electric Manufacturing Co., Ltd."
600717.SS,"Tianjin Port Holdings Co., Ltd."
600338.SS,"Xizang Zhufeng Resources Co., Ltd."
688798.SS,"Shanghai Awinic Technology Co.,Ltd."
605179.SS,"Zhejiang Yiming Food Co., Ltd."
600764.SS,China Marine Information Electronics Company Limited
600366.SS,"Ningbo Yunsheng Co., Ltd."
605099.SS,"CoCreation Grass Co., Ltd"
601068.SS,China Aluminum International Engineering Corporation Limited
600619.SS,"Shanghai Highly (Group) Co., Ltd."
900910.SS,"Shanghai Highly (Group) Co., Ltd."
688485.SS,"Beijing Jiuzhouyigui Environmental Technology Co., Ltd."
600211.SS,Tibet Rhodiola Pharmaceutical Holding Co.
603011.SS,"Hefei Metalforming Intelligent Manufacturing Co., Ltd."
600216.SS,"Zhejiang Medicine Co., Ltd."
688055.SS,"InfoVision Optoelectronics (Kunshan) Co., Ltd."
688757.SS,"Wintech Nano (Suzhou) Co., Ltd."
600755.SS,"Xiamen ITG Group Corp.,Ltd"
601952.SS,"Jiangsu Provincial Agricultural Reclamation and Development Co.,Ltd."
605599.SS,"Beijing Caishikou Department Store Co.,Ltd."
603039.SS,"Weaver Network Technology Co., Ltd."
600635.SS,"Shanghai Dazhong Public Utilities(Group) Co.,Ltd."
603800.SS,"Jiangsu Hongtian Technology Co.,Ltd."
600908.SS,"Wuxi Rural Commercial Bank Co.,Ltd"
688116.SS,"Jiangsu Cnano Technology Co., Ltd."
603515.SS,"Opple Lighting Co.,LTD"
688031.SS,"Transwarp Technology (Shanghai) Co.,Ltd."
600315.SS,"Shanghai Jahwa United Co., Ltd."
601022.SS,"Ningbo Ocean Shipping Co., Ltd."
600063.SS,"Anhui Wanwei Updated High-Tech Material Industry Co.,Ltd"
600720.SS,"CCCC Design & Consulting Group Co., Ltd."
600783.SS,"Luxin Venture Capital Group Co., Ltd."
600864.SS,"Harbin Hatou Investment Co.,Ltd"
600116.SS,"Chongqing Three Gorges Water Conservancy and Electric Power Co., Ltd."
600395.SS,"Guizhou Panjiang Refined Coal Co.,Ltd."
688567.SS,"Farasis Energy (Gan Zhou) Co., Ltd."
600850.SS,"CETC Digital Technology Co.,Ltd."
688107.SS,"Shanghai Anlogic Infotech Co., Ltd."
603888.SS,"Xinhuanet Co., Ltd."
603556.SS,"Hexing Electrical Co.,Ltd."
688059.SS,"Zhuzhou Huarui Precision Cutting Tools Co.,Ltd."
600508.SS,"Shanghai Datun Energy Resources Co., Ltd."
688090.SS,"Guangzhou Risong Intelligent Technology Holding Co., Ltd."
603936.SS,"Bomin Electronics Co., Ltd."
688088.SS,ArcSoft Corporation Limited
605507.SS,Guobang Pharma Ltd.
603297.SS,"Ningbo Yongxin Optics Co.,Ltd"
601619.SS,Jiaze Renewables Corporation Limited
601512.SS,"China-Singapore Suzhou Industrial Park Development Group Co., Ltd."
600821.SS,"NYOCOR Co., Ltd."
688508.SS,Wuxi Chipown Micro-electronics limited
688105.SS,"Nanjing Vazyme Biotech Co., Ltd"
600648.SS,"Shanghai Waigaoqiao Free Trade Zone Group Co., Ltd."
600343.SS,"Shaanxi Aerospace Power Hi-Tech Co., Ltd."
688515.SS,"Motorcomm Electronic Technology Co., Ltd."
603093.SS,"Nanhua Futures Co., Ltd."
900912.SS,"Shanghai Waigaoqiao Free Trade Zone Group Co., Ltd."
600420.SS,"Shanghai Shyndec Pharmaceutical Co., Ltd."
600461.SS,"Jiangxi Hongcheng Environment Co.,Ltd."
601339.SS,"Bros Eastern.,Ltd"
688382.SS,"InventisBio Co., Limited"
605118.SS,"Xiamen Leading Optics Co., Ltd."
600702.SS,"Shede Spirits Co., Ltd."
603698.SS,"Changzheng Engineering Technology Co.,Ltd"
688610.SS,"Hefei I-TEK OptoElectronics Co., Ltd."
603589.SS,"Anhui Kouzi Distillery Co., Ltd."
603406.SS,"Yangzhou Tinfulong Group Co., Ltd."
688319.SS,Chengdu Olymvax Biopharmaceuticals Inc.
603927.SS,"Sinosoft Co.,Ltd"
688321.SS,"Shenzhen Chipscreen Biosciences Co., Ltd."
688790.SS,"Beijing Onmicro Electronics Co., Ltd."
601096.SS,"Hsino Tower Group Co., Ltd."
688138.SS,Shenzhen Qingyi Photomask Limited
688758.SS,"Suzhou Sepax Technologies Co., Ltd."
603389.SS,"A-Zenith Home Furnishings Co., Ltd."
603185.SS,"Hongyuan Green Energy Co., Ltd."
600589.SS,"Dawei Technology (Guangdong) Group Co., Ltd."
600572.SS,"Zhejiang CONBA Pharmaceutical Co.,Ltd."
601222.SS,"Jiangsu Linyang Energy Co., Ltd."
600859.SS,"Wangfujing Group Co., Ltd."
688806.SS,"Zhuhai Trinomab Pharmaceutical Co., Ltd."
688759.SS,BeBetter Med Inc.
688378.SS,"Jilin OLED Material Tech Co., Ltd."
600285.SS,"Henan Lingrui Pharmaceutical Co., Ltd."
688182.SS,"Jiangsu Cai Qin Technology Co., Ltd"
688016.SS,"Shanghai MicroPort Endovascular MedTech Co., Ltd."
600458.SS,"Zhuzhou Times New Material Technology Co., Ltd."
600248.SS,Shaanxi Construction Engineering Group Corporation Limited
688258.SS,"Jiangsu Eazytec Co., Ltd."
603626.SS,"Kunshan Kersen Science & Technology Co.,Ltd."
603983.SS,"Guangdong Marubi Biotechnology Co., Ltd."
600184.SS,"North Electro-Optic Co.,Ltd."
600268.SS,"Guodian Nanjing Automation Co., Ltd."
603989.SS,"Hunan Aihua Group Co., Ltd"
600006.SS,DongFeng Automobile Co. LTD
603267.SS,"Beijing Yuanliu Hongyuan Electronic Technology Co., Ltd."
688198.SS,"Beijing Balance Medical Technology Co.,Ltd."
603328.SS,"Guangdong Ellington Electronics Technology Co.,Ltd"
688153.SS,"Vanchip (Tianjin) Technology Co., Ltd."
603303.SS,"Hengdian Group Tospo Lighting Co., Ltd."
600971.SS,"Anhui Hengyuan Coal Industry and Electricity Power Co.,Ltd"
600123.SS,"Shanxi Lanhua Sci-Tech Venture Co.,Ltd"
688677.SS,"Qingdao NovelBeam Technology Co.,Ltd."
600058.SS,"Minmetals Development Co., Ltd."
600759.SS,Geo-Jade Petroleum Corporation
603393.SS,"Xinjiang Xintai Natural Gas Co., Ltd."
600559.SS,"Hebei Hengshui Laobaigan Liquor Co., Ltd."
600986.SS,"Zhewen Interactive Group Co., Ltd."
603052.SS,"Suzhou K-Hiragawa Electronic Technology Co., Ltd."
601801.SS,"Anhui Xinhua Media Co., Ltd."
600446.SS,"Shenzhen Kingdom Sci-Tech Co., Ltd"
688112.SS,"Siglent Technologies CO.,Ltd."
688063.SS,"Pylon Technologies Co., Ltd."
603099.SS,"Changbai Mountain Tourism Co., Ltd."
688306.SS,Ningbo PIA Automation Holding Corp.
603580.SS,"AA Industrial Belting (Shanghai) Co.,Ltd"
688663.SS,"WindSun Science&Technology Co.,Ltd."
600391.SS,"Aecc Aero Science and Technology Co.,Ltd"
603619.SS,"Zhongman Petroleum and Natural Gas Group Corp.,Ltd."
688811.SS,"Grinm Metal Composites (Beijing) Technolgy Co., Ltd."
601005.SS,Chongqing Iron & Steel Company Limited
600198.SS,"Datang Telecom Technology Co., Ltd."
603376.SS,"Daming Electronics Co.,Ltd."
688275.SS,"Hubei Wanrun New Energy Technology Co.,Ltd."
688125.SS,"Guangdong Anda Automation Solutions Co.,Ltd."
600326.SS,"Xizang Tianlu Co., Ltd."
601900.SS,"Southern Publishing and Media Co.,Ltd."
601882.SS,"Ningbo Haitian Precision Machinery Co.,Ltd."
600882.SS,"Shanghai Milkground Food Tech Co., Ltd"
603601.SS,"Chongqing Zaisheng Technology Co., Ltd."
600383.SS,Gemdale Corporation
688583.SS,"Scantech (HANGZHOU) Co., Ltd."
601026.SS,Techstorm Advanced Material Corporation Limited
600480.SS,Ling Yun Industrial Corporation Limited
603040.SS,"Hangzhou XZB Tech Co., Ltd"
600509.SS,"Xinjiang Tianfu Energy Co., Ltd."
603713.SS,"Milkyway Intelligent Supply Chain Service GroupCo., Ltd."
605060.SS,"Allied Machinery Co., Ltd."
600773.SS,"Tibet Urban Development and Investment Co.,LTD"
688660.SS,"Shanghai Electric Wind Power Group Co., Ltd."
600787.SS,"CMST Development Co.,Ltd."
688327.SS,"CloudWalk Technology Co., Ltd."
600993.SS,"Mayinglong Pharmaceutical Group Co., Ltd."
603693.SS,"Jiangsu New Energy Development Co., Ltd."
603235.SS,"JiangXi Tianxin Pharmaceutical Co., Ltd."
603218.SS,"Riyue Heavy Industry Co.,Ltd"
601163.SS,"Triangle Tyre Co.,Ltd"
600507.SS,"Fangda Special Steel Technology Co., Ltd."
603220.SS,"China Bester Group Telecom Co., Ltd."
600360.SS,"Jilin Sino-Microelectronics Co., Ltd."
600037.SS,"Beijing Gehua Catv Network Co.,Ltd."
601528.SS,"Zhejiang Shaoxing RuiFeng Rural Commercial Bank Co.,Ltd"
603327.SS,"Sichuan Furong Technology Co., Ltd."
688662.SS,"Guangdong Fuxin Technology Co., Ltd."
688020.SS,"Guangzhou Fangbang Electronics Co.,Ltd"
688697.SS,"Neway CNC Equipment (Suzhou) Co., Ltd."
603468.SS,"Tianjin FUJI-TA Bicycle Industrial Co., Ltd."
603883.SS,LBX Pharmacy Chain Joint Stock Company
600728.SS,"PCI Technology Group Co., Ltd."
603027.SS,"Qianhe Condiment and Food Co., Ltd."
600718.SS,Neusoft Corporation
688351.SS,"Shanghai MicroPort EP MedTech Co., Ltd."
601949.SS,"China Publishing & Media Holdings Co., Ltd."
600740.SS,"Shanxi Coking Co., Ltd."
601003.SS,"Liuzhou Iron&Steel Co., Ltd"
600033.SS,"Fujian Expressway Development Co.,Ltd"
603103.SS,"Hengdian Entertainment Co.,LTD"
600373.SS,"Chinese Universe Publishing and Media Group Co., Ltd."
688530.SS,"Omat Advanced Materials (Guangdong) Co.,Ltd."
688543.SS,"Jiangxi Guoke Defence Group Co.,Ltd."
688209.SS,"Shenzhen Injoinic Technology Co.,Ltd."
600722.SS,"HeBei Jinniu Chemical Industry Co.,Ltd"
605168.SS,"Three's Company Future Technology Group Co., Ltd."
601579.SS,"Kuaijishan Shaoxing Rice Wine Co., Ltd."
600649.SS,"Shanghai Chengtou Holding Co., Ltd."
603323.SS,"Jiangsu Suzhou Rural Commercial Bank Co., Ltd"
600662.SS,"Shanghai Foreign Service Holding Group Co., Ltd."
688359.SS,"Guangzhou Sanfu New Materials Technology Co.,Ltd"
600163.SS,"Zhongmin Energy Co., Ltd."
600618.SS,"Shanghai Chlor-Alkali Chemical Co., Ltd."
603281.SS,"Hubei Jianghan New Materials Co., Ltd."
900908.SS,"Shanghai Chlor-Alkali Chemical Co., Ltd."
601860.SS,"Jiangsu Zijin Rural Commercial Bank Co.,Ltd"
688139.SS,"Qingdao Haier Biomedical Co.,Ltd"
601200.SS,"Shanghai Environment Group Co., Ltd."
600654.SS,"China Security Co., Ltd."
603300.SS,"Zhejiang Haikong Nanke Huatie Digital Intelligence and Technology Co., Ltd."
603360.SS,Dalian BIO-CHEM Company Limited
600597.SS,"Bright Dairy & Food Co.,Ltd"
600639.SS,"Shanghai Jinqiao Export Processing Zone Development Co.,Ltd"
900911.SS,"Shanghai Jinqiao Export Processing Zone Development Co.,Ltd"
605318.SS,Fsilon Furnishing and Construction Materials Corporation
600757.SS,"Changjiang Publishing & Media Co.,Ltd"
603125.SS,Jiangsu Evergreen New Material Technology Incorporated Company
603690.SS,"PNC Process Systems Co., Ltd."
603992.SS,"Xiamen Solex High-tech Industries Co., Ltd."
688239.SS,"Guizhou Aviation Technical Development Co., Ltd"
600328.SS,"CNSIG Inner Mongolia Chemical Industry Co.,Ltd."
605123.SS,"Wuxi Paike New Materials Technology Co.,Ltd."
603599.SS,"Anhui Guangxin Agrochemical Co., Ltd."
688611.SS,"Hangzhou Kelin Electric Co., Ltd."
600307.SS,"Gansu Jiu Steel Group Hongxing Iron & Steel Co.,Ltd."
603583.SS,"Zhejiang Jiecang Linear Motion Technology Co.,Ltd."
600210.SS,"Shanghai Zijiang Enterprise Group Co., Ltd."
688669.SS,"Polyrocks Chemical Co.,LTD"
605255.SS,"Ningbo TIP Rubber Technology Co.,Ltd"
688376.SS,"MayAir Technology (China) Co., Ltd."
688032.SS,Hoymiles Power Electronics Inc.
601330.SS,"Dynagreen Environmental Protection Group Co., Ltd."
600094.SS,Greattown Holdings Ltd.
900940.SS,Greattown Holdings Ltd.
603533.SS,"IReader Technology Co., Ltd."
600782.SS,"Xinyu Iron & Steel Co., Ltd"
688443.SS,"Chongqing Genrix Biopharmaceutical Co., Ltd."
688035.SS,"Darbond Technology Co., Ltd"
600997.SS,"Kailuan Energy Chemical Co.,Ltd."
603319.SS,"Hunan Meihu Intelligent Manufacturing Co., Ltd."
605319.SS,"Wuxi Zhenhua Auto Parts Co.,Ltd."
688698.SS,"Suzhou Veichi Electric Co., Ltd."
603100.SS,"Chongqing Chuanyi Automation Co., Ltd."
688586.SS,"Hefei Jianghang Aircraft Equipment Co.,Ltd."
688289.SS,Sansure Biotech Inc.
600269.SS,"Jiangxi Ganyue Expressway CO.,LTD."
688371.SS,"Jiangsu Favored Nanotechnology Co., Ltd"
688231.SS,"Jiangsu Longda Superalloy Co., Ltd."
600645.SS,"Vcanbio Cell & Gene Engineering Corp., Ltd"
603057.SS,"Shanghai Ziyan Foods Co., Ltd."
688325.SS,"Guangdong Cellwise Microelectronics Co., Ltd."
603859.SS,"Nancal Technology Co.,Ltd"
605298.SS,"Jiangsu Bide Science and Technology Co.,Ltd."
600481.SS,"Shuangliang Eco-Energy Systems Co.,Ltd"
603995.SS,"Yongjin Technology Group Co., Ltd."
688552.SS,"Aerospace Nanhu Electronic Information Technology Co., Ltd."
688628.SS,"Uni-Trend Technology (China) Co., Ltd."
603538.SS,"Ningbo Menovo Pharmaceutical Co., Ltd."
688083.SS,"Zwsoft Co.,Ltd."
600185.SS,"Zhuhai Zhumian Group Co., Ltd."
688091.SS,"Shanghai Yizhong Pharmaceutical Co., Ltd."
688068.SS,"Beijing Hotgen Biotech Co., Ltd."
605006.SS,"Shandong Fiberglass Group Co., Ltd"
603915.SS,"Jiangsu Guomao Reducer Co., Ltd."
600929.SS,"Snowsky Salt Industry Group CO.,LTD"
688160.SS,"Kinco Automation (Shanghai) Co.,Ltd"
688190.SS,"Qingdao Yunlu Advanced Materials Technology Co., Ltd."
688161.SS,"Shandong Weigao Orthopaedic Device Co., Ltd"
600133.SS,"Wuhan East Lake High Technology Group Co., Ltd."
688739.SS,"Liaoning Chengda Biotechnology Co., Ltd."
688128.SS,"China National Electric Apparatus Research Institute Co., Ltd."
601311.SS,"Camel Group Co., Ltd."
688337.SS,"Rigol Technologies Co., Ltd."
603712.SS,"TianJin 712 Communication & Broadcasting Co., Ltd."
600020.SS,Henan Zhongyuan Expressway Company Limited
600376.SS,"Beijing Capital Development Co., Ltd."
603269.SS,"Jiangsu Seagull Cooling Tower Co.,Ltd."
688076.SS,"Jiangsu Sinopep-Allsino Biopharmaceutical Co., Ltd."
688262.SS,"C*Core Technology Co., Ltd."
600266.SS,"Beijing Urban Construction Investment & Development Co., Ltd."
605488.SS,"Zhejiang Fulai New Materials Co., Ltd."
601828.SS,Red Star Macalline Group Corporation Ltd.
688456.SS,"GRIPM Advanced Materials Co., Ltd."
600973.SS,"Baosheng Science and Technology Innovation Co.,Ltd."
600729.SS,"Chongqing Chongbai Technology Group Co., Ltd."
605016.SS,"Shandong Bailong Chuangyuan Bio-Tech Co., Ltd."
688416.SS,"Zbit Semiconductor, Inc."
603169.SS,"Lanzhou LS Heavy Equipment Co., Ltd"
603271.SS,"Yong Jie New Material Co.,Ltd."
601700.SS,"Changshu Fengfan Power Equipment Co., Ltd."
603612.SS,"Sunstone Development Co., Ltd."
688165.SS,"EFORT Intelligent Equipment Co., Ltd."
600751.SS,"HNA Technology Co.,Ltd."
600017.SS,"Rizhao Port Co.,Ltd"
600640.SS,"New Guomai Digital Culture Co., Ltd."
688789.SS,Hangzhou Honghua Digital Technology Stock Company LTD.
603418.SS,"Shanghai Unison Aluminium Products Co., Ltd."
603112.SS,"Shanxi Huaxiang Group Co., Ltd."
600399.SS,"Fushun Special Steel Co.,LTD."
600996.SS,"Guizhou BC&TV Information Network CO.,LTD"
603299.SS,"Jiang Su Suyan Jingshen Co.,Ltd"
600567.SS,"Shanying International Holdings Co.,Ltd"
900938.SS,"HNA Technology Co.,Ltd."
688261.SS,Suzhou Oriental Semiconductor Company Limited
603193.SS,"Runben Biotechnology Co., Ltd."
603687.SS,"Zhejiang Great Shengda Packaging Co.,Ltd."
600812.SS,North China Pharmaceutical Company.Ltd
605222.SS,"Shanghai QiFan Cable Co., Ltd"
600936.SS,Guangxi Beitou Technology Company Limited
601890.SS,"Asian Star Anchor Chain Co., Ltd. Jiangsu"
603202.SS,"Heilongjiang Tianyouwei Electronics Co., Ltd."
603072.SS,"Baotou Tianhe Magnetics Technology Co., Ltd."
600935.SS,"Anhui Hwasu Co.,Ltd."
600556.SS,"Inmyshow Digital Technology(Group)Co.,Ltd."
603809.SS,"Chengdu Haoneng Technology Co., Ltd."
603248.SS,"Jiangsu Xihua New Energy Technology Co., Ltd."
603055.SS,"Zhejiang Taihua New Material Group Co., Ltd."
600273.SS,"Zhejiang Jiahua Energy Chemical Industry Co.,Ltd."
600611.SS,"Dazhong Transportation (Group) Co., Ltd."
900903.SS,"Dazhong Transportation (Group) Co., Ltd."
688678.SS,"Freewon China Co.,Ltd."
603227.SS,"Xinjiang Xuefeng Sci-Tech(Group)Co.,Ltd"
603508.SS,"Henan Thinker Automatic Equipment Co.,Ltd."
603013.SS,"YAPP Automotive Systems Co., Ltd."
688328.SS,"Shenzhen S-king Intelligent Equipment Co., Ltd."
688252.SS,Jadard Technology Inc.
605008.SS,Ningbo Changhong Polymer Scientific and Technical Inc.
601718.SS,Jihua Group Corporation Limited
600478.SS,"Hunan Corun New Energy Co., Ltd."
600251.SS,"Xinjiang Guannong Co.,Ltd."
600666.SS,"Aurora Optoelectronics Co.,Ltd."
603919.SS,"JINHUI LIQUOR Co., Ltd."
605116.SS,"Aurisco Pharmaceutical Co.,Ltd."
603196.SS,Shanghai Porigine Chemical Material Group Co. Ltd.
603890.SS,"Suzhou Chunqiu Electronic Technology Co., Ltd."
688305.SS,"KEDE Numerical Control Co., Ltd."
603680.SS,"KTK Group Co., Ltd."
605100.SS,"Power HF Co., Ltd."
600363.SS,"Jiangxi Lian Chuang Optoelectronic Science And Technology Co.,lTd."
601388.SS,Yechiu Metal Recycling (China) Ltd.
688177.SS,"Bio-Thera Solutions, Ltd."
603163.SS,"Acter Technology Integration Group Co., Ltd."
600075.SS,"Xinjiang Tianye Co., Ltd."
603257.SS,"China Nerin Engineering Co., Ltd"
688381.SS,"Dioo Microcircuits Co., Ltd. Jiangsu"
601929.SS,"JiShi Media Co., Ltd."
600686.SS,"Xiamen King Long Motor Group Co., Ltd."
688293.SS,"Shanghai OPM Biosciences Co., Ltd."
605333.SS,"Kunshan Huguang Auto Harness Co.,Ltd."
600874.SS,Tianjin Capital Environmental Protection Group Company Limited
600129.SS,"Chongqing Taiji Industry(Group) Co.,Ltd"
603363.SS,Fujian Aonong Biological Technology Group Incorporation Limited
600389.SS,"Nantong Jiangshan Agrochemical & Chemicals Co.,Ltd."
600502.SS,"Anhui Construction Engineering Group Co., Ltd."
600746.SS,Jiangsu SOPO Chemical Co. Ltd.
600736.SS,"Suzhou New District Hi-Tech Industrial Co.,Ltd"
600313.SS,"Zhongnongfa Seed Industry Group Co., Ltd."
688155.SS,"Shanghai SK Automation Technology Co.,Ltd."
603219.SS,"Ningbo Fujia Industrial Co., Ltd."
688050.SS,"Eyebright Medical Technology (Beijing) Co., Ltd."
603053.SS,Chengdu Gas Group Corporation Ltd.
688717.SS,"SolaX Power Network Technology (Zhejiang) Co., Ltd."
603075.SS,"Hangzhou Heatwell Electric Heating Technology Co., Ltd."
605133.SS,"Jiangsu Rongtai Industry Co., Ltd."
600055.SS,"Beijing Wandong Medical Technology Co.,Ltd."
600545.SS,Saurer Intelligent Technology Co. Ltd
600103.SS,"Fujian Qingshan Paper Industry Co., Ltd."
603043.SS,Guangzhou Restaurant Group Company Limited
600335.SS,"Sinomach Automobile Co.,Ltd."
600682.SS,"Nanjing Xinjiekou Department Store Co., Ltd."
688439.SS,"Guizhou Zhenhua Fengguang Semiconductor Co., Ltd."
688720.SS,"Jiangsu Aisen Semiconductor Material Co.,Ltd."
600693.SS,"Fujian Dongbai (Group) Co.,Ltd."
600789.SS,"Shandong Lukang Pharmaceutical Co.,Ltd."
600604.SS,"Shanghai Shibei Hi-Tech Co.,Ltd."
900902.SS,"Shanghai Shibei Hi-Tech Co.,Ltd."
688356.SS,"Jenkem Technology Co., Ltd."
601089.SS,"Beijing Foyou Pharma CO.,LTD"
688486.SS,Lontium Semiconductor Corporation
688513.SS,"Chengdu Easton Biopharmaceuticals Co., Ltd."
688011.SS,"Harbin Xinguang Optic-Electronics Technology Co.,Ltd."
603045.SS,Fuda New Material Group Co. Ltd.
600117.SS,"Xining Special Steel.Co.,Ltd"
688522.SS,"Guangdong Naruida Technology Co., Ltd."
600587.SS,"Shinva Medical Instrument Co.,Ltd."
688691.SS,"Brite Semiconductor (Shanghai) Co., Ltd."
600657.SS,"Cinda Real Estate Co., Ltd."
601015.SS,"Shaanxi Heimao Coking Co., Ltd."
688227.SS,"Bingo Software Co., Ltd."
600917.SS,Chongqing Gas Group Corporation Ltd.
688598.SS,"KBC Corporation, Ltd."
603496.SS,EmbedWay Technologies (Shanghai) Corporation
600059.SS,"Zhejiang Guyuelongshan Shaoxing Wine Co.,Ltd"
601226.SS,"Huadian Heavy Industries Co., Ltd."
601686.SS,"Tianjin You Fa Steel Pipe Group Stock Co., Ltd."
600305.SS,"Jiangsu Hengshun Vinegar-Industry Co.,Ltd"
600078.SS,"Jiangsu ChengXing Phosph-Chemicals Co., Ltd."
603262.SS,"TSI Group Co., Ltd."
603033.SS,"Sanwei Holding Group Co.,Ltd"
688553.SS,"Sichuan Huiyu Pharmaceutical Co., Ltd."
603200.SS,"Shanghai Emperor of Cleaning Hi-Tech Co., Ltd"
603395.SS,"CNSIG Anhui Hongsifang Fertilizer Co., Ltd."
603123.SS,"Beijing Cuiwei Tower Co., Ltd."
600510.SS,"Black Peony (Group) Co., Ltd."
603399.SS,"Jinzhou Yongshan Lithium Co., Ltd"
601595.SS,"Shanghai Film Co., Ltd."
600889.SS,"Nanjing Chemical Fiber Co., Ltd."
600603.SS,Guanghui Logistics Co.Ltd
600861.SS,"FESCO Group Co., Ltd."
600683.SS,Metro Land Corporation Ltd.
688087.SS,"Intco Recycling Resources Co., Ltd."
603477.SS,Leshan Giantstar Farming&Husbandry Corporation Limited
600724.SS,Ningbo Fuda Company Limited
601121.SS,"Xinjiang Baodi Mining Co., Ltd."
603128.SS,CTS International Logistics Corporation Limited
603181.SS,"Zhejiang Huangma Technology Co.,Ltd"
688108.SS,Sino Medical Sciences Technology Inc.
600846.SS,"Shanghai Tongji Science&Technology Industrial Co.,Ltd"
600108.SS,"Gansu Yasheng Industrial (Group) Co., Ltd."
603277.SS,"Yindu Kitchen Equipment Co., Ltd"
600252.SS,"Guangxi Wuzhou Zhongheng Group Co., Ltd"
601908.SS,"Beijing Jingyuntong Technology Co., Ltd."
688253.SS,"Innovita Biological Technology Co., Ltd."
603223.SS,"Hengtong Logistics Co., Ltd."
600903.SS,Guizhou Gas Group Corporation Ltd.
603977.SS,"Jiangxi Guotai Group Co.,Ltd."
603065.SS,"Suqian Unitech Corp.,Ltd."
605128.SS,"Shanghai Yanpu Metal Products Co.,Ltd"
600468.SS,"Tianjin Benefo Tejing Electric Co., Ltd."
603050.SS,"Shijiazhuang Kelin Electric Co., Ltd."
688621.SS,"Beijing Sun-Novo Pharmaceutical Research Co., Ltd."
600125.SS,"China Railway Tielong Container Logistics Co., Ltd"
605305.SS,3S Industry Group Inc.
688601.SS,"Wuxi ETEK Microelectronics Co.,Ltd."
600815.SS,Xiamen XGMA Machinery Company Limited
600866.SS,"Star Lake Bioscience Co., Inc.Zhaoqing Guangdong"
600851.SS,"Shanghai Haixin Group Co., Ltd."
900917.SS,"Shanghai Haixin Group Co., Ltd."
603091.SS,"Zhejiang Zhongxin Environmental Protection Technology Group Co., Ltd."
603985.SS,"Jiangyin Hengrun Heavy Industries Co., Ltd"
688179.SS,"Shanghai Aladdin Biochemical Technology Co.,Ltd."
600525.SS,ChangYuan Technology Group Ltd.
603416.SS,"Wuxi Xinjie Electric Co., Ltd."
600748.SS,"Shanghai Industrial Development Co.,Ltd"
688221.SS,Frontier Biotechnologies Inc.
603071.SS,"ZJMI Environmental Energy Co., Ltd."
605365.SS,Leedarson IoT Technology Inc.
688276.SS,Changchun BCHT Biotechnology Co.
688277.SS,"Tinavi Medical Technologies Co., Ltd."
600775.SS,Nanjing Panda Electronics Company Limited
600590.SS,"Tellhow Sci-Tech Co., Ltd."
688805.SS,"Ningbo Jansen Superconducting Technologies Co., Ltd."
688480.SS,"Science Environmental Protection Co., Ltd."
605007.SS,"Wuzhou Special Paper Group Co., Ltd."
600195.SS,"China Animal Husbandry Industry Co., Ltd."
600227.SS,"Guizhou Chitianhua Co.,Ltd."
600429.SS,"Beijing Sanyuan Foods Co., Ltd."
603221.SS,"Elegant Home-Tech Co., Ltd."
600797.SS,"Insigma Technology Co., Ltd."
603931.SS,"Hangzhou Greenda Electronic Materials Co., Ltd."
600676.SS,"Shanghai Juss Sports and Entertainment Group Co., Ltd."
603166.SS,"GUILIN FUDA Co.,Ltd."
688312.SS,Shenzhen Yanmade Technology Inc.
603082.SS,"RIAMB (Beijing) Technology Development Co., Ltd."
688518.SS,"Shenzhen United Winners Laser Co., Ltd."
600610.SS,"Guizhou Zhongyida Co., Ltd"
600557.SS,"Jiangsu Kanion Pharmaceutical Co.,Ltd."
900906.SS,"Guizhou Zhongyida Co., Ltd"
600955.SS,"Lihuayi Weiyuan Chemical Co., Ltd."
603517.SS,"Juewei Food Co., Ltd."
600368.SS,"Guangxi Wuzhou Communications Co., Ltd."
600169.SS,"Taiyuan Heavy Industry Co., Ltd."
600713.SS,Nanjing Pharmaceutical Group Company Limited
688103.SS,"Kunshan GuoLi Electronic Technology Co., Ltd."
603866.SS,"Toly Bread Co., Ltd."
688326.SS,"Beijing Jingwei Hirain Technologies Co., Inc."
603990.SS,"Suzhou MedicalSystem Technology Co., Ltd."
600828.SS,"Maoye Commercial Co., Ltd."
603608.SS,"Topscore Fashion Co., Ltd."
688556.SS,"Qingdao Gaoce Technology Co., Ltd."
688191.SS,"Zhiyang Innovation Technology Co., Ltd."
600708.SS,"Bright Real Estate Group Co.,Limited"
688049.SS,"Actions Technology Co., Ltd."
688622.SS,"Guangzhou Hexin Instrument Co.,Ltd."
600158.SS,"China Sports Industry Group Co., Ltd."
600966.SS,"Shandong Bohui Paper Industry Co.,Ltd."
600810.SS,Shenma Industry Co.Ltd
688290.SS,"Hangzhou Jingye Intelligent Technology Co., Ltd."
600054.SS,"Huangshan Tourism Development Co.,Ltd."
900942.SS,"Huangshan Tourism Development Co.,Ltd."
688488.SS,"Jiangsu Aidea Pharmaceutical Group Co., Ltd."
600780.SS,Top Energy Company Ltd.Shanxi
688591.SS,"Telink Semiconductor(Shanghai)Co.,Ltd."
605167.SS,Jiangsu Libert INC.
600987.SS,"Zhejiang Hangmin Co.,Ltd"
688626.SS,"Xiangyu Medical Co.,Ltd"
600771.SS,"GuangYuYuan Chinese Herbal Medicine Co., Ltd."
688176.SS,"Jiangsu Yahong Meditech Co., Ltd."
605011.SS,"Hangzhou Cogeneration Group Co., Ltd."
600400.SS,"Jiangsu Hongdou Industrial Co.,LTD"
600881.SS,"Jilin Yatai (Group) Co., Ltd."
600841.SS,Shanghai New Power Automotive Technology Company Limited
600496.SS,"Changjiang & Jinggong Steel Building (Group) Co., Ltd"
605098.SS,"Shanghai Action Education Technology CO.,LTD."
900920.SS,Shanghai New Power Automotive Technology Company Limited
600962.SS,"SDIC Zhonglu Fruit Juice Co.,Ltd."
688570.SS,"Beijing Tianma Intelligent Control Technology CO., LTD."
603229.SS,"Zhejiang Ausun Pharmaceutical Co., Ltd."
688505.SS,"Shanghai Fudan-Zhangjiang Bio-Pharmaceutical Co.,Ltd."
603489.SS,"Bafang Electric (Suzhou) Co.,Ltd."
688631.SS,"Nanjing LES Information Technology Co., Ltd."
600770.SS,"Jiangsu Zongyi Co.,LTD"
688550.SS,"Xi'an Manareco New Materials Co.,Ltd"
605598.SS,"Shanghai Geoharbour Construction Group Co., Ltd."
600643.SS,"Shanghai Aj Group Co.,Ltd"
603969.SS,"Silvery Dragon Group Co., Ltd. Tianjin"
601515.SS,"Quzhou DFP New Material Group Co., Ltd."
600422.SS,"KPC Pharmaceuticals,Inc."
603279.SS,Jingjin Equipment Inc.
603367.SS,"Cisen Pharmaceutical Co., Ltd."
688750.SS,"Hunan Xiangtou Goldsky Titanium Industry Technology Co., Ltd."
603402.SS,"Shaanxi Tourism Culture Industry Holding Co.,Ltd"
600325.SS,"Zhuhai Huafa Properties Co.,Ltd"
688658.SS,"Youcare Pharmaceutical Group Co., Ltd."
688479.SS,"Yonyou Auto Information Technology (Shanghai) Co.,Ltd"
601789.SS,"Ningbo Construction Co., Ltd."
603861.SS,"Guangzhou Baiyun Electric Equipment Co., Ltd."
600715.SS,"Cultural Investment Holdings Co.,Ltd"
603197.SS,Shanghai Baolong Automotive Corporation
603466.SS,"Shanghai Fengyuzhu Culture Technology Co., Ltd."
688699.SS,"Shenzhen Sunmoon Microelectronics Co., Ltd"
688577.SS,"Zhe Jiang Headman Machinery Co.,Ltd."
600698.SS,"Hunan Tyen Machinery Co.,Ltd"
603311.SS,"Zhejiang Goldensea Hi-Tech Co., Ltd"
605277.SS,"Xinya Electronic Co., Ltd."
605005.SS,"CWB Automotive Electronics Co., Ltd."
688478.SS,"Crystal Growth & Energy Equipment Co.,Ltd."
688510.SS,"Wuxi Hyatech Co.,Ltd."
603010.SS,"Zhejiang Wansheng Co., Ltd."
688315.SS,"Novogene Co., Ltd."
688788.SS,"ShenZhen Consys Science&Technology Co., Ltd."
605178.SS,"Beijing New Space Technology Co., Ltd."
688135.SS,"Guangdong Leadyo IC Testing Co., Ltd."
600691.SS,"Shanxi Lu'an Chemical Technology Co., Ltd."
603293.SS,"Wuhu Atech Automotive Co., Ltd."
900946.SS,"Hunan Tyen Machinery Co.,Ltd"
600975.SS,"Hunan New Wellful Co.,Ltd."
688419.SS,"Nextool Technology Co., Ltd."
688079.SS,"Hangzhou Mdk Opto Electronics Co.,Ltd."
600370.SS,"Jiangsu Sanfame Polyester Material Co.,Ltd."
600203.SS,"Fujian Furi Electronics Co.,Ltd"
600127.SS,"Jinjian Cereals Industry Co.,Ltd."
600310.SS,"Guangxi Energy Co., Ltd."
688512.SS,"Smarter Microelectronics (Guangzhou) Co., Ltd."
688230.SS,"Shanghai Prisemi Electronics Co.,Ltd."
688646.SS,Wuhan Yifi Laser Corporation Limited
601500.SS,"Jiangsu General Science Technology Co., Ltd."
600617.SS,Shanxi Guoxin Energy Corporation Limited
900913.SS,Shanxi Guoxin Energy Corporation Limited
688307.SS,"Jiaxing ZMAX Optech Co., Ltd."
688733.SS,"Anhui Estone Materials Technology Co.,Ltd"
688366.SS,"Shanghai Haohai Biological Technology Co., Ltd."
600894.SS,"Guangzhou Guangri Stock Co.,Ltd."
605183.SS,"Quechen Silicon Chemical Co., Ltd."
603213.SS,"Zhejiang Oceanking Development Co., Ltd."
688448.SS,"Nanjing CIGU Technology Corp.,LTD."
600963.SS,"Yueyang Forest & Paper Co., Ltd."
603897.SS,"Zhejiang grandwall electric science&technology co.,ltd."
603391.SS,"Zhejiang Liju Thermal Equipment Co., Ltd."
600897.SS,"Xiamen International Airport Co.,Ltd"
688418.SS,"Genew Technologies Co.,Ltd."
603867.SS,"Zhejiang Xinhua Chemical Co.,Ltd"
600375.SS,"Hanma Technology Group Co.,Ltd."
603685.SS,"Zhejiang Chenfeng Technology Co., Ltd."
603778.SS,"Guosheng Shian Technology Co., Ltd."
605555.SS,"Ningbo Dechang Electrical Machinery Made Co., Ltd."
688526.SS,"Wuhan Keqian Biology Co.,Ltd"
603595.SS,"Zhejiang Tony Electronic Co., Ltd"
603333.SS,"Sunway Co., Ltd."
600501.SS,Aerosun Corporation
603155.SS,"Xinyaqiang Silicon Chemistry Co.,Ltd"
603660.SS,"Suzhou Keda Technology Co.,Ltd"
688655.SS,Shenzhen Xunjiexing Technology Corp. Ltd.
603270.SS,"Shandong Golden Empire Precision Machinery Technology Co., Ltd."
688799.SS,"Hunan Warrant Pharmaceutical Co.,Ltd"
603373.SS,"Anbang Save-Guard Group Co.,Ltd."
600449.SS,"Ningxia Building Materials Group Co.,Ltd"
603400.SS,"Suzhou Huazhijie Telecom Co., Ltd."
605339.SS,"Namchow Food Group (Shanghai) Co., Ltd."
603383.SS,"Fujian Apex Software Co.,LTD"
600433.SS,"Guangdong Guanhao High-Tech Co., Ltd."
600255.SS,"Anhui Xinke New Materials Co.,Ltd"
605188.SS,"Jiangxi Guoguang Commercial Chains Co., Ltd."
605366.SS,"Jiangxi Hungpai New Material Co., Ltd."
688787.SS,Beijing Haitian Ruisheng Science Technology Ltd.
600592.SS,"Fujian Longxi Bearing (Group) Co., Ltd"
600479.SS,"ZhuZhou QianJin Pharmaceutical Co.,Ltd"
688173.SS,"Halo Microelectronics Co., Ltd."
601116.SS,"Sanjiang Shopping Club Co.,Ltd"
600425.SS,"Xinjiang Qingsong Building Materials and Chemicals Group Co., Ltd."
603217.SS,"Yuanli Chemical Group Co.,Ltd."
603877.SS,"Ningbo Peacebird Fashion Co.,Ltd."
688499.SS,"Guangdong Lyric Robot Automation Co.,Ltd."
600983.SS,"Whirlpool China Co., Ltd."
600829.SS,HPGC Renmintongtai Pharmaceutical Corporation
600586.SS,"Shandong Jinjing Science & Technology Stock Co.,Ltd"
688656.SS,"HOB Biotech Group Corp.,Ltd"
688365.SS,"Hangzhou Raycloud Technology Co.,Ltd"
603012.SS,"Shanghai Chuangli Group Co., Ltd."
688226.SS,"Wetown Electric Group Co., Ltd."
600230.SS,"Cangzhou Dahua Co., Ltd."
600488.SS,"Tianjin Tianyao Pharmaceuticals Co., Ltd."
600477.SS,"Hangxiao Steel Structure Co., Ltd."
603366.SS,"Solareast Holdings Co., Ltd."
603211.SS,"Jintuo Technology Co., Ltd."
603352.SS,"Chongqing Zhixin Industrial Co., Ltd"
603108.SS,"Shanghai Runda Medical Technology Co., Ltd."
688137.SS,Novoprotein Scientific Inc.
603336.SS,"Great-Sun Foods Co., Ltd."
688093.SS,"Suzhou Shihua New Material Technology Co., Ltd."
600721.SS,"Xinjiang Bai Hua Cun Pharma Tech Co.,Ltd"
601199.SS,"Jiangsu Jiangnan Water Co., Ltd."
688719.SS,"Xi'an Actionpower Electric Co., Ltd."
600826.SS,Dlg Exhibitions & Events Corporation Limited
688334.SS,"Xi'an High Voltage Apparatus Research Institute Co., Ltd."
688620.SS,"Guangzhou Anyka Microelectronics Co., Ltd."
600223.SS,"Lushang Freda Pharmaceutical Co.,Ltd."
688685.SS,Jiangsu Maixinlin Aviation Science and Technology Corp.
688309.SS,Niutech Environment Technology Corporation
605056.SS,"Xianheng International Science&Technology Co., Ltd."
600576.SS,"Zhejiang Sunriver Culture Tourism Co.,Ltd."
688232.SS,"Guo Tai Epoint Software Co.,Ltd"
600742.SS,"Changchun FAWAY Group Automobile Components Co., Ltd."
600106.SS,"Chongqing road & bridge co.,ltd"
603370.SS,Jiangyin Huaxin Precision Technology Corporation
688115.SS,"Smartgiant Technology Co., Ltd."
603135.SS,"Zhongzhong Science & Technology (Tianjin) Co., Ltd."
688219.SS,"Orinko Advanced Plastics Co.,LTD"
600081.SS,"Dong Feng Electronic Technology Co.,Ltd."
600855.SS,"Beijing Aerospace Changfeng Co.,Ltd"
603889.SS,Zhejiang Xinao Textiles Inc.
688653.SS,"Grand Kangxi Communication Technologies (Shanghai) Co., Ltd."
603708.SS,"Jiajiayue Group Co., Ltd."
605288.SS,Changzhou Kaidi Electrical Inc.
601968.SS,"Shanghai Baosteel Packaging Co., Ltd."
688562.SS,"Beijing Shenzhou Aerospace Software Technology Co., ltd"
605018.SS,"Changhua Holding Group Co., Ltd."
688721.SS,"Shenzhen Longtu Photomask Co., Ltd."
603776.SS,"Youon Technology Co.,Ltd"
688069.SS,"Wuxi Delinhai Environmental Technology Co.,Ltd"
688693.SS,"Suzhou Convert Semiconductor CO., LTD."
600769.SS,Wuhan Xianglong Power Industry Co.Ltd
601011.SS,"Baotailong New Materials Co., Ltd."
600981.SS,Jiangsu High Hope International Group Corporation
688170.SS,"Suzhou Delphi Laser Co., Ltd."
603318.SS,"Shuifa Energas Gas Co., Ltd."
603609.SS,"Wellhope Foods Co., Ltd."
603098.SS,"Center International Group Co.,Ltd."
600035.SS,"Hubei Chutian Smart Communication Co.,Ltd."
603130.SS,"Zhejiang Yunzhongma Co.,Ltd."
601008.SS,"Jiangsu Lianyungang Port Co., Ltd."
601177.SS,"Hangzhou Advance Gearbox Group Co., Ltd."
603887.SS,"Shanghai CDXJ Digital Technology Co.,Ltd"
600730.SS,"China Hi-Tech Group Co., Ltd."
603068.SS,Beken Corporation
603666.SS,"Yijiahe Technology Co., Ltd."
603507.SS,"JiangSu Zhenjiang New Energy Equipment Co., Ltd."
603848.SS,"Guangdong Hotata Technology Group Co.,Ltd."
688151.SS,"Hubei Huaqiang High-Tech Co., Ltd."
600694.SS,"Dashang Co., Ltd."
603353.SS,"Hunan Heshun Petroleum Co.,Ltd."
688109.SS,"Pinming Technology Co., Ltd."
600234.SS,"Kexin Development Co.,Ltd,Shanxi"
603587.SS,"Dazzle Fashion Co., Ltd"
605009.SS,"Hangzhou Haoyue Personal Care Co., Ltd"
603275.SS,"Shanghai Zhongchen Electronic Technology Co.,Ltd."
603285.SS,"Shandong Jianbang New Material Co., Ltd."
600605.SS,"Shanghai Huitong Energy Co.,Ltd"
600278.SS,"Orient International Enterprise, Ltd."
603901.SS,"Hangzhou Youngsun Intelligent Equipment Co., Ltd."
688575.SS,"Shenzhen YHLO Biotech Co., Ltd."
603758.SS,Chongqing Qin'an M&E PLC.
600984.SS,"Shaanxi Construction Machinery Co.,Ltd"
600982.SS,"Ningbo Energy Group Co.,Ltd."
688379.SS,"Hangzhou Huaguang Advanced Welding Materials Co.,Ltd."
600593.SS,"Dalian Sunasia Tourism Holding CO.,LTD"
603368.SS,"Guangxi LiuYao Group Co., Ltd"
600191.SS,"Baotou Huazi Industry Co., Ltd"
603686.SS,"FULONGMA GROUP Co.,Ltd."
600743.SS,"Beijing Huayuan Xinhang Holding Co., Ltd."
603153.SS,"Shanghai Research Institute of Building Sciences Group Co., Ltd."
688073.SS,"Bide Pharmatech Co., Ltd."
688707.SS,Guizhou Zhenhua E-chem Inc.
688345.SS,"Guangdong Greenway Technology Co.,Ltd"
688408.SS,"Arctech Solar Holding Co., Ltd."
605168.SS,"Three's Company Future Technology Group Co., Ltd."
601579.SS,"Kuaijishan Shaoxing Rice Wine Co., Ltd."
600649.SS,"Shanghai Chengtou Holding Co., Ltd."
603323.SS,"Jiangsu Suzhou Rural Commercial Bank Co., Ltd"
601279.SS,"Changchun Engley Automobile Industry Co.,Ltd."
600217.SS,"China Resources and Environment Co.,Ltd."
603682.SS,"Shanghai Golden Union Commercial Management Co.,Ltd."
688117.SS,"ChengDu ShengNuo Biotec Co.,Ltd."
603567.SS,"Heilongjiang ZBD Pharmaceutical Co., Ltd."
600784.SS,"Luyin Investment Group Co.,Ltd."
688095.SS,"Fujian Foxit Software Development Joint Stock Co., Ltd."
600569.SS,"Anyang Iron and Steel Co.,Ltd."
688711.SS,"Macmic Science&Technology Co.,Ltd."
603610.SS,Keeson Technology Corporation Limited
688228.SS,"UCAP Cloud Information Technology Co.,Ltd."
600237.SS,Anhui Tongfeng Electronics Company Limited
600825.SS,"Shanghai Xinhua Media Co., Ltd."
600868.SS,"Guangdong Meiyanjixiang Hydropower Co.,Ltd."
688767.SS,"Hangzhou Biotest Biotech Co.,Ltd."
600613.SS,"Shanghai Shenqi Pharmaceutical Investment Management Co., Ltd."
900904.SS,"Shanghai Shenqi Pharmaceutical Investment Management Co., Ltd."
605299.SS,"Shuhua Sports Co., Ltd."
600279.SS,"Chongqing Port Co.,Ltd."
600138.SS,"China Cyts Tours Holding Co., Ltd."
600165.SS,"Ningxia Zhongke Biotechnology Co., Ltd"
603958.SS,"Harson Trading (China) Co.,Ltd."
600300.SS,"V V Food & Beverage Co.,Ltd"
603111.SS,"Nanjing Kangni Mechanical & Electrical Co.,Ltd"
688197.SS,"Shouyao Holdings (Beijing) Co., LTD."
688776.SS,"Guoguang Electric Co.,Ltd.Chengdu"
603408.SS,Runner (Xiamen) Corp.
600817.SS,"Yutong Heavy Industries Co.,Ltd."
605580.SS,"Hengsheng Energy Co., Ltd"
688320.SS,"Zhejiang Hechuan Technology Co., Ltd."
600073.SS,"Shanghai Bright Meat Group Co., Ltd."
605287.SS,"Decai Decoration Co., Ltd."
600644.SS,"Leshan Electric Power Co.,Ltd"
688566.SS,"Jiangsu Jibeier Pharmaceutical Co., Ltd."
603668.SS,"Fujian Tianma Science and Technology Group Co., Ltd"
603212.SS,Cybrid Technologies Inc.
600121.SS,"Zhengzhou Coal Industry & Electric Power Co., Ltd."
603158.SS,"Changzhou Tenglong AutoPartsCo.,Ltd."
603499.SS,"Shanghai Sunglow Packaging Technology Co.,Ltd"
601588.SS,Beijing North Star Company Limited
601002.SS,"Gem-Year Industrial Co.,Ltd."
688679.SS,"Anhui Tongyuan Environment Energy Saving Co.,Ltd"
603701.SS,"Zhejiang Dehong Automotive Electronic & Electrical Co., Ltd."
600939.SS,Chongqing Construction Engineering Group Corporation Limited
600571.SS,"Sunyard Technology Co.,Ltd"
688689.SS,"Changzhou Galaxy Century Microelectronics Co.,Ltd."
603439.SS,"Guizhou Sanli Pharmaceutical Co.,Ltd"
603843.SS,"Zhengping Road & Bridge Construction Co.,Ltd."
600336.SS,"AUCMA Co.,Ltd."
603511.SS,"Aimer Co., Ltd."
603727.SS,BOMESC Offshore Engineering Company Limited
603286.SS,"Jiangsu Riying Electronics Co.,Ltd."
603310.SS,"Zhejiang Weihua New Material Co., Ltd."
600814.SS,"Hangzhou Jiebai Group Co., Limited"
600284.SS,"Shanghai Pudong Construction Co.,Ltd."
603312.SS,"Suzhou West Deane New Power Electric Co.,Ltd."
603088.SS,JDM JingDaMachine (Ningbo) Co.Ltd
600979.SS,"Sichuan Guangan Aaa Public Co.,Ltd"
600714.SS,"Qinghai Jinrui Mining Development Co., Ltd."
601086.SS,"Gansu Guofang Industry & Trade (Group) Co., Ltd."
688210.SS,"Shenzhen Pacific Union Precision Manufacturing Co., Ltd."
605050.SS,"Friend Co.,Ltd."
688623.SS,"Zhejiang Shuangyuan Technology Co., Ltd."
688057.SS,"Jiangxi JDL Environmental Protection Co., Ltd."
600756.SS,"Inspur Software Co., Ltd."
603173.SS,"Hangzhou Fortune Gas Cryogenic Group Co., Ltd."
600351.SS,"Yabao Pharmaceutical Group Co., Ltd"
605228.SS,"Shentong Technology Group Co., Ltd"
688386.SS,Pan Asian Microvent Tech (Jiangsu) Corporation
600231.SS,"Lingyuan Iron & Steel Co., Ltd."
603170.SS,"Shanghai Bolex Food Technology Co., Ltd."
600819.SS,"Shanghai Yaohua Pilkington Glass Group Co., Ltd."
900918.SS,"Shanghai Yaohua Pilkington Glass Group Co., Ltd."
603110.SS,"New East New Materials Co., Ltd"
688348.SS,"Yuneng Technology Co., Ltd."
688236.SS,"Beijing Chunlizhengda Medical Instruments Co., Ltd."
600495.SS,Jinxi Axle Company Limited
600308.SS,"Shandong Huatai Paper Industry Shareholding Co.,Ltd"
600990.SS,"Sun Create Electronics Co., Ltd"
603131.SS,"Shanghai Hugong Electric Group Co.,Ltd."
603590.SS,"Beijing Konruns Pharmaceutical Co.,Ltd."
688225.SS,"Asiainfo Security Technologies Co.,Ltd."
688237.SS,Hubei Chaozhuo Aviation Technology Group Co. Ltd.
600337.SS,"Markor International Home Furnishings Co., Ltd."
688218.SS,"Jiangsu Beiren Robot System Co., Ltd"
688085.SS,"Shanghai Sanyou Medical Co., Ltd"
688101.SS,"Suntar Environmental Technology Co., Ltd."
600626.SS,"Shanghai Shenda Co., Ltd"
688181.SS,"Beijing Bayi Space LCD Technology Co.,Ltd."
688816.SS,"Isvision (Hangzhou) Technology Co., Ltd."
600207.SS,"Henan Ancai Hi-Tech Co.,Ltd"
605368.SS,"Henan Lantian Gas Co.,Ltd."
603191.SS,"Chongqing Wangbian Electric (Group) Corp., Ltd."
600523.SS,"Guizhou Guihang Automotive Components Co.,Ltd"
603916.SS,"Sobute New Materials Co., Ltd"
603912.SS,"Nanjing Canatal Data-Centre Environmental Tech Co., Ltd"
688410.SS,"SWS Hemodialysis Care Co., Ltd."
605286.SS,"Jiangsu Tongli Tianqi Technology Co., Ltd."
601566.SS,"Joeone Co.,Ltd"
600288.SS,Daheng New Epoch Technology Inc.
688323.SS,"Rayitek Hi-Tech Film Company Ltd., Shenzhen"
605377.SS,"Hangzhou Huawang New Material Technology Co.,Ltd."
688683.SS,"GuangDong Leary New Material Technology Co.,Ltd."
603387.SS,"Getein Biotech, Inc"
603711.SS,"XIANGPIAOPIAO Food Co.,Ltd"
688696.SS,"XGIMI Technology Co.,Ltd."
603803.SS,"RAISECOM TECHNOLOGY CO.,Ltd."
603988.SS,"SEC Electric Machinery Co., Ltd."
688330.SS,"Shanghai Holystar Information Technology Co., Ltd."
600084.SS,"CITIC Niya Wine Co., Ltd."
603122.SS,"Cowealth Medical China Co.,Ltd."
688389.SS,"Shenzhen Lifotronic Technology Co., Ltd."
688667.SS,"Wuhan Lincontrol Automotive Electronics Co., Ltd."
600551.SS,"Time Publishing and Media Co., Ltd."
600379.SS,"Shaanxi Baoguang Vacuum Electric Device Co., Ltd."
603121.SS,"Shanghai Sinotec Co., Ltd."
600469.SS,"Aeolus Tyre Co., Ltd."
688007.SS,Appotronics Corporation Limited
600758.SS,"LIAONING ENERGY INDUSTRY Co.,LTD"
603032.SS,"Delixi New Energy Technology Co., Ltd."
600650.SS,"Shanghai Jin Jiang Online Network Service Co., Ltd."
900914.SS,"Shanghai Jin Jiang Online Network Service Co., Ltd."
603070.SS,"Wecome Intelligent Manufacturing Co., Ltd."
605208.SS,"Shanghai Yongmaotai Automotive Technology Co., Ltd."
688609.SS,"Unionman Technology Co.,Ltd."
600790.SS,"Zhejiang China Light&Textile Industrial City Group Co.,Ltd"
603330.SS,"Tianyang New Materials (Shanghai) Technology Co., Ltd."
603038.SS,"Dongguan Huali Industries Co.,Ltd"
603210.SS,"Zhejiang Tion Vanly Tech. Co., Ltd."
600199.SS,"Anhui Golden Seed Winery Co., Ltd."
605086.SS,"Longyan Kaolin Clay Co., Ltd."
603216.SS,Mengtian Home Group Inc.
603777.SS,"Shanghai Laiyifen Co.,Ltd"
603209.SS,"Xingtong Shipping Co., Ltd."
600088.SS,"China Television Media, Ltd."
600182.SS,Giti Tire Corporation
600513.SS,"Jiangsu Lianhuan Pharmaceutical Co., Ltd."
688539.SS,"NanJing GOVA Technology Co., Ltd."
600197.SS,"Xinjiang Yilite Industry Co.,Ltd"
603980.SS,"Zhejiang Jihua Group Co., Ltd."
603348.SS,"Wencan Group Co., Ltd."
603004.SS,"Zhejiang Dragon Technology Co., Ltd."
603683.SS,"Shanghai Smith Adhesive New Material Co.,Ltd"
688786.SS,"Jiangxi Yuean Advanced Materials Co.,Ltd."
603334.SS,"Suzhou Fengbei Biotech Stock Co., Ltd."
688377.SS,"Nanjing Develop Advanced Manufacturing Co., Ltd."
600658.SS,"Beijing Electronic Zone High-tech Group Co., Ltd."
688665.SS,"Cubic Sensor and Instrument Co.,Ltd."
600222.SS,"Henan Taloph Pharmaceutical Stock Co.,Ltd"
688282.SS,"Beijing Navigation Control Technology Co.,Ltd."
600796.SS,"Zhejiang Qianjiang Biochemical Co., Ltd"
603344.SS,"Cinderson Tech (Suzhou) Co., Ltd."
603598.SS,"Inly Media Co., Ltd."
600178.SS,"Harbin Dongan Auto Engine Co.,Ltd"
603528.SS,DuoLun Technology Corporation Ltd.
688136.SS,"Kexing Biopharm Co., Ltd."
605338.SS,"Zhongyin Babi Food Co., Ltd."
603386.SS,"Guangdong Champion Asia Electronics Co.,Ltd."
603611.SS,"Noblelift Intelligent Equipment Co.,Ltd."
603365.SS,"Shanghai Shuixing Home Textile Co., Ltd."
688580.SS,"Nanjing Vishee Medical Technology Co., Ltd"
603615.SS,"Chahua Modern Housewares Co., Ltd."
600857.SS,"Ningbo Zhongbai Co., Ltd."
603113.SS,"Jinneng Science&Technology Co.,Ltd"
603998.SS,"Hunan Fangsheng Pharmaceutical Co., Ltd."
688207.SS,"Beijing Deep Glint Technology Co., Ltd."
688238.SS,"Shanghai Obio Technology (Group) Corp., Ltd."
603790.SS,"Argus (Shanghai) Textile Chemicals Co.,Ltd."
600071.SS,Phenix Optical Company Limited
601065.SS,"Jiangxi Salt Industry Group Co., Ltd"
603726.SS,"Zhejiang Langdi Group Co., Ltd."
600283.SS,"Qian Jiang Water Resources Development Co.,Ltd"
603060.SS,"China Testing & Certification International Group Co.,Ltd."
688648.SS,"China Post Technology Co., Ltd."
603767.SS,"Zhejiang Zomax Transmission Co., Ltd."
600609.SS,Shenyang Jinbei Automotive Company Limited
603165.SS,"Zhejiang Rongsheng Environmental Protection Paper Co., Ltd."
600168.SS,"Wuhan Sanzhen Industry Holding Co.,Ltd"
600558.SS,"Atlantic China Welding Consumables, Inc."
603150.SS,"Higa Co.,Ltd."
603015.SS,"Ningbo Techmation Co.,Ltd."
605300.SS,"Jiahe Foods Industry Co., Ltd."
603822.SS,"Zhejiang Jiaao Enprotech Stock Co., Ltd"
603325.SS,Shanghai Bloom Technology Inc
601218.SS,"Jiangsu JIXIN Wind Energy Technology Co., Ltd."
603429.SS,"Anhui Genuine NewMaterials Co.,Ltd."
688247.SS,Sinotherapeutics Inc.
600152.SS,"Veken Technology Co., Ltd."
603018.SS,"China Design Group Co., Ltd."
603661.SS,"Henglin Home Furnishings Co.,Ltd"
688119.SS,"Sinosteel Luonai Materials Technology Co., Ltd."
603976.SS,"ChongQing Zhengchuan Pharmaceutical Packaging Co.,Ltd"
600101.SS,"Sichuan Mingxing Electric Power Co., Ltd."
605162.SS,"Zhejiang Xinzhonggang Thermal Power Co., LTD."
603339.SS,"Square Technology Group Co.,Ltd"
603187.SS,"Qingdao Hiron Commercial Cold Chain Co., Ltd."
603519.SS,"Jiangsu Liba Enterprise Joint-Stock Co., Ltd."
603097.SS,"Jiangsu Huachen Transformer Co., Ltd."
600173.SS,"Wolong New Energy Group Co., Ltd."
605577.SS,"Heilongjiang Publishing & Media Co., Ltd."
603095.SS,"Zhejiang Yuejian Intelligent Equipment Co.,Ltd."
600340.SS,"China Fortune Land Development Co., Ltd."
603081.SS,"Zhejiang Dafeng Industry Co., Ltd"
600792.SS,"Yunnan Coal & Energy Co.,Ltd."
603016.SS,"Wuxi New Hongtai Electrical Technology Co.,Ltd"
603106.SS,"Cashway Fintech Co.,Ltd."
600880.SS,"Chengdu B-ray Media Co.,Ltd."
600261.SS,"Zhejiang Yankon Group Co., Ltd."
605055.SS,"Zhejiang Yingfeng Technology Co., Ltd."
600976.SS,"Jianmin Pharmaceutical Group Co.,Ltd."
603398.SS,"Mubang High-Tech Co.,Ltd."
688558.SS,"Nantong Guosheng Intelligence Technology Group Co., Ltd."
603206.SS,"Bestlink Technologies Co.,Ltd."
603222.SS,"Chimin Health Management Co., Ltd."
605268.SS,"Wangli Security & Surveillance Product Co., Ltd"
688581.SS,"Hangzhou AGS MedTech Co., Ltd."
600076.SS,"Kangxin New Materials Co., Ltd"
600212.SS,"Gresgying Digital Energy Technology Co.,Ltd"
603062.SS,MEGA P&C Advanced Materials (Shanghai) Company Limited
603960.SS,"Shanghai Kelai Mechatronics Engineering Co.,Ltd."
603681.SS,"Shanghai Yongguan Adhesive Products Corp., Ltd."
600568.SS,"Zhongzhu Healthcare Holding Co.,Ltd"
603007.SS,"Danyang SYNGEN Intelligent Technology Co., Ltd."
600526.SS,"Zhejiang Feida Environmental Science & Technology Co., Ltd."
600382.SS,"Guangdong Mingzhu Group Co.,Ltd"
600725.SS,Yunnan Yunwei Company Limited
603035.SS,"Jiangsu Changshu Automotive Trim Group Co., Ltd."
603255.SS,"Liaoning Dingjide Petrochemical Co., Ltd."
688010.SS,"Fujian Forecam Optics Co., Ltd."
688291.SS,"Beijing JCZ Technology Co.,Ltd."
603069.SS,"Hainan Haiqi Transportation Group Co.,Ltd."
603120.SS,Kente Catalysts Inc.
603703.SS,"Zhejiang Shengyang Science and Technology Co., Ltd."
603261.SS,"Chengdu Lihang Technology Co., Ltd."
603966.SS,"Eurocrane (China) Co., Ltd."
688551.SS,"Hefei Kewell Power System Co.,Ltd."
688639.SS,"Anhui Huaheng Biotechnology Co., Ltd."
688267.SS,"China Catalyst Holding Co., Ltd."
603928.SS,"Suzhou Xingye Materials Technology Co.,Ltd."
603838.SS,"Guang Dong Sitong Group Co.,Ltd"
600135.SS,Lucky Film Company Limited
600272.SS,Shanghai Kai Kai Industry Company Limited
900943.SS,Shanghai Kai Kai Industry Company Limited
603869.SS,"ENC Digital Technology Co., Ltd"
603967.SS,"China Master Logistics Co., Ltd."
688196.SS,"Longyan Zhuoyue New Energy Co., Ltd."
688633.SS,"Nantong Xingqiu Graphite Co.,Ltd."
605088.SS,"GSP Automotive Group Wenzhou Co.,Ltd."
688061.SS,"Shanghai Orient-Chip Technology Co.,LTD."
603137.SS,"Jiangsu Hengshang Energy Conservation Technology Co., Ltd."
603918.SS,"Shanghai Golden Bridge InfoTech Co., Ltd."
605158.SS,"Zhejiang Huada New Materials Co., Ltd."
603679.SS,"Sichuan Huati Lighting Technology Co.,Ltd."
688211.SS,"Wayzim Technology Co., Ltd."
688215.SS,"Zhejiang Risun Intelligent Technology Co.,Ltd"
603676.SS,"Tibet Weixinkang Medicine Co., Ltd."
603697.SS,"YouYou Foods Co., Ltd."
603105.SS,"Zhejiang Sunoren Solar Technology Co.,Ltd."
603324.SS,"Shanghai Shengjian Technology Co., Ltd."
600628.SS,"Shanghai New World Co., Ltd"
688429.SS,"Changzhou Shichuang Energy Co.,Ltd."
603107.SS,"Shanghai Automobile Air-Conditioner Accessories Co., Ltd."
603636.SS,"Linewell Software Co., Ltd."
601368.SS,Guangxi Nanning Waterworks Group Company Limited
600860.SS,Beijing Jingcheng Machinery Electric Company Limited
600727.SS,"Shan Dong Lu Bei Chemical Co.,Ltd"
600684.SS,"Guangzhou Pearl River Development Group Co., Ltd."
688489.SS,"Sansec Technology Co., Ltd."
603978.SS,"Shenzhen SunXing Light Alloys Materials Co.,Ltd."
688045.SS,"Shenzhen Kiwi Instruments Co., Ltd."
603689.SS,"Anhui Province Natural Gas Development Co., Ltd."
688360.SS,"Damon Technology Group Co.,Ltd."
600798.SS,Ningbo Marine Company Limited
600679.SS,"Shanghai Phoenix Enterprise (Group) Co., Ltd."
900916.SS,"Shanghai Phoenix Enterprise (Group) Co., Ltd."
603322.SS,"Super Telecom Co.,Ltd"
603520.SS,"Zhejiang Starry Pharmaceutical Co.,Ltd."
688186.SS,"Zhangjiagang Guangda Special Material Co., Ltd."
600805.SS,"Jiangsu Yueda Investment Co., Ltd."
605058.SS,"Changzhou Aohong Electronics Co., Ltd."
603396.SS,"Yingkou Jinchen Machinery Co., Ltd."
600067.SS,"Citychamp Dartong Advanced Materials Co., Ltd."
600506.SS,"Tongyi Carbon Neutral Technology (Xinjiang) Co., Ltd"
688269.SS,"Kaili Catalyst & New Materials Co.,Ltd."
603933.SS,"Fujian Raynen Technology Co., Ltd."
603669.SS,"Lionco Pharmaceutical Group Co.,Ltd."
600800.SS,"Tian Jin Bohai Chemical Co.,Ltd."
688199.SS,"Tianjin Jiuri New Materials Co., Ltd."
600960.SS,"Bohai Automotive Systems CO., LTD."
603178.SS,"Ningbo Shenglong Automotive Powertrain System Co.,Ltd."
688311.SS,"Chengdu M&S Electronics Technology Co.,Ltd."
605028.SS,"Ningbo Shimao Energy Co.,Ltd"
603085.SS,"Zhejiang Tenchen Controls Co., Ltd."
600794.SS,"Zhang Jia Gang Freetrade Science&Technology Group Co.,Ltd."
600527.SS,"Jiangsu Jiangnan High Polymer Fiber Co.,Ltd"
603421.SS,Qingdao Topscomm Communication Inc.
603090.SS,"Wuxi Hongsheng Heat Exchanger Manufacturing Co., Ltd."
600969.SS,"Hunan Chendian International Developmentco.,ltd"
603291.SS,"Jiangsu United Water Technology Co.,Ltd."
600505.SS,"Sichuan Xichang Electric Power Co.,Ltd."
688350.SS,"Jiangsu Feymer Technology Co., Ltd."
600824.SS,"Shanghai Yimin Commercial Group Co., Ltd."
600830.SS,"Sunny Loan Top Co.,Ltd."
688459.SS,China Railway Harbin Group of Technology Corporation
601113.SS,"Yiwu Huading Nylon Co.,Ltd."
688569.SS,"Beijing Tieke Shougang Rail Way-Tech Co., Ltd."
603558.SS,"Zhejiang Jasan Holding Group Co., Ltd."
603058.SS,"GuiZhouYongJi Printing Co.,Ltd"
688133.SS,"Shanghai Titan Scientific Co., Ltd."
688023.SS,"DBAPPSecurity Co., Ltd."
600333.SS,"Changchun Gas Co,.Ltd"
600980.SS,"BGRIMM Technology Co., Ltd."
688339.SS,"Beijing SinoHytec Co., Ltd."
601188.SS,"Heilongjiang Transport Development Co., Ltd."
603167.SS,"Bohai Ferry Group Co., Ltd."
603239.SS,"Zhejiang Xiantong Rubber&Plastic Co.,Ltd"
605378.SS,"Zhejiang Mustang Battery Co.,Ltd"
603639.SS,"Hailir Pesticides and Chemicals Group Co.,Ltd."
688168.SS,"BeijingABT Networks Co.,Ltd."
603199.SS,"Anhui Jiuhuashan Tourism Development Co., Ltd."
603607.SS,"Zhejiang Jinghua Laser Technology Co.,Ltd"
603207.SS,"Shanghai Xiao Fang Pharmaceutical Co.,Ltd."
600520.SS,"WenYi Trinity Technology Co., Ltd"
603315.SS,"Liaoning Fu-An Heavy Industry Co.,Ltd"
688075.SS,"Assure Tech (Hangzhou) Co., Ltd."
603926.SS,"Tieliu Co,.Ltd"
603138.SS,"Beijing Vastdata Technology Co., Ltd."
688163.SS,"Shanghai Serum Bio-Technology Co., Ltd."
603126.SS,Sinoma Energy Conservation Ltd.
603569.SS,"Beijing Changjiu Logistics Co.,Ltd"
600843.SS,"Shang Gong Group Co., Ltd."
603719.SS,"Bestore Co.,Ltd"
688298.SS,"Zhejiang Orient Gene Biotech Co., Ltd"
603706.SS,Xinjiang East Universe Gas Co.Ltd.
603020.SS,"Apple Flavor & Fragrance Group Co.,Ltd."
600734.SS,Fujian Start Group Co.Ltd
688588.SS,"Linkage Software Co., LTD"
900924.SS,"Shang Gong Group Co., Ltd."
688606.SS,"Hangzhou Alltest Biotech Co., Ltd."
600354.SS,"Gansu Dunhuang Seed Group Co.,Ltd."
603375.SS,"Wuxi Holyview Microelectronics Co.,Ltd."
688212.SS,"Shanghai Aohua Photoelectricity Endoscope Co., Ltd."
605218.SS,"Ways Electron Co.,Ltd."
605369.SS,"Zhejiang Gongdong Medical Technology Co., Ltd."
603381.SS,"Yonz Technology Co.,Ltd."
688299.SS,"Ningbo Solartron Technology Co.,Ltd."
603116.SS,"Zhejiang Red Dragonfly Footwear Co., Ltd."
603316.SS,"ChengBang Syncore Technology Co., Ltd."
600262.SS,"Inner Mongolia North Hauler Joint Stock Co., Ltd."
605066.SS,"Zhejiang Tengen Electrics Co.,Ltd."
603109.SS,"Senci Electric Machinery Co.,Ltd."
605303.SS,Hangzhou Landscaping Incorporated
603725.SS,"Guangdong Tianan New Material Co., Ltd."
601599.SS,"Zhewen Pictures Group co.,ltd"
600785.SS,"Yinchuan Xinhua Commercial (Group) Co., Ltd."
900927.SS,"Shanghai Material Trading Co., Ltd."
603351.SS,"Nanjing Well Pharmaceutical Group Co.,Ltd."
688571.SS,"Hangzhou Toka Ink Co.,Ltd."
600581.SS,"XinJiang Ba Yi Iron & Steel Co.,Ltd."
603579.SS,Shanghai Rongtai Health Technology Corporation Limited
603903.SS,"CSD Water Service Co., Ltd."
688373.SS,"Shanghai MicuRx Pharmaceutical Co., Ltd."
600834.SS,"Shanghai Shentong Metro Co.,Ltd."
603205.SS,"Jianerkang Medical Co.,Ltd."
688157.SS,"Sokan New Materials Group Co., Ltd."
603232.SS,"Koal Software Co., Ltd."
600822.SS,"Shanghai Material Trading Co., Ltd."
688768.SS,Anhui Ronds Science & Technology Incorporated Company
688053.SS,"Chengdu Screen Micro Electronics Co.,Ltd."
603637.SS,"Zhenhai Petrochemical Engineering Co., Ltd."
605388.SS,"Juneyao Grand Healthy DrinksCo.,Ltd."
603759.SS,"Haitian Water Group Co.,Ltd."
603551.SS,AUPU Intelligent Technology Corporation Limited
605337.SS,"Zhe Jiang Li Zi Yuan Food Co.,Ltd."
600503.SS,"Deluxe Family Co., Ltd."
600327.SS,"Wuxi Commercial Mansion Grand Orient Co., Ltd."
688636.SS,"Chengdu Zhimingda Electronics Co., Ltd."
688607.SS,"CareRay Digital Medical Technology Co., Ltd."
603566.SS,"Pulike Biological Engineering, Inc."
688286.SS,"MEMSensing Microsystems (Suzhou, China) Co., Ltd."
600467.SS,"Shandong Homey Aquatic Development Co.,Ltd."
688399.SS,"Jiangsu Bioperfectus Technologies Co., Ltd."
688602.SS,Shanghai Chemspec Corporation
600228.SS,"Fanli Digital Technology Co.,Ltd"
688175.SS,"Zhuhai Comleader Information Science & Technology Co., Ltd."
603898.SS,"Guangzhou Holike Creative Home Co.,Ltd."
603382.SS,"Haiyang Technology Co., Ltd."
601366.SS,"Liqun Commercial Group Co.,Ltd."
605189.SS,"Fuchun Dye and Weave Group Co., Ltd."
603559.SS,"Zhongtong Guomai Communication Co., Ltd."
603390.SS,"Guangzhou Tongda Auto Electric Co., Ltd"
603577.SS,"Qingdao Huijintong Power Equipment Co.,Ltd."
605186.SS,"Shanghai General Healthy Information and Technology Co., Ltd."
688590.SS,"Shanghai Newtouch Software Co., Ltd."
688533.SS,"Suzhou SONAVOX Electronics Co.,Ltd."
688458.SS,"Maxic Technology, Inc."
600579.SS,KraussMaffei Company Limited
600156.SS,"Hunan Huasheng CO.,Ltd"
688033.SS,"Beijing Tianyishangjia New Material Corp., Ltd."
603101.SS,"Xinjiang Winka Times Department Store Co.,Ltd."
600622.SS,"Everbright Jiabao Co., Ltd."
600681.SS,"Bestsun Energy Co., Ltd."
600053.SS,"Kunwu Jiuding Investment Holdings CO.,Ltd"
600318.SS,"Anhui Xinli Finance Co., Ltd."
600280.SS,"Nanjing Central Emporium (Group) Stocks Co., Ltd."
605169.SS,"Xinjiang Hongtong Natural Gas Co., Ltd."
600229.SS,"Qingdao Citymedia Co., Ltd."
600638.SS,"Shanghai New Huang Pu Industrial Group Co., Ltd."
603139.SS,"Shaanxi Kanghui Pharmaceutical Co., Ltd."
688618.SS,"3onedata Co., Ltd."
688302.SS,Hinova Pharmaceuticals Inc.
603798.SS,Qingdao Copton Technology Company Limited
603409.SS,"Hefei Conver Holding Co.,Ltd."
603648.SS,"Shanghai Shine-Link International Logistics Co., Ltd."
600853.SS,"Longjian Road&Bridge Co.,Ltd"
605399.SS,Jiangxi Chenguang New Materials Company Limited
603956.SS,"WPG (Shanghai) Smart Water Public Co.,Ltd."
688039.SS,"Hangzhou Arcvideo Technology Co., Ltd."
603716.SS,Thalys Medical Technology Group Corporation
600716.SS,Jiangsu Phoenix Property Investment Company Limited
688216.SS,"China Chippacking Technology Co.,Ltd."
688162.SS,"Jee Technology Co., Ltd."
688398.SS,"Fujian Supertch Advanced Material CO.,Ltd."
688259.SS,Triductor Technology (Suzhou) Inc.
600218.SS,"Anhui Quanchai Engine Co., Ltd."
603357.SS,"Anhui Transport Consulting & Design Institute Co.,Ltd."
603815.SS,"Anhui Gourgen Traffic Construction Co.,Ltd."
600653.SS,"Liaoning Shenhua Holdings Co.,Ltd"
688283.SS,"Chengdu KSW Technologies Co.,Ltd."
605566.SS,"Hangzhou Flariant Co.,Ltd"
605588.SS,"Keystone Technology Co.,Ltd."
603655.SS,"Changzhou Langbo Sealing Technologies Co.,Ltd."
600791.SS,"BEH-Property Co.,Ltd."
601999.SS,Northern United Publishing & Media (Group) Company Limited
688098.SS,Shanghai Shen Lian Biomedical Corporation
600293.SS,"Hubei Sanxia New Building Materials Co., Ltd."
600876.SS,Triumph New Energy Company Limited
603313.SS,"Healthcare Co.,Ltd."
600838.SS,"Shanghai Join Buy Co.,Ltd."
600865.SS,"Baida Group Co., Ltd."
601616.SS,"Shanghai Guangdian Electric Group Co., Ltd."
605108.SS,"Tongqinglou Catering Co., Ltd."
600539.SS,"Lionhead Technology Development Co.,Ltd."
603309.SS,"Well Lead Medical Co., Ltd."
603350.SS,"Ananda Drive Techniques(Shanghai)Co., Ltd."
603811.SS,"Zhejiang Cheng Yi Pharmaceutical Co., Ltd."
600749.SS,"Tibet Tourism Co.,Ltd"
603192.SS,"Shanghai Huide Science & Technology Co.,Ltd"
603817.SS,"Fujian Haixia Environmental Protection Group Co.,Ltd."
600130.SS,"Ningbo Bird Co.,Ltd."
600512.SS,"Tengda Construction Group Co., Ltd."
688716.SS,"Jilin Joinature Polymer Co.,Ltd."
605077.SS,"Zhejiang Huakang Pharmaceutical Co., Ltd."
688600.SS,"Anhui Wanyi Science and Technology Co.,Ltd."
603987.SS,"Shanghai Kindly Enterprise Development Group Co.,LTD."
603051.SS,"Guangzhou Lushan New Materials Co., Ltd."
603001.SS,"ZheJiang AoKang Shoes Co.,Ltd."
603284.SS,"Anhui Linping Circular Development Co., Ltd."
688509.SS,"Zhengyuan Geomatics Group Co.,Ltd."
600052.SS,"Zhejiang Dongwang Times Technology Co., Ltd."
605136.SS,"Shanghai Lily&Beauty Cosmetics Co.,Ltd."
605398.SS,"Shanghai New Centurion Network Information Technology Co., Ltd."
603036.SS,"Jiangsu Rutong Petro-Machinery Co., Ltd"
688338.SS,Beijing Succeeder Technology Inc.
900921.SS,"Danhua Chemical Technology Co.,Ltd"
688680.SS,"Shanghai HIUV New Materials Co.,Ltd"
600844.SS,"Danhua Chemical Technology Co.,Ltd"
603948.SS,"Zhejiang Jianye Chemical Co., Ltd."
688370.SS,"Shanghai Conglin Environmental Protection Technology Co., Ltd."
603999.SS,"DuZhe Publish&Media Co.,Ltd"
605138.SS,"Sunrise Manufacture Group Co., Ltd."
600594.SS,"Guizhou Yibai Pharmaceutical Co., Ltd."
603535.SS,"Guangzhou Jiacheng International Logistics Co.,Ltd."
600731.SS,"Hunan Haili Chemical Industry Co.,Ltd."
603230.SS,"Inner Mongolia Xinhua Distribution Group Co.,Ltd."
603856.SS,"Shandong Donghong Pipe Industry Co., Ltd."
603665.SS,"ZheJiang KangLongDa Special Protection Technology Co., Ltd"
603048.SS,"Zhejiang Liming Intelligent Manufacturing Co.,Ltd."
603008.SS,"Sleemon Healthy Sleep Technology Co., Ltd."
603527.SS,"Anhui Zhongyuan New Materials Co., Ltd."
688280.SS,"Jing-jin Electric Technologies Co.,Ltd."
603739.SS,Qingdao Vland Biotech INC.
603276.SS,"Jiangsu Hengxing New Material Technology Co.,Ltd."
603159.SS,"Shanghai Yahong Moulding Co., Ltd."
603600.SS,"UE Furniture Co., Ltd."
603657.SS,"Jinhua Chunguang Technology Co.,Ltd"
603266.SS,"Ningbo Tianlong Electronics Co., Ltd."
688579.SS,"Dareway Intelligent Technology Co., Ltd."
603273.SS,"Jiangsu Teeyer Intelligent Equipment Co.,Ltd."
600470.SS,"Anhui Liuguo Chemical Co., Ltd."
688077.SS,"Earth-Panda Advanced Magnetic Material Co.,Ltd."
605080.SS,Zhejiang Natural Outdoor Goods Inc.
688358.SS,"Chison Medical Technologies Co., Ltd."
688171.SS,"Guangdong Weide Information Technology CO,.Ltd."
600192.SS,"Lanzhou GreatWall Electrical Co., Ltd"
603656.SS,"Hefei Taihe Intelligent Technology Group Co.,Ltd."
603215.SS,"Zhejiang Biyi Electric Appliance Co., Ltd."
603231.SS,"Solbar Ningbo Protein Technology Co., Ltd."
603630.SS,"Lafang China Co.,Ltd"
688152.SS,"Hunan Kylinsec Technology Co., Ltd."
688682.SS,"Shanghai Hollywave Electronic System Co., Ltd."
688755.SS,"Jiangsu Hanbon Science and Technology Co., Ltd."
688084.SS,"Beijing JingPinTeZhuang Science and Technology Co.,LTD."
603696.SS,"Anji Foodstuff Co., Ltd"
600668.SS,"Zhejiang Jianfeng Group Co., Ltd."
688265.SS,"Shanghai Model Organisms Center, Inc."
688148.SS,"Guangdong Fangyuan New Materials Group Co., Ltd."
600620.SS,"Shanghai Tianchen Co.,Ltd"
603258.SS,"Hangzhou Electronic Soul Network Technology Co., Ltd."
603808.SS,"Shenzhen Ellassay Fashion Co.,Ltd."
603578.SS,"Zhejiang Three Stars New Materials Co., Ltd."
600738.SS,"Lanzhou Lishang Guochao Industrial Group Co.,Ltd"
601956.SS,"Hubei Donper Electromechanical Group Co., Ltd."
603278.SS,"Shandong Daye Co., Ltd."
688557.SS,"BlueSword Intelligent Technology Co., Ltd."
603788.SS,"Ningbo Gaofa Automotive Control System Co., Ltd."
603828.SS,"Suzhou Kelida Building& Decoration Co.,Ltd."
688722.SS,Beijing Tongyizhong New Material Technology Corporation
688687.SS,"Beijing Kawin Technology Share-Holding Co., Ltd."
600408.SS,"Shanxi Antai Group Co.,Ltd"
603886.SS,"Ganso Co., Ltd."
605259.SS,"Lutian Machinery Co., Ltd."
603500.SS,"Zhejiang Tiantai Xianghe Industrial Co.,Ltd."
688317.SS,"Shanghai ZJ Bio-Tech Co., Ltd"
688657.SS,"Gstarsoft Co., Ltd."
600665.SS,"Tande Co., Ltd."
688015.SS,"Traffic Control Technology Co., Ltd."
603813.SS,"GuangDong GenSho Logistics Co.,LTD"
688595.SS,"Chipsea Technologies (Shenzhen) Corp., Ltd."
603970.SS,"Sino-Agri Leading Biosciences Co.,Ltd"
600322.SS,"Tianjin Jintou State-owned Urban Development Co., Ltd."
688070.SS,"Chengdu JOUAV Automation Tech Co.,Ltd."
603819.SS,Changzhou Shenli Electrical Machine Incorporated Company
605500.SS,"Forest Packaging Group Co.,Ltd."
603161.SS,"Kehua Holdings Co.,Ltd"
600265.SS,"Yunnan Jinggu Forestry Co.,Ltd"
688030.SS,"Hillstone Networks Co.,Ltd."
688159.SS,"Shenzhen Neoway Technology Co.,Ltd."
600712.SS,"Nanning Department Store Co., Ltd."
600215.SS,"Paslin Digital Technology Co., Ltd."
688335.SS,"Shanghai CEO Technology Co., Ltd."
600250.SS,"Nanjing Business & Tourism Corp.,Ltd."
600249.SS,"Liuzhou Liangmianzhen Co., Ltd."
600136.SS,"Wuhan MC Culture and Sports Co., Ltd."
601996.SS,"Guangxi Fenglin Wood Industry Group Co.,Ltd"
603949.SS,"Xuelong Group Co.,Ltd"
603089.SS,"ADD Industry (Zhejiang) CO., LTD"
603896.SS,"Zhejiang Shouxiangu Pharmaceutical Co., Ltd."
688081.SS,"Wuhan Xingtu Xinke Electronics Co.,Ltd."
600530.SS,"Shanghai Jiaoda Onlly Co.,Ltd"
688285.SS,China Railway High-speed Electrification Equipment Corporation Limited
600630.SS,Shanghai Dragon Corporation
688273.SS,"Nanjing Medlander Medical Technology Co.,Ltd."
688391.SS,"Hi-Trend Technology (Shanghai) Co., Ltd."
603190.SS,Yantai Yatong Precision Mechanical Corporation
600356.SS,"Mudanjiang Hengfeng Paper Co.,Ltd"
600616.SS,Shanghai Jinfeng Wine Company Limited
603006.SS,"Shanghai Lianming Machinery Co., Ltd."
603829.SS,"Jiangsu Luokai Mechanical &Electrical Co., Ltd."
600624.SS,"Shanghai Fudan Forward S&T Co., Ltd"
603722.SS,"Wuxi Acryl Technology Co., Ltd."
603955.SS,"Daqian Ecology&Environment Group Co.,Ltd."
603042.SS,"Nanjing Huamai Technology Co., Ltd."
600719.SS,"Dalian Thermal Power Co.,Ltd."
688592.SS,ComNav Technology Ltd.
603458.SS,"Guizhou Transportation Planning Survey&Design Academe Co.,Ltd."
603585.SS,"Suli Co., Ltd."
605068.SS,"Mingxin New Material Co.,Ltd."
600289.SS,Bright Oceans Inter-Telecom Corporation
603878.SS,"Jiangsu Wujin Stainless Steel Pipe Group CO.,LTD."
603280.SS,"Fujian South Highway Machinery Co., Ltd."
600405.SS,"Beijing Dynamic Power Co.,LTD"
603335.SS,Guangdong Dcenti Auto-Parts Stock Limited Company
603201.SS,"Changshu Tongrun Auto Accessory Co., Ltd."
603518.SS,"Jinhong Fashion Group Co.,Ltd."
600386.SS,"Beijing Bashi Media Co., Ltd."
688511.SS,"Sichuan Tianwei Electronic Co.,Ltd."
605089.SS,"Suzhou Weizhixiang Food Co., Ltd."
688229.SS,"Bonree Data Technology Co., Ltd"
688576.SS,"Chongqing Xishan Science & Technology Co., Ltd."
600371.SS,"Wanxiang Doneed Co., ltd"
603839.SS,"Anzheng Fashion Group Co., Ltd."
688589.SS,Leaguer (Shenzhen) Microelectronics Corp.
601798.SS,Lanpec Technologies Limited
688130.SS,Hangzhou SDIC Microelectronics Inc.
603080.SS,"Xinjiang Torch Gas Co., Ltd"
603801.SS,"Zbom Home Collection Co.,Ltd"
603633.SS,"Shanghai Laimu Electronics Co.,Ltd."
603030.SS,"Shanghai Trendzone Holdings Group Co.,Ltd"
688071.SS,"Shanghai W-Ibeda High Tech.Group Co.,Ltd."
688292.SS,"Beijing Haohan Data Technology Co.,Ltd"
603378.SS,"Asia Cuanon Technology (Shanghai) Co.,Ltd."
603188.SS,"Jiangsu Yabang Dyestuff Co., Ltd."
600419.SS,"Xinjiang Tianrun Dairy Co., Ltd."
603895.SS,"Shanghai Tianyong Engineering Co., Ltd."
603768.SS,Changqing Machinery Company Limited
688056.SS,"Beijing Labtech Instruments Co., Ltd."
603237.SS,"Zhejiang Wufangzhai Industry Co., Ltd."
600538.SS,"Beihai Gofar Chuanshan Biological Co., Ltd."
603151.SS,"Shandong Teamgene Technology Co., Ltd."
688255.SS,"Hangzhou Kaierda Welding Robot Co.,Ltd."
601007.SS,"Jinling Hotel Corporation, Ltd."
600257.SS,"Dahu Health Industry Co., Ltd."
603017.SS,"ARTS Group Co., Ltd"
603797.SS,"Guangdong Liantai Environmental Protection Co.,Ltd."
603037.SS,"Shanghai Carthane Co.,Ltd."
603779.SS,"WEILONG GRAPE WINE CO., Ltd"
600381.SS,"Qinghai Spring Medicinal Resources Technology Co., Ltd."
688080.SS,"Beijing InHand Networks Technology Co., Ltd."
688357.SS,"Luoyang Jianlong Micro-nano New Material Co., Ltd"
603066.SS,"Nanjing Inform Storage Equipment (Group) Co., Ltd."
603586.SS,"Shandong Gold Phoenix Co.,Ltd"
605033.SS,"Shaanxi Meibang Pharmaceutical Group Co., Ltd."
688367.SS,"Hefei Gocom Information Technology Co.,Ltd."
605166.SS,"Juheshun Advanced Material Co., Ltd."
605155.SS,"Zhejiang Xidamen New Material Co.,Ltd."
603289.SS,"Tederic Machinery Co., LTD"
603320.SS,"ZHEJIANG DIBAY ELECTRIC CO.,Ltd."
603677.SS,"Qijing Machinery Co., Ltd."
688529.SS,"Dalian Haosen Intelligent Manufacturing Co., Ltd."
601010.SS,Wenfeng Great World Chain Development Corporation
688203.SS,Zhejiang Hisun Biomaterials Co.Ltd.
603602.SS,"Hangzhou Freely Communication Co., Ltd."
605151.SS,"West Shanghai Automotive Service Co.,Ltd."
603628.SS,"Clenergy Technology Co., Ltd."
603818.SS,"Qu Mei Home Furnishings Group Co.,Ltd"
603880.SS,"Jiangsu Nanfang Medical Co., Ltd."
600735.SS,"Shandong Hiking International Co.,Ltd"
600359.SS,"Xinjiang Talimu Agriculture Development Co., Ltd."
600358.SS,"China Tourism And Culture Investment Group Co.,Ltd"
688500.SS,"HCR Co., Ltd"
603863.SS,"GuangDong SongYang Recycle Resources CO.,LTD"
603917.SS,"Ningbo Heli Technology Co., Ltd."
603102.SS,"Weihai Baihe Biology Technological Co., Ltd."
603329.SS,"Shanghai Ace Investment&Development Co.,Ltd"
600560.SS,"Beijing AriTime Intelligent Control Co., Ltd."
603079.SS,"Zhejiang Shengda Bio-Pharm Co., Ltd."
603617.SS,"Junhe Pumps Holding Co.,Ltd"
600793.SS,"Yibin Paper Industry Co., Ltd."
688455.SS,"KENGIC Intelligent Technology Co., Ltd."
600858.SS,"Inzone Group Co.,Ltd"
600537.SS,"EGing Photovoltaic Technology Co.,Ltd."
600281.SS,"Shanxi Huayang New Material Co.,Ltd."
688314.SS,"Kontour (Xi'an) Medical Technology Co., Ltd."
605258.SS,"Jiangsu Xiehe Electronic Co.,Ltd."
603331.SS,Zhejiang Baida Precision Manufacturing Corp.
688468.SS,"Chemclin Diagnostics Co., Ltd."
603836.SS,"Bondex Supply Chain Management Co., Ltd."
688619.SS,"ROPEOK Technology Group Co., Ltd."
688296.SS,"Zhejiang Heda Technology Co., Ltd."
603076.SS,"Ningbo Lehui International Engineering Equipment Co.,Ltd"
603332.SS,"Suzhou Longjie Special Fiber Co., Ltd."
603909.SS,"C&D Holsin Engineering Consulting Co., Ltd"
600463.SS,"Beijing Airport High-Tech Park Co., Ltd."
603136.SS,"Jiangsu Tianmu Lake Tourism Co.,Ltd"
688129.SS,"Donglai Coating Technology (Shanghai) Co., Ltd."
603176.SS,"Huitong Construction Group Co.,Ltd."
600491.SS,"Long Yuan Construction Group Co., Ltd."
603922.SS,"Suzhou Jin Hong Shun Auto Parts Co., Ltd."
605003.SS,"Zhong Wang Fabric Co.,Ltd."
603937.SS,"Jiangsu Lidao New Materials Co., Ltd."
603086.SS,"Shandong Cynda Chemical Co.,Ltd."
600573.SS,"FuJian YanJing HuiQuan Brewery Co.,Ltd"
600671.SS,"Hangzhou TianMuShan Pharmaceutical Enterprise Co.,Ltd"
600319.SS,"Weifang Yaxing Chemical Co., Ltd."
603172.SS,"Zhejiang Wanfeng Chemical Co.,Ltd."
603189.SS,"Shanghai Wondertek Software Co., Ltd"
688435.SS,Shanghai Information2 Software Inc.
688718.SS,"Wave Cyber (Shanghai) Co., Ltd."
600540.SS,"Xinjiang Sayram Modern Agriculture Co., Ltd"
603307.SS,"Yangzhou Jinquan Travelling Goods Co., Ltd."
688310.SS,Maider Medical Industry Equipment Co. Ltd.
605199.SS,"Hainan Huluwa Pharmaceutical Group Co., Ltd."
600833.SS,"Shanghai No.1 Pharmacy Co.,Ltd."
603059.SS,"Perfect Group Corp., Ltd"
603700.SS,"Ningbo Water Meter (Group) Co.,Ltd."
600992.SS,Guizhou Wire Rope Incorporated Company
600831.SS,"Shaanxi Broadcast & TV Network Intermediary(Group)Co.,Ltd."
600854.SS,"Jiangsu chunlan refrigerating equipment stock co.,ltd."
603488.SS,"Flying Technology Co., Ltd."
688501.SS,"Qingdao Daneng Environmental Protection Equipment Co., Ltd."
688178.SS,"Nanjing Wondux Environmental Protection Technology Corp., Ltd."
603787.SS,"Jiangsu Xinri E-Vehicle Co., Ltd."
688426.SS,"Jiangsu CoWin Biotech Co., Ltd."
600661.SS,"Shanghai Xinnanyang Only Education & Technology Co.,Ltd"
688246.SS,"Goodwill E-Health Info Co., Ltd."
603180.SS,"GoldenHome Living Co., Ltd."
600239.SS,"Yunnan Metropolitan Real Estate Development Co., Ltd."
600232.SS,"Zhejiang Golden Eagle Co.,Ltd."
603117.SS,"Jiangsu Wanlin Modern Logistics Co., Ltd."
600807.SS,"Jinan High-tech Development Co., Ltd."
603183.SS,"Suzhou Institute of Building Science Group Co.,Ltd"
605266.SS,"Jianzhijia Pharmaceutical Chain Group Co., Ltd."
688113.SS,"Jiangsu Liance Electromechanical Technology Co., Ltd."
603721.SS,"TVZone Media Co., Ltd."
600423.SS,"Liuzhou Chemical Industry Co., Ltd."
688560.SS,"Crown Advanced Material Co.,Ltd."
600302.SS,"Xi'an Typical Industries Co.,Ltd"
603023.SS,"Harbin VITI Electronics Co., Ltd."
688201.SS,"Beijing Infosec Technologies Co.,Ltd"
600533.SS,"Nanjing Chixia Development Co.,Ltd."
688651.SS,"WebRAY Tech(Beijing) Co., Ltd."
603959.SS,"Hunan Baili Engineering Sci&Tech Co.,Ltd"
600753.SS,"Fujian Haiqin Energy Group Co., Ltd."
603536.SS,"Shandong Huifa Foodstuff Co.,Ltd."
603326.SS,"Nanjing OLO Home Furnishing Co.,Ltd"
603096.SS,Thinkingdom Media Group Ltd.
603755.SS,"Qingdao Richen Food Co.,Ltd."
600965.SS,"Fortune Ng Fung Food (Hebei) Co.,Ltd"
600892.SS,"Dasheng Times Cultural Investment Co., Ltd."
603982.SS,"Nanjing Chervon Auto Precision Technology Co., Ltd"
600692.SS,"Shang Hai Ya Tong Co.,Ltd."
605177.SS,"Zhejiang East Asia Pharmaceutical Co., Ltd."
605001.SS,"Qingdao Victall Railway Co., Ltd."
688244.SS,Integrity Technology Group Inc.
605069.SS,"Beijing ZEHO Waterfront Ecological Environment Treatment Co., Ltd."
603177.SS,"Zhejiang Tuna Environmental Science & TechnologyCo.,Ltd."
688316.SS,QingCloud Technologies Corp.
603321.SS,"Zhejiang Meilun Elevator Co., Ltd."
600187.SS,"Heilongjiang Interchina Water Treatment Co.,Ltd"
600241.SS,"Liaoning Shidai Wanheng Co.,Ltd."
600148.SS,"Changchun Yidong Clutch CO.,LTD"
603182.SS,"Shandong Sinoglory Health Food Co., Ltd"
603900.SS,Leysen Jewellery Inc.
688369.SS,BeiJing Seeyon Internet Software Corp.
603168.SS,"Zhejiang Shapuaisi Pharmaceutical Co.,Ltd."
688450.SS,"Suzhou Agioe Technologies Co., Ltd."
603616.SS,"Beijing Hanjian Heshan Pipeline Co.,Ltd"
605180.SS,"ZheJiang HuaSheng Technology Co.,Ltd"
688355.SS,"Suzhou Mingzhi Technology Co., Ltd."
603968.SS,"Nantong Acetic Acid Chemical Co., Ltd."
600615.SS,"Chongqing Fenghwa Group Co., Ltd."
600802.SS,Fujian Cement Inc.
688272.SS,"Beijing Fjr Optoelectronic Technology Co., Ltd."
603385.SS,"Huida Sanitary Ware Co.,Ltd"
688026.SS,"Guangzhou Jet Bio-Filtration Co., Ltd."
600774.SS,"Hanshang Group Co., Ltd."
600159.SS,"Beijing Dalong Weiye Real Estate Development Co.,Ltd"
603356.SS,"Xuancheng Valin Precision Technology Co., Ltd."
688613.SS,"Allgens Medical Technology CO., LTD."
600439.SS,"Henan Rebecca Hair Products Co., Ltd."
603238.SS,"HangZhou Nbond Nonwovens Co., Ltd."
600097.SS,"Shanghai Kaichuang Marine International Co., Ltd."
600128.SS,Soho Holly Corporation
600287.SS,"Soho Fashion Group Co., Ltd."
688066.SS,"Piesat Information Technology Co., Ltd."
688737.SS,SINOTECH Company Limited
603282.SS,"Zhejiang Yaguang Technology Co.,Ltd."
688060.SS,"Jiangsu Yunyong Electronics and Technology Co.,Ltd"
600444.SS,"Sinomach General Machinery Science & Technology Co.,Ltd."
688038.SS,"Wuhan Citms Technology CO.,LTD."
600107.SS,"Hubei Mailyard Share Co.,Ltd"
603557.SS,Qibu Corporation Limited
600238.SS,"Hainan Yedao (Group) Co.,Ltd"
600235.SS,"Minfeng Special Paper Co.,Ltd."
688597.SS,"Beijing Yupont Electric Power Technology Co., Ltd."
688517.SS,"JinGuan Electric Co., Ltd."
600706.SS,"Xi'an Qujiang Cultural Tourism Co., Ltd."
603377.SS,"Eastern Pioneer Driving School Co., Ltd"
603825.SS,"Hylink Digital Solutions Co.,Ltd"
600099.SS,"Linhai Co.,Ltd."
603810.SS,"Jiangsu Fengshan Group Co.,Ltd"
603506.SS,"Nacity Property Service Group Co.,Ltd."
600768.SS,"Ningbo Fubang Jingye Group Co.,Ltd"
605336.SS,"Zhejiang Sanfer Electric Co., Ltd"
603718.SS,"Shanghai Hile Bio-Technology Co., Ltd."
603041.SS,"Jiangsu Maysta Chemical Co., Ltd."
688096.SS,"Jiangsu Jingyuan Environmental Protection Co.,Ltd."
688670.SS,"Jiangsu Gdk Biological Technology Co., Ltd"
688132.SS,"Bangyan Technology Co., Ltd."
688251.SS,"Hefei Jingsong Intelligent Technology Co.,Ltd."
600303.SS,"Liaoning SG Automotive Group Co., Ltd."
688013.SS,"Touchstone International Medical Science Co., Ltd."
605122.SS,"Chongqing Sifang New Material Co., Ltd."
603208.SS,"Jiangshan Oupai Door Industry Co., Ltd"
603028.SS,"Jiangsu Safety Group Co.,Ltd."
688395.SS,"Shenzhen Sine Electric Co.,Ltd."
688156.SS,"Road Biology Environmental Protection Technology Co., Ltd."
600051.SS,"Ningbo United Group Co.,Ltd."
600847.SS,"Chongqing Wanli New Energy Co., Ltd."
600202.SS,"Harbin Air Conditioning Co.,Ltd."
603029.SS,"Shandong Swan CottonIndustrial Machinery Stock Co.,Ltd."
603709.SS,"ZOY Home Furnishing Co.,Ltd"
600678.SS,"Sichuan Golden Summit (group) Joint-Stock Co., Ltd."
603879.SS,"Yongyue Science&Technology Co.,Ltd"
603073.SS,"Zhejiang Cady Industry Co., Ltd."
688051.SS,"Rockontrol Technology Group Co., Ltd."
688420.SS,"Tianjin Meiteng Technology Co., Ltd"
688616.SS,"Hangzhou Xili Intelligent Technology Co.,Ltd"
688393.SS,"Guangzhou LBP Medicine Science & Technology Co., Ltd."
600149.SS,"Langfang Development Co., Ltd."
688671.SS,"Bescient Technologies Co., Ltd."
603214.SS,"Shanghai Aiyingshi Co.,Ltd"
688092.SS,"Hangzhou IECHO Science&Technology Co., Ltd."
600818.SS,"Zhonglu.Co.,Ltd"
900915.SS,"Zhonglu.Co.,Ltd"
603717.SS,"TianYu Bio-Technology Co., Ltd."
600082.SS,"Tianjin Hi-Tech Development Co., Ltd."
688288.SS,"Hangzhou Hopechart IoT Technology Co.,Ltd"
600448.SS,"Huafang Co.,Ltd"
688118.SS,"Primeton Information Technologies, Inc."
600689.SS,"Shanghai Sanmao Enterprise (Group) Co., Ltd."
900922.SS,"Shanghai Sanmao Enterprise (Group) Co., Ltd."
600883.SS,"Yunnan Bowin Technology Industry Co.,Ltd"
688193.SS,"Shanghai Rendu Biotechnology Co., Ltd."
605567.SS,"Springsnow Food Group Co., Ltd."
603908.SS,"Comefly Outdoor Co., Ltd."
688638.SS,"Shenzhen UTIMES Intelligent Equipment Co., Ltd."
603022.SS,"Shanghai Xintonglian Packaging Co., Ltd."
688189.SS,"Hunan Nucien Pharmaceutical Co., Ltd."
600119.SS,"Y.U.D.Yangtze River Investment Industry Co.,Ltd."
603860.SS,"RoadMainT Co.,Ltd."
688681.SS,"Shandong Kehui Power Automation Co.,Ltd."
600137.SS,Sichuan Langsha Holding Ltd.
600697.SS,"Chang Chun Eurasia Group Co., Ltd."
688466.SS,"GreenTech Environmental Co., Ltd."
600778.SS,"Xinjiang Youhao(Group)Co.,Ltd"
603021.SS,"Shandong Huapeng Glass Co.,Ltd."
688078.SS,Beijing LongRuan Technologies Inc.
600080.SS,Ginwa Enterprise (Group) Inc.
688004.SS,"Beijing Bohui Science & Technology Co., Ltd"
688565.SS,"Zhejiang Haiyan Power System Resources Environmental Technology Co., Ltd."
688659.SS,"Anhui Yuanchen Environmental Protection Science&Technology Co.,Ltd."
600493.SS,"Fujian Fynex Textile Science & Technology Co., Ltd."
688184.SS,"Zhejiang Power New Energy Co., Ltd."
600243.SS,"Qinghai Huading Industrial Co., Ltd."
688058.SS,Beijing Baolande Software Corporation
600180.SS,"CCS Supply Chain Management Co., Ltd."
688793.SS,"Shenzhen Breo Technology Co., Ltd."
688695.SS,"Shandong Cvicse Middleware Co.,Ltd."
600561.SS,"Jiangxi Changyun Co., Ltd."
688528.SS,Chengdu Qinchuan IoT Technology Co.Ltd.
603789.SS,"Thinker Agricultural Machinery Co., Ltd."
688329.SS,"Suzhou Iron Technology CO.,LTD"
688021.SS,"Aofu Environmental Technology Co.,Ltd."
508078.SS,AVIC ESR Warehouse and Logistics
600476.SS,"Hunan Copote Science Technology Co.,Ltd."
688573.SS,"Shenzhen Xinyuren Technology Co., Ltd."
688067.SS,"AVE Science&Technology CO.,LTD"
600455.SS,"But'one Information Corporation,Xi'an"
688022.SS,"Suzhou Harmontronics Automation Technology Co., Ltd"
603272.SS,"Zhejiang Lianxiang Smart Home Co., LTD"
688217.SS,"Shanghai Rightongene Biotechnology Co., Ltd."
600543.SS,"Gansu Mogao Industrial Development Co.,Ltd"
688089.SS,"Cabio Biotech (Wuhan) Co., Ltd."
600365.SS,"Tonghua Grape Wine Co.,Ltd"
688701.SS,"Zhejiang Zone-King Environmental Sci&Tech Co., Ltd."
603729.SS,"Shanghai Longyun Cultural and Creative Technology Group Co., Ltd."
603359.SS,"Dongzhu Ecological Environment Protection Co., Ltd."
900929.SS,"Shanghai Jinjiang International Travel Co., Ltd."
900939.SS,"Shanghai Huili Building Materials Co., Ltd."
688496.SS,"Suzhou QingYue Optoelectronics Technology Co., Ltd."
688121.SS,"Shanghai Supezet Engineering Technology Corp., Ltd."
603215.SS,"Zhejiang Biyi Electric Appliance Co., Ltd."
603231.SS,"Solbar Ningbo Protein Technology Co., Ltd."
603630.SS,"Lafang China Co.,Ltd"
688152.SS,"Hunan Kylinsec Technology Co., Ltd."
688682.SS,"Shanghai Hollywave Electronic System Co., Ltd."
688755.SS,"Jiangsu Hanbon Science and Technology Co., Ltd."
688084.SS,"Beijing JingPinTeZhuang Science and Technology Co.,LTD."
603696.SS,"Anji Foodstuff Co., Ltd"
600668.SS,"Zhejiang Jianfeng Group Co., Ltd."
688265.SS,"Shanghai Model Organisms Center, Inc."
688148.SS,"Guangdong Fangyuan New Materials Group Co., Ltd."
600620.SS,"Shanghai Tianchen Co.,Ltd"
603258.SS,"Hangzhou Electronic Soul Network Technology Co., Ltd."
603808.SS,"Shenzhen Ellassay Fashion Co.,Ltd."
603578.SS,"Zhejiang Three Stars New Materials Co., Ltd."
600738.SS,"Lanzhou Lishang Guochao Industrial Group Co.,Ltd"
601956.SS,"Hubei Donper Electromechanical Group Co., Ltd."
603278.SS,"Shandong Daye Co., Ltd."
688557.SS,"BlueSword Intelligent Technology Co., Ltd."
603788.SS,"Ningbo Gaofa Automotive Control System Co., Ltd."
603828.SS,"Suzhou Kelida Building& Decoration Co.,Ltd."
688722.SS,Beijing Tongyizhong New Material Technology Corporation
688687.SS,"Beijing Kawin Technology Share-Holding Co., Ltd."
600408.SS,"Shanxi Antai Group Co.,Ltd"
603886.SS,"Ganso Co., Ltd."
605259.SS,"Lutian Machinery Co., Ltd."
603500.SS,"Zhejiang Tiantai Xianghe Industrial Co.,Ltd."
688317.SS,"Shanghai ZJ Bio-Tech Co., Ltd"
688657.SS,"Gstarsoft Co., Ltd."
600665.SS,"Tande Co., Ltd."
688015.SS,"Traffic Control Technology Co., Ltd."
603813.SS,"GuangDong GenSho Logistics Co.,LTD"
688595.SS,"Chipsea Technologies (Shenzhen) Corp., Ltd."
603970.SS,"Sino-Agri Leading Biosciences Co.,Ltd"
600322.SS,"Tianjin Jintou State-owned Urban Development Co., Ltd."
688070.SS,"Chengdu JOUAV Automation Tech Co.,Ltd."
603819.SS,Changzhou Shenli Electrical Machine Incorporated Company
605500.SS,"Forest Packaging Group Co.,Ltd."
603161.SS,"Kehua Holdings Co.,Ltd"
600265.SS,"Yunnan Jinggu Forestry Co.,Ltd"
688030.SS,"Hillstone Networks Co.,Ltd."
688159.SS,"Shenzhen Neoway Technology Co.,Ltd."
600712.SS,"Nanning Department Store Co., Ltd."
600215.SS,"Paslin Digital Technology Co., Ltd."
688335.SS,"Shanghai CEO Technology Co., Ltd."
600250.SS,"Nanjing Business & Tourism Corp.,Ltd."
600249.SS,"Liuzhou Liangmianzhen Co., Ltd."
600136.SS,"Wuhan MC Culture and Sports Co., Ltd."
601996.SS,"Guangxi Fenglin Wood Industry Group Co.,Ltd"
603949.SS,"Xuelong Group Co.,Ltd"
603089.SS,"ADD Industry (Zhejiang) CO., LTD"
603896.SS,"Zhejiang Shouxiangu Pharmaceutical Co., Ltd."
688081.SS,"Wuhan Xingtu Xinke Electronics Co.,Ltd."
600530.SS,"Shanghai Jiaoda Onlly Co.,Ltd"
688285.SS,China Railway High-speed Electrification Equipment Corporation Limited
600630.SS,Shanghai Dragon Corporation
688273.SS,"Nanjing Medlander Medical Technology Co.,Ltd."
688391.SS,"Hi-Trend Technology (Shanghai) Co., Ltd."
603190.SS,Yantai Yatong Precision Mechanical Corporation
600356.SS,"Mudanjiang Hengfeng Paper Co.,Ltd"
600616.SS,Shanghai Jinfeng Wine Company Limited
603006.SS,"Shanghai Lianming Machinery Co., Ltd."
603829.SS,"Jiangsu Luokai Mechanical &Electrical Co., Ltd."
600624.SS,"Shanghai Fudan Forward S&T Co., Ltd"
603722.SS,"Wuxi Acryl Technology Co., Ltd."
603955.SS,"Daqian Ecology&Environment Group Co.,Ltd."
603042.SS,"Nanjing Huamai Technology Co., Ltd."
600719.SS,"Dalian Thermal Power Co.,Ltd."
688592.SS,ComNav Technology Ltd.
603458.SS,"Guizhou Transportation Planning Survey&Design Academe Co.,Ltd."
603585.SS,"Suli Co., Ltd."
605068.SS,"Mingxin New Material Co.,Ltd."
600289.SS,Bright Oceans Inter-Telecom Corporation
603878.SS,"Jiangsu Wujin Stainless Steel Pipe Group CO.,LTD."
603280.SS,"Fujian South Highway Machinery Co., Ltd."
600405.SS,"Beijing Dynamic Power Co.,LTD"
603335.SS,Guangdong Dcenti Auto-Parts Stock Limited Company
603201.SS,"Changshu Tongrun Auto Accessory Co., Ltd."
603518.SS,"Jinhong Fashion Group Co.,Ltd."
600386.SS,"Beijing Bashi Media Co., Ltd."
688511.SS,"Sichuan Tianwei Electronic Co.,Ltd."
605089.SS,"Suzhou Weizhixiang Food Co., Ltd."
688229.SS,"Bonree Data Technology Co., Ltd"
688576.SS,"Chongqing Xishan Science & Technology Co., Ltd."
600371.SS,"Wanxiang Doneed Co., ltd"
603839.SS,"Anzheng Fashion Group Co., Ltd."
688589.SS,Leaguer (Shenzhen) Microelectronics Corp.
601798.SS,Lanpec Technologies Limited
688130.SS,Hangzhou SDIC Microelectronics Inc.
603080.SS,"Xinjiang Torch Gas Co., Ltd"
603801.SS,"Zbom Home Collection Co.,Ltd"
603633.SS,"Shanghai Laimu Electronics Co.,Ltd."
603030.SS,"Shanghai Trendzone Holdings Group Co.,Ltd"
688071.SS,"Shanghai W-Ibeda High Tech.Group Co.,Ltd."
688292.SS,"Beijing Haohan Data Technology Co.,Ltd"
603378.SS,"Asia Cuanon Technology (Shanghai) Co.,Ltd."
603188.SS,"Jiangsu Yabang Dyestuff Co., Ltd."
600419.SS,"Xinjiang Tianrun Dairy Co., Ltd."
603895.SS,"Shanghai Tianyong Engineering Co., Ltd."
603768.SS,Changqing Machinery Company Limited
688056.SS,"Beijing Labtech Instruments Co., Ltd."
603237.SS,"Zhejiang Wufangzhai Industry Co., Ltd."
600538.SS,"Beihai Gofar Chuanshan Biological Co., Ltd."
603151.SS,"Shandong Teamgene Technology Co., Ltd."
688255.SS,"Hangzhou Kaierda Welding Robot Co.,Ltd."
601007.SS,"Jinling Hotel Corporation, Ltd."
600257.SS,"Dahu Health Industry Co., Ltd."
603017.SS,"ARTS Group Co., Ltd"
603797.SS,"Guangdong Liantai Environmental Protection Co.,Ltd."
603037.SS,"Shanghai Carthane Co.,Ltd."
603779.SS,"WEILONG GRAPE WINE CO., Ltd"
600381.SS,"Qinghai Spring Medicinal Resources Technology Co., Ltd."
688080.SS,"Beijing InHand Networks Technology Co., Ltd."
688357.SS,"Luoyang Jianlong Micro-nano New Material Co., Ltd"
603066.SS,"Nanjing Inform Storage Equipment (Group) Co., Ltd."
603586.SS,"Shandong Gold Phoenix Co.,Ltd"
605033.SS,"Shaanxi Meibang Pharmaceutical Group Co., Ltd."
688367.SS,"Hefei Gocom Information Technology Co.,Ltd."
605166.SS,"Juheshun Advanced Material Co., Ltd."
605155.SS,"Zhejiang Xidamen New Material Co.,Ltd."
603289.SS,"Tederic Machinery Co., LTD"
603320.SS,"ZHEJIANG DIBAY ELECTRIC CO.,Ltd."
603677.SS,"Qijing Machinery Co., Ltd."
688529.SS,"Dalian Haosen Intelligent Manufacturing Co., Ltd."
601010.SS,Wenfeng Great World Chain Development Corporation
688203.SS,Zhejiang Hisun Biomaterials Co.Ltd.
603602.SS,"Hangzhou Freely Communication Co., Ltd."
605151.SS,"West Shanghai Automotive Service Co.,Ltd."
603628.SS,"Clenergy Technology Co., Ltd."
603818.SS,"Qu Mei Home Furnishings Group Co.,Ltd"
603880.SS,"Jiangsu Nanfang Medical Co., Ltd."
600735.SS,"Shandong Hiking International Co.,Ltd"
600359.SS,"Xinjiang Talimu Agriculture Development Co., Ltd."
600358.SS,"China Tourism And Culture Investment Group Co.,Ltd"
688500.SS,"HCR Co., Ltd"
603863.SS,"GuangDong SongYang Recycle Resources CO.,LTD"
603917.SS,"Ningbo Heli Technology Co., Ltd."
603102.SS,"Weihai Baihe Biology Technological Co., Ltd."
603329.SS,"Shanghai Ace Investment&Development Co.,Ltd"
600560.SS,"Beijing AriTime Intelligent Control Co., Ltd."
603079.SS,"Zhejiang Shengda Bio-Pharm Co., Ltd."
603617.SS,"Junhe Pumps Holding Co.,Ltd"
600793.SS,"Yibin Paper Industry Co., Ltd."
688455.SS,"KENGIC Intelligent Technology Co., Ltd."
600858.SS,"Inzone Group Co.,Ltd"
600537.SS,"EGing Photovoltaic Technology Co.,Ltd."
600281.SS,"Shanxi Huayang New Material Co.,Ltd."
688314.SS,"Kontour (Xi'an) Medical Technology Co., Ltd."
605258.SS,"Jiangsu Xiehe Electronic Co.,Ltd."
603331.SS,Zhejiang Baida Precision Manufacturing Corp.
688468.SS,"Chemclin Diagnostics Co., Ltd."
603836.SS,"Bondex Supply Chain Management Co., Ltd."
688619.SS,"ROPEOK Technology Group Co., Ltd."
688296.SS,"Zhejiang Heda Technology Co., Ltd."
603076.SS,"Ningbo Lehui International Engineering Equipment Co.,Ltd"
603332.SS,"Suzhou Longjie Special Fiber Co., Ltd."
603909.SS,"C&D Holsin Engineering Consulting Co., Ltd"
600463.SS,"Beijing Airport High-Tech Park Co., Ltd."
603136.SS,"Jiangsu Tianmu Lake Tourism Co.,Ltd"
688129.SS,"Donglai Coating Technology (Shanghai) Co., Ltd."
603176.SS,"Huitong Construction Group Co.,Ltd."
600491.SS,"Long Yuan Construction Group Co., Ltd."
603922.SS,"Suzhou Jin Hong Shun Auto Parts Co., Ltd."
605003.SS,"Zhong Wang Fabric Co.,Ltd."
603937.SS,"Jiangsu Lidao New Materials Co., Ltd."
603086.SS,"Shandong Cynda Chemical Co.,Ltd."
600573.SS,"FuJian YanJing HuiQuan Brewery Co.,Ltd"
600671.SS,"Hangzhou TianMuShan Pharmaceutical Enterprise Co.,Ltd"
600319.SS,"Weifang Yaxing Chemical Co., Ltd."
603172.SS,"Zhejiang Wanfeng Chemical Co.,Ltd."
603189.SS,"Shanghai Wondertek Software Co., Ltd"
688435.SS,Shanghai Information2 Software Inc.
688718.SS,"Wave Cyber (Shanghai) Co., Ltd."
600540.SS,"Xinjiang Sayram Modern Agriculture Co., Ltd"
603307.SS,"Yangzhou Jinquan Travelling Goods Co., Ltd."
688310.SS,Maider Medical Industry Equipment Co. Ltd.
605199.SS,"Hainan Huluwa Pharmaceutical Group Co., Ltd."
600833.SS,"Shanghai No.1 Pharmacy Co.,Ltd."
603059.SS,"Perfect Group Corp., Ltd"
603700.SS,"Ningbo Water Meter (Group) Co.,Ltd."
600992.SS,Guizhou Wire Rope Incorporated Company
600831.SS,"Shaanxi Broadcast & TV Network Intermediary(Group)Co.,Ltd."
600854.SS,"Jiangsu chunlan refrigerating equipment stock co.,ltd."
603488.SS,"Flying Technology Co., Ltd."
688501.SS,"Qingdao Daneng Environmental Protection Equipment Co., Ltd."
688178.SS,"Nanjing Wondux Environmental Protection Technology Corp., Ltd."
603787.SS,"Jiangsu Xinri E-Vehicle Co., Ltd."
688426.SS,"Jiangsu CoWin Biotech Co., Ltd."
600661.SS,"Shanghai Xinnanyang Only Education & Technology Co.,Ltd"
688246.SS,"Goodwill E-Health Info Co., Ltd."
603180.SS,"GoldenHome Living Co., Ltd."
600239.SS,"Yunnan Metropolitan Real Estate Development Co., Ltd."
600232.SS,"Zhejiang Golden Eagle Co.,Ltd."
603117.SS,"Jiangsu Wanlin Modern Logistics Co., Ltd."
600807.SS,"Jinan High-tech Development Co., Ltd."
603183.SS,"Suzhou Institute of Building Science Group Co.,Ltd"
605266.SS,"Jianzhijia Pharmaceutical Chain Group Co., Ltd."
688113.SS,"Jiangsu Liance Electromechanical Technology Co., Ltd."
603721.SS,"TVZone Media Co., Ltd."
600423.SS,"Liuzhou Chemical Industry Co., Ltd."
688560.SS,"Crown Advanced Material Co.,Ltd."
600302.SS,"Xi'an Typical Industries Co.,Ltd"
603023.SS,"Harbin VITI Electronics Co., Ltd."
688201.SS,"Beijing Infosec Technologies Co.,Ltd"
600533.SS,"Nanjing Chixia Development Co.,Ltd."
688651.SS,"WebRAY Tech(Beijing) Co., Ltd."
603959.SS,"Hunan Baili Engineering Sci&Tech Co.,Ltd"
600753.SS,"Fujian Haiqin Energy Group Co., Ltd."
603536.SS,"Shandong Huifa Foodstuff Co.,Ltd."
603326.SS,"Nanjing OLO Home Furnishing Co.,Ltd"
603096.SS,Thinkingdom Media Group Ltd.
603755.SS,"Qingdao Richen Food Co.,Ltd."
600965.SS,"Fortune Ng Fung Food (Hebei) Co.,Ltd"
600892.SS,"Dasheng Times Cultural Investment Co., Ltd."
603982.SS,"Nanjing Chervon Auto Precision Technology Co., Ltd"
600692.SS,"Shang Hai Ya Tong Co.,Ltd."
605177.SS,"Zhejiang East Asia Pharmaceutical Co., Ltd."
605001.SS,"Qingdao Victall Railway Co., Ltd."
688244.SS,Integrity Technology Group Inc.
605069.SS,"Beijing ZEHO Waterfront Ecological Environment Treatment Co., Ltd."
603177.SS,"Zhejiang Tuna Environmental Science & TechnologyCo.,Ltd."
688316.SS,QingCloud Technologies Corp.
603321.SS,"Zhejiang Meilun Elevator Co., Ltd."
600187.SS,"Heilongjiang Interchina Water Treatment Co.,Ltd"
600241.SS,"Liaoning Shidai Wanheng Co.,Ltd."
600148.SS,"Changchun Yidong Clutch CO.,LTD"
603182.SS,"Shandong Sinoglory Health Food Co., Ltd"
603900.SS,Leysen Jewellery Inc.
688369.SS,BeiJing Seeyon Internet Software Corp.
603168.SS,"Zhejiang Shapuaisi Pharmaceutical Co.,Ltd."
688450.SS,"Suzhou Agioe Technologies Co., Ltd."
603616.SS,"Beijing Hanjian Heshan Pipeline Co.,Ltd"
605180.SS,"ZheJiang HuaSheng Technology Co.,Ltd"
688355.SS,"Suzhou Mingzhi Technology Co., Ltd."
603968.SS,"Nantong Acetic Acid Chemical Co., Ltd."
600615.SS,"Chongqing Fenghwa Group Co., Ltd."
600802.SS,Fujian Cement Inc.
688272.SS,"Beijing Fjr Optoelectronic Technology Co., Ltd."
603385.SS,"Huida Sanitary Ware Co.,Ltd"
688026.SS,"Guangzhou Jet Bio-Filtration Co., Ltd."
600774.SS,"Hanshang Group Co., Ltd."
600159.SS,"Beijing Dalong Weiye Real Estate Development Co.,Ltd"
603356.SS,"Xuancheng Valin Precision Technology Co., Ltd."
688613.SS,"Allgens Medical Technology CO., LTD."
600439.SS,"Henan Rebecca Hair Products Co., Ltd."
603238.SS,"HangZhou Nbond Nonwovens Co., Ltd."
600097.SS,"Shanghai Kaichuang Marine International Co., Ltd."
600128.SS,Soho Holly Corporation
600287.SS,"Soho Fashion Group Co., Ltd."
688066.SS,"Piesat Information Technology Co., Ltd."
688737.SS,SINOTECH Company Limited
603282.SS,"Zhejiang Yaguang Technology Co.,Ltd."
688060.SS,"Jiangsu Yunyong Electronics and Technology Co.,Ltd"
600444.SS,"Sinomach General Machinery Science & Technology Co.,Ltd."
688038.SS,"Wuhan Citms Technology CO.,LTD."
600107.SS,"Hubei Mailyard Share Co.,Ltd"
603557.SS,Qibu Corporation Limited
600238.SS,"Hainan Yedao (Group) Co.,Ltd"
600235.SS,"Minfeng Special Paper Co.,Ltd."
688597.SS,"Beijing Yupont Electric Power Technology Co., Ltd."
688517.SS,"JinGuan Electric Co., Ltd."
600706.SS,"Xi'an Qujiang Cultural Tourism Co., Ltd."
603377.SS,"Eastern Pioneer Driving School Co., Ltd"
603825.SS,"Hylink Digital Solutions Co.,Ltd"
600099.SS,"Linhai Co.,Ltd."
603810.SS,"Jiangsu Fengshan Group Co.,Ltd"
603506.SS,"Nacity Property Service Group Co.,Ltd."
600768.SS,"Ningbo Fubang Jingye Group Co.,Ltd"
605336.SS,"Zhejiang Sanfer Electric Co., Ltd"
603718.SS,"Shanghai Hile Bio-Technology Co., Ltd."
603041.SS,"Jiangsu Maysta Chemical Co., Ltd."
688096.SS,"Jiangsu Jingyuan Environmental Protection Co.,Ltd."
688670.SS,"Jiangsu Gdk Biological Technology Co., Ltd"
688132.SS,"Bangyan Technology Co., Ltd."
688251.SS,"Hefei Jingsong Intelligent Technology Co.,Ltd."
600303.SS,"Liaoning SG Automotive Group Co., Ltd."
688013.SS,"Touchstone International Medical Science Co., Ltd."
605122.SS,"Chongqing Sifang New Material Co., Ltd."
603208.SS,"Jiangshan Oupai Door Industry Co., Ltd"
603028.SS,"Jiangsu Safety Group Co.,Ltd."
688395.SS,"Shenzhen Sine Electric Co.,Ltd."
688156.SS,"Road Biology Environmental Protection Technology Co., Ltd."
600051.SS,"Ningbo United Group Co.,Ltd."
600847.SS,"Chongqing Wanli New Energy Co., Ltd."
600202.SS,"Harbin Air Conditioning Co.,Ltd."
603029.SS,"Shandong Swan CottonIndustrial Machinery Stock Co.,Ltd."
603709.SS,"ZOY Home Furnishing Co.,Ltd"
600678.SS,"Sichuan Golden Summit (group) Joint-Stock Co., Ltd."
603879.SS,"Yongyue Science&Technology Co.,Ltd"
603073.SS,"Zhejiang Cady Industry Co., Ltd."
688051.SS,"Rockontrol Technology Group Co., Ltd."
688420.SS,"Tianjin Meiteng Technology Co., Ltd"
688616.SS,"Hangzhou Xili Intelligent Technology Co.,Ltd"
688393.SS,"Guangzhou LBP Medicine Science & Technology Co., Ltd."
600149.SS,"Langfang Development Co., Ltd."
688671.SS,"Bescient Technologies Co., Ltd."
603214.SS,"Shanghai Aiyingshi Co.,Ltd"
688092.SS,"Hangzhou IECHO Science&Technology Co., Ltd."
600818.SS,"Zhonglu.Co.,Ltd"
900915.SS,"Zhonglu.Co.,Ltd"
603717.SS,"TianYu Bio-Technology Co., Ltd."
600082.SS,"Tianjin Hi-Tech Development Co., Ltd."
688288.SS,"Hangzhou Hopechart IoT Technology Co.,Ltd"
600448.SS,"Huafang Co.,Ltd"
688118.SS,"Primeton Information Technologies, Inc."
600689.SS,"Shanghai Sanmao Enterprise (Group) Co., Ltd."
900922.SS,"Shanghai Sanmao Enterprise (Group) Co., Ltd."
600883.SS,"Yunnan Bowin Technology Industry Co.,Ltd"
688193.SS,"Shanghai Rendu Biotechnology Co., Ltd."
605567.SS,"Springsnow Food Group Co., Ltd."
603908.SS,"Comefly Outdoor Co., Ltd."
688638.SS,"Shenzhen UTIMES Intelligent Equipment Co., Ltd."
603022.SS,"Shanghai Xintonglian Packaging Co., Ltd."
688189.SS,"Hunan Nucien Pharmaceutical Co., Ltd."
600119.SS,"Y.U.D.Yangtze River Investment Industry Co.,Ltd."
603860.SS,"RoadMainT Co.,Ltd."
688681.SS,"Shandong Kehui Power Automation Co.,Ltd."
600137.SS,Sichuan Langsha Holding Ltd.
600697.SS,"Chang Chun Eurasia Group Co., Ltd."
688466.SS,"GreenTech Environmental Co., Ltd."
600778.SS,"Xinjiang Youhao(Group)Co.,Ltd"
603021.SS,"Shandong Huapeng Glass Co.,Ltd."
688078.SS,Beijing LongRuan Technologies Inc.
600080.SS,Ginwa Enterprise (Group) Inc.
688004.SS,"Beijing Bohui Science & Technology Co., Ltd"
688565.SS,"Zhejiang Haiyan Power System Resources Environmental Technology Co., Ltd."
688659.SS,"Anhui Yuanchen Environmental Protection Science&Technology Co.,Ltd."
600493.SS,"Fujian Fynex Textile Science & Technology Co., Ltd."
688184.SS,"Zhejiang Power New Energy Co., Ltd."
600243.SS,"Qinghai Huading Industrial Co., Ltd."
688058.SS,Beijing Baolande Software Corporation
600180.SS,"CCS Supply Chain Management Co., Ltd."
688793.SS,"Shenzhen Breo Technology Co., Ltd."
688695.SS,"Shandong Cvicse Middleware Co.,Ltd."
600561.SS,"Jiangxi Changyun Co., Ltd."
688528.SS,Chengdu Qinchuan IoT Technology Co.Ltd.
603789.SS,"Thinker Agricultural Machinery Co., Ltd."
688329.SS,"Suzhou Iron Technology CO.,LTD"
688021.SS,"Aofu Environmental Technology Co.,Ltd."
508078.SS,AVIC ESR Warehouse and Logistics
600476.SS,"Hunan Copote Science Technology Co.,Ltd."
688573.SS,"Shenzhen Xinyuren Technology Co., Ltd."
688067.SS,"AVE Science&Technology CO.,LTD"
600455.SS,"But'one Information Corporation,Xi'an"
688022.SS,"Suzhou Harmontronics Automation Technology Co., Ltd"
603272.SS,"Zhejiang Lianxiang Smart Home Co., LTD"
688217.SS,"Shanghai Rightongene Biotechnology Co., Ltd."
600543.SS,"Gansu Mogao Industrial Development Co.,Ltd"
688089.SS,"Cabio Biotech (Wuhan) Co., Ltd."
600365.SS,"Tonghua Grape Wine Co.,Ltd"
688701.SS,"Zhejiang Zone-King Environmental Sci&Tech Co., Ltd."
603729.SS,"Shanghai Longyun Cultural and Creative Technology Group Co., Ltd."
603359.SS,"Dongzhu Ecological Environment Protection Co., Ltd."
900929.SS,"Shanghai Jinjiang International Travel Co., Ltd."
900939.SS,"Shanghai Huili Building Materials Co., Ltd."
688496.SS,"Suzhou QingYue Optoelectronics Technology Co., Ltd."
688121.SS,"Shanghai Supezet Engineering Technology Corp., Ltd."
