Ticker,Company
300750.SZ,"Contemporary Amperex Technology Co., Limited"
300308.SZ,"Zhongji Innolight Co., Ltd."
002594.SZ,BYD Company Limited
000333.SZ,"Midea Group Co., Ltd."
300502.SZ,"Eoptolink Technology Inc., Ltd."
002371.SZ,"NAURA Technology Group Co., Ltd."
002475.SZ,"Luxshare Precision Industry Co., Ltd."
002384.SZ,"Suzhou Dongshan Precision Manufacturing Co., Ltd."
002415.SZ,"Hangzhou Hikvision Digital Technology Co., Ltd."
300059.SZ,"East Money Information Co.,Ltd."
000858.SZ,"Wuliangye Yibin Co.,Ltd."
300394.SZ,"Suzhou TFC Optical Communication Co., Ltd."
002379.SZ,Shandong Hongqiao Aluminum Industry Holding Company Limited
300476.SZ,"Victory Giant Technology (HuiZhou) Co.,Ltd"
002714.SZ,"Muyuan Foods Group Co., Ltd."
002916.SZ,"Shennan Circuits Co., Ltd."
002463.SZ,"Wus Printed Circuit (Kunshan) Co., Ltd."
000338.SZ,"Weichai Power Co., Ltd."
000651.SZ,"Gree Electric Appliances, Inc. of Zhuhai"
300274.SZ,"Sungrow Power Supply Co., Ltd."
000001.SZ,"Ping An Bank Co., Ltd."
002142.SZ,"Bank of Ningbo Co., Ltd."
300408.SZ,"Chaozhou Three-Circle (Group) Co.,Ltd."
000725.SZ,BOE Technology Group Company Limited
200725.SZ,BOE Technology Group Company Limited
002938.SZ,"Avary Holding(Shenzhen)Co., Limited"
300433.SZ,"Lens Technology Co., Ltd."
300760.SZ,"Shenzhen Mindray Bio-Medical Electronics Co., Ltd."
003816.SZ,"CGN Power Co., Ltd."
300604.SZ,"Hangzhou Changchuan Technology Co.,Ltd"
301666.SZ,DapuStor Corporation
002352.SZ,"S.F. Holding Co., Ltd."
300033.SZ,"Hithink RoyalFlush Information Network Co., Ltd."
300124.SZ,"Shenzhen Inovance Technology Co.,Ltd"
301377.SZ,"Guangdong Dtech Technology Co., Ltd."
001399.SZ,HKC Corporation Limited
001248.SZ,China Resources New Energy Holdings Company Limited
301308.SZ,"Shenzhen Longsys Electronics Co., Ltd."
000776.SZ,"GF Securities Co., Ltd."
302132.SZ,AVIC Chengdu Aircraft Company Limited
000063.SZ,ZTE Corporation
000792.SZ,"Qinghai Salt Lake Industry Co.,Ltd"
002050.SZ,"Zhejiang Sanhua Intelligent Controls Co.,Ltd"
000657.SZ,"China Tungsten And Hightech Materials Co.,Ltd"
001280.SZ,"China National Uranium Co., Ltd."
002353.SZ,"Yantai Jereh Oilfield Services Group Co., Ltd."
300999.SZ,"Yihai Kerry Arawana Holdings Co., Ltd"
002281.SZ,"Accelink Technologies Co,Ltd."
002493.SZ,"Rongsheng Petrochemical Co., Ltd."
301165.SZ,"Ruijie Networks Co., Ltd."
301200.SZ,"Shenzhen Han's CNC Technology Co., Ltd."
000408.SZ,Zangge Mining Company Limited
000568.SZ,"Luzhou Laojiao Co.,Ltd"
300014.SZ,"EVE Energy Co., Ltd."
002028.SZ,"Sieyuan Electric Co., Ltd."
301526.SZ,Chongqing Polycomp International Corporation
300857.SZ,"Sharetronic Data Technology Co., Ltd."
000977.SZ,"Inspur Electronic Information Industry Co., Ltd."
000166.SZ,"Shenwan Hongyuan Group Co., Ltd."
002736.SZ,"Guosen Securities Co., Ltd."
000988.SZ,HGTECH Company Limited
300442.SZ,Range Intelligent Computing Technology Group Company Limited
002460.SZ,"Ganfeng Lithium Group Co., Ltd."
002602.SZ,"Zhejiang Century Huatong Group Co.,Ltd"
000100.SZ,TCL Technology Group Corporation
000938.SZ,Unisplendour Corporation Limited
000958.SZ,"SPIC Industry-Finance Holdings Co., Ltd."
001289.SZ,China Longyuan Power Group Corporation Limited
002230.SZ,"iFLYTEK CO.,LTD"
000425.SZ,"XCMG Construction Machinery Co., Ltd."
002600.SZ,Lingyi iTech (Guangdong) Company
002156.SZ,"Tongfu Microelectronics Co.,Ltd"
000617.SZ,CNPC Capital Company Limited
300498.SZ,"Wens Foodstuff Group Co., Ltd."
000807.SZ,"Yunnan Aluminium Co., Ltd."
000630.SZ,"Tongling Nonferrous Metals Group Co.,Ltd."
000538.SZ,"Yunnan Baiyao Group Co.,Ltd"
301217.SZ,"Anhui Tongguan Copper Foil Group Co., Ltd."
300757.SZ,"RoboTechnik Intelligent Technology Co., LTD"
001309.SZ,"Shenzhen Techwinsemi Technology Co., Ltd."
002648.SZ,"Satellite Chemical Co.,Ltd."
002008.SZ,"Han's Laser Technology Industry Group Co., Ltd."
000895.SZ,"Henan Shuanghui Investment & Development Co.,Ltd."
000301.SZ,"Jiangsu Eastern Shenghong Co.,Ltd."
002128.SZ,Inner Mongolia Dian Tou Energy Corporation Limited
002080.SZ,"Sinoma Science & Technology Co.,Ltd."
002241.SZ,Goertek Inc.
001232.SZ,"Shenzhen JLC Technology Group Co., Ltd"
002001.SZ,Zhejiang NHU Company Ltd.
002837.SZ,"Shenzhen Envicool Technology Co., Ltd."
300015.SZ,"Aier Eye Hospital Group Co., Ltd."
300475.SZ,"Shannon Semiconductor Technology Co.,Ltd."
002466.SZ,Tianqi Lithium Corporation
000975.SZ,"Shanjin International Gold Co., Ltd."
300661.SZ,SG Micro Corp
300759.SZ,"Pharmaron Beijing Co., Ltd."
002709.SZ,"Guangzhou Tinci Materials Technology Co., Ltd."
002179.SZ,"Jonhon Optronic Technology Co., Ltd."
002851.SZ,"Shenzhen Megmeet Electrical Co., LTD"
002311.SZ,"Guangdong Haid Group Co., Limited"
300866.SZ,"Anker Innovations Technology Co., Ltd."
002653.SZ,"Haisco Pharmaceutical Group Co., Ltd."
002027.SZ,"Focus Media Information Technology Co., Ltd."
301638.SZ,"CSG Digital Power Grid Research Institute Co.,Ltd."
000426.SZ,"Inner Mongolia Xingye Silver & Tin Mining Co., Ltd"
300620.SZ,"Advanced Fiber Resources (Zhuhai), Ltd."
000708.SZ,"Citic Pacific Special Steel Group Co., Ltd"
002202.SZ,"Goldwind Science&Technology Co., Ltd."
001389.SZ,Delton Technology (Guangzhou) Inc.
002422.SZ,"Sichuan Kelun Pharmaceutical Co., Ltd."
300054.SZ,"Hubei Dinglong CO.,Ltd."
002409.SZ,"Jiangsu Yoke Technology Co., Ltd."
001965.SZ,"China Merchants Expressway Network & Technology Holdings Co.,Ltd."
300223.SZ,"Ingenic Semiconductor Co.,Ltd."
001979.SZ,"China Merchants Shekou Industrial Zone Holdings Co., Ltd."
300666.SZ,"Konfoong Materials International Co., Ltd"
000625.SZ,Chongqing Changan Automobile Company Limited
200625.SZ,Chongqing Changan Automobile Company Limited
300548.SZ,"EverProX Technologies Co., Ltd."
300765.SZ,"CSPC Innovation Pharmaceutical Co., Ltd."
300285.SZ,"Shandong Sinocera Functional Material Co., Ltd."
000703.SZ,"Hengyi Petrochemical Co., Ltd."
300567.SZ,"Wuhan Jingce Electronics Group Co., Ltd."
300751.SZ,"Suzhou Maxwell Technologies Co., Ltd."
002428.SZ,"Yunnan Lincang Xinyuan Germanium Industry Co.,LTD"
002625.SZ,"Kuang-Chi Technologies Co., Ltd."
002821.SZ,"Asymchem Laboratories (Tianjin) Co., Ltd."
000933.SZ,Henan Shenhuo Coal Industry and Electricity Power Co. Ltd
002304.SZ,"Jiangsu Yanghe Distillery Co., Ltd."
000021.SZ,"Shenzhen Kaifa Technology Co., Ltd."
000831.SZ,"China Rare Earth Resources And Technology Co., Ltd."
000960.SZ,Yunnan Tin Company Limited
000157.SZ,"Zoomlion Heavy Industry Science and Technology Co., Ltd."
000768.SZ,AVIC Xi'an Aircraft Industry Group Company Ltd.
002532.SZ,"Tianshan Aluminum Group Co.,Ltd"
000636.SZ,"Guangdong Fenghua Advanced Technology (Holding) Co., Ltd."
300136.SZ,"Shenzhen Sunway Communication Co., Ltd."
003031.SZ,"Hebei Sinopack Electronic Technology Co.,Ltd."
300316.SZ,"Zhejiang Jingsheng Mechanical & Electrical Co., Ltd."
002436.SZ,"Shenzhen Fastprint Circuit Tech Co.,Ltd."
002185.SZ,"Tianshui Huatian Technology Co., Ltd."
001872.SZ,"China Merchants Port Group Co., Ltd."
201872.SZ,"China Merchants Port Group Co., Ltd."
002064.SZ,"Huafon Chemical Co.,Ltd"
300450.SZ,"Wuxi Lead Intelligent Equipment CO.,LTD."
002414.SZ,"Wuhan Guide Infrared Co., Ltd."
002595.SZ,"Himile Mechanical Science and Technology (Shandong) Co., Ltd"
002812.SZ,"Yunnan Energy New Material (Group) Co., Ltd."
002236.SZ,"Zhejiang Dahua Technology Co., Ltd."
301358.SZ,"Hunan Yuneng New Energy Battery Material Co.,Ltd."
301269.SZ,"Empyrean Technology Co., Ltd."
300390.SZ,"Canmax Technologies Co., Ltd."
300803.SZ,"Beijing Compass Technology Development Co., Ltd."
002484.SZ,Nantong Jianghai Capacitor Co. Ltd.
002850.SZ,"Shenzhen Kedali Industry Co., Ltd."
002920.SZ,"Huizhou Desay SV Automotive Co., Ltd."
002049.SZ,"Unigroup Guoxin Microelectronics Co., Ltd."
300418.SZ,"Kunlun Tech Co., Ltd."
300628.SZ,"Yealink Network Technology Co., Ltd."
002074.SZ,"Gotion High-tech Co.,Ltd."
002636.SZ,Goldenmax International Group Ltd.
301511.SZ,"Jiujiang Defu Technology Co., Limited"
002558.SZ,"Giant Network Group Co., Ltd."
000783.SZ,Changjiang Securities Company Limited
001391.SZ,"Air China Cargo Co., Ltd."
300373.SZ,"Yangzhou Yangjie Electronic Technology Co., Ltd."
001257.SZ,"Luoyang Shenglong Mining Group Co., Ltd."
300454.SZ,Sangfor Technologies Inc.
000963.SZ,"Huadong Medicine Co., Ltd"
301536.SZ,SigmaStar Technology Ltd.
300058.SZ,"BlueFocus Intelligent Communications Group Co., Ltd."
300395.SZ,"Hubei Feilihua Quartz Glass Co., Ltd."
300037.SZ,"Shenzhen Capchem Technology Co., Ltd."
000066.SZ,"China Greatwall Technology Group Co., Ltd."
300782.SZ,Maxscend Microelectronics Company Limited
000893.SZ,"Asia-potash International Investment (Guangzhou)Co.,Ltd."
300570.SZ,"T&S Communications Co.,Ltd."
000596.SZ,"Anhui Gujing Distillery Co., Ltd."
200596.SZ,"Anhui Gujing Distillery Co., Ltd."
301611.SZ,"Suzhou Kematek, Inc."
002203.SZ,"Zhejiang Hailiang Co., Ltd."
000811.SZ,"Moon Environment Technology Co.,Ltd."
002078.SZ,"Shandong Sunpaper Co., Ltd."
001203.SZ,"Dazhong Mining Co., Ltd."
000983.SZ,"Shanxi Coking Coal Energy Group Co., Ltd."
000878.SZ,"Yunnan Copper Co.,Ltd"
301717.SZ,"Chengdu Ultra Pure Applied Materials Co., Ltd."
000039.SZ,"China International Marine Containers (Group) Co., Ltd."
000999.SZ,"China Resources Sanjiu Medical & Pharmaceutical Co., Ltd."
002407.SZ,"Do-Fluoride New Materials Co., Ltd."
300832.SZ,"Shenzhen New Industries Biomedical Engineering Co., Ltd."
301205.SZ,"Linktel Technologies Co., Ltd."
300347.SZ,"Hangzhou Tigermed Consulting Co., Ltd"
002555.SZ,"37 Interactive Entertainment Network Technology Group Co., Ltd."
300979.SZ,Huali Industrial Group Company Limited
300919.SZ,"CNGR Advanced Material Co., Ltd."
002966.SZ,"Bank of Suzhou Co., Ltd."
000987.SZ,"Guangzhou Yuexiu Capital Holdings Group Co., Ltd."
301018.SZ,"Guangdong Shenling Environmental Systems Co., Ltd."
002155.SZ,Hunan Gold Corporation Limited
301236.SZ,"iSoftStone Information Technology (Group) Co., Ltd."
301696.SZ,"Nanchang Sanrui Intelligence Technology Co., Ltd."
002601.SZ,"LB Group Co., Ltd."
002945.SZ,"ChinaLin Securities Co., Ltd"
300001.SZ,"Qingdao TGOOD Electric Co., Ltd."
300346.SZ,"Jiangsu Nata Opto-electronic Material Co., Ltd."
002138.SZ,"Shenzhen Sunlord Electronics Co.,Ltd."
300972.SZ,"Fujian Wanchen Food Group Co., Ltd."
300017.SZ,"Wangsu Science & Technology Co.,Ltd."
000559.SZ,"Wanxiang Qianchao Co.,Ltd."
002129.SZ,"TCL Zhonghuan Renewable Energy Technology Co.,Ltd."
000688.SZ,"GuoCheng Mining CO.,LTD"
301396.SZ,"Glory View Technology Co., Ltd."
002738.SZ,"Sinomine Resource Group Co., Ltd."
301656.SZ,"Suzhou Inovance Automotive Co., Ltd."
002444.SZ,"Hangzhou Greatstar Industrial Co., Ltd"
002195.SZ,"Shanghai Stonehill Technology Co., Ltd."
002273.SZ,"Zhejiang Crystal-Optech Co., Ltd"
002429.SZ,"Shenzhen MTC Co., Ltd."
001286.SZ,"Shaanxi Energy Investment Co., Ltd."
002294.SZ,"Shenzhen Salubris Pharmaceuticals Co., Ltd."
000002.SZ,"China Vanke Co., Ltd."
002517.SZ,"Kingnet Network Co., Ltd."
300672.SZ,"Hunan Goke Microelectronics Co.,Ltd."
300115.SZ,"Shenzhen Everwin Precision Technology Co., Ltd."
300748.SZ,"JL Mag Rare-Earth Co., Ltd."
002831.SZ,"ShenZhen YUTO Packaging Technology Co., Ltd."
300903.SZ,"Guangdong Kingshine Electronic Technology Co.,Ltd."
000973.SZ,"FSPG Hi-Tech CO., Ltd."
002126.SZ,"Zhejiang Yinlun Machinery Co.,Ltd."
300122.SZ,"Chongqing Zhifei Biological Products Co., Ltd."
002340.SZ,"GEM Co., Ltd."
002056.SZ,"Hengdian Group DMEGC Magnetics Co., Ltd."
300677.SZ,"Intco Medical Technology Co., Ltd."
000728.SZ,Guoyuan Securities Company Limited
300207.SZ,"Sunwoda Electronic Co.,Ltd"
002841.SZ,Guangzhou Shiyuan Electronic Technology Company Limited
002939.SZ,"China Great Wall Securities Co.,Ltd."
301707.SZ,"Jiangsu X-chip Semiconductor Technology Co., Ltd."
000883.SZ,"Hubei Energy Group Co., Ltd."
002252.SZ,"Shanghai RAAS Blood Products Co., Ltd."
000921.SZ,"Hisense Home Appliances Group Co., Ltd."
300870.SZ,"Shenzhen Honor Electronic Co., Ltd."
000729.SZ,"Beijing Yanjing Brewery Co.,Ltd."
300487.SZ,"Sunresin New Materials Co.,Ltd"
002032.SZ,"Zhejiang Supor Co., Ltd."
300806.SZ,"Jiangsu Sidike New Materials Science & Technology Co., Ltd."
300251.SZ,"Beijing Enlight Media Co., Ltd"
002261.SZ,"Talkweb Information System Co.,Ltd."
002716.SZ,"Hunan Silver Co.,Ltd."
300209.SZ,"Xingyun Technology Co., Ltd."
300438.SZ,"Guangzhou Great Power Energy and Technology Co., Ltd"
000661.SZ,"Changchun High-Tech Industry (Group) Co., Ltd."
000876.SZ,"New Hope Liuhe Co.,Ltd."
000423.SZ,"Dong-E-E-Jiao Co., Ltd."
000800.SZ,"FAW Jiefang Group Co.,Ltd"
001267.SZ,"Hui Lyu Ecological Technology Groups Co.,Ltd."
300776.SZ,"Wuhan DR Laser Technology Corp.,Ltd"
002948.SZ,"Bank of Qingdao Co., Ltd."
002673.SZ,"Western Securities Co.,Ltd."
002222.SZ,CASTECH Inc.
000027.SZ,"Shenzhen Energy Group Co., Ltd."
300458.SZ,"Allwinner Technology Co.,Ltd."
002245.SZ,Jiangsu Azure Corporation
300811.SZ,"POCO Holding Co., Ltd."
002472.SZ,"Zhejiang Shuanghuan Driveline Co.,Ltd."
002378.SZ,"Chongyi Zhangyuan Tungsten Co., Ltd."
000786.SZ,Beijing New Building Materials Public Limited Company
000060.SZ,Shenzhen Zhongjin Lingnan Nonfemet Co. Ltd.
002131.SZ,"Leo Group Co., Ltd."
301626.SZ,"Suzhou Tianmai Thermal Technology Co., Ltd."
000737.SZ,"North Copper Co., Ltd."
002244.SZ,"Hangzhou Binjiang Real Estate Group Co.,Ltd"
002491.SZ,"Tongding Interconnection Information Co., Ltd."
300489.SZ,"Optics Technology Holding Co.,Ltd"
301297.SZ,"Ferrotec (An Hui) Technology Development Co.,LTD"
002747.SZ,"Estun Automation Co., Ltd"
000629.SZ,"Pangang Group Vanadium & Titanium Resources Co., Ltd."
002536.SZ,"Feilong Auto Components Co., Ltd."
300896.SZ,"Imeik Technology Development Co.,Ltd."
301550.SZ,"Zhejiang Sling Automobile Bearing Co., Ltd."
002432.SZ,"Andon Health Co., Ltd."
002046.SZ,"Sinomach Precision Industry Group Co., Ltd."
000967.SZ,"Infore Environment Technology Group Co., Ltd."
002240.SZ,"Chengxin Lithium Group Co., Ltd."
300339.SZ,"Jiangsu Hoperun Software Co., Ltd."
000959.SZ,"Beijing Shougang Co., Ltd."
000887.SZ,"Anhui Zhongding Sealing Parts Co., Ltd."
002797.SZ,"First Capital Securities Co., Ltd."
000962.SZ,"Ningxia Orient Tantalum Industry Co., Ltd."
002025.SZ,"Guizhou Space Appliance Co., Ltd"
002859.SZ,"Zhejiang Jiemei Electronic And Technology Co., Ltd."
000582.SZ,"Beibu Gulf Port Co., Ltd."
002157.SZ,"Jiangxi ZhengBang Technology Co., Ltd."
002603.SZ,"Shijiazhuang Yiling Pharmaceutical Co., Ltd."
000415.SZ,"Bohai Leasing Co., Ltd."
300236.SZ,"Shanghai Sinyang Semiconductor Materials Co., Ltd."
002015.SZ,"GCL Energy Technology Co.,Ltd."
301345.SZ,"Zhejiang Taotao Vehicles Co., Ltd."
002608.SZ,Jiangsu Guoxin Corp. Ltd.
000877.SZ,"Tianshan Material Co., Ltd."
300432.SZ,"Fulin Precision Co., Ltd."
000564.SZ,"Ccoop Group Co., Ltd"
003022.SZ,Levima Advanced Materials Corporation
300413.SZ,"Mango Excellent Media Co., Ltd."
300474.SZ,"Changsha Jingjia Microelectronics Co., Ltd."
002223.SZ,"Jiangsu Yuyue Medical Equipment & Supply Co., Ltd."
000429.SZ,"Guangdong Provincial Expressway Development Co., Ltd."
200429.SZ,"Guangdong Provincial Expressway Development Co., Ltd."
300684.SZ,Jones Tech PLC
002271.SZ,"Beijing Oriental Yuhong Waterproof Technology Co., Ltd."
000603.SZ,"Shengda Resources Co.,Ltd."
300602.SZ,"Shenzhen FRD Science & Technology Co., Ltd."
300496.SZ,"Thunder Software Technology Co.,Ltd."
300814.SZ,Shenzhen Jove Enterprise Limited
000981.SZ,Sensteed Hi-Tech Group
000932.SZ,"Hunan Valin Steel Co., Ltd."
002768.SZ,"Qingdao Gon Technology Co., Ltd."
002266.SZ,"Zhefu Holding Group Co., Ltd."
002487.SZ,"Dajin Heavy Industry Co.,Ltd."
001339.SZ,"JWIPC Technology Co., Ltd."
000539.SZ,"Guangdong Electric Power Development Co., Ltd."
200539.SZ,"Guangdong Electric Power Development Co., Ltd."
300012.SZ,Centre Testing International Group Co. Ltd.
002456.SZ,"OFILM Group Co., Ltd."
300763.SZ,"Ginlong Technologies Co., Ltd."
300623.SZ,"Jiangsu JieJie Microelectronics Co., Ltd."
300260.SZ,"Kunshan Kinglai Hygienic Materials Co.,Ltd."
002465.SZ,Guangzhou Haige Communications Group Incorporated Company
000738.SZ,"Aecc Aero-Engine Control Co.,Ltd."
002152.SZ,"GRG Banking Equipment Co., Ltd."
000750.SZ,"Sealand Securities Co., Ltd."
300142.SZ,"Walvax Biotechnology Co., Ltd."
002007.SZ,Hualan Biological Engineering Inc.
002756.SZ,"Yongxing Special Materials Technology Co.,Ltd"
002459.SZ,"JA Solar Technology Co., Ltd."
000951.SZ,"Sinotruk Jinan Truck Co.,Ltd"
000830.SZ,"Luxi Chemical Group Co., Ltd."
002180.SZ,"Pantum Technology Co., Ltd."
000791.SZ,"GEPIC Energy Development Co., Ltd."
002430.SZ,"Hangzhou Oxygen Plant Group Co., Ltd."
000088.SZ,"Shenzhen Yan Tian Port Holdings Co.,Ltd."
301583.SZ,"Tolerance Technology (Jiangsu) Co., Ltd."
000034.SZ,"Digital China Group Co., Ltd."
000739.SZ,"Apeloa Pharmaceutical Co.,Ltd"
000062.SZ,"Shenzhen Huaqiang Industry Co., Ltd."
000683.SZ,Inner Mongolia Berun Chemical Company Limited
001301.SZ,"Shijiazhuang Shangtai Technology Co., Ltd."
002396.SZ,"Fujian Star-net Communication Co., LTD."
000400.SZ,"XJ Electric Co., Ltd."
002335.SZ,"Kehua Data Co., Ltd."
000733.SZ,"China Zhenhua (Group) Science & Technology Co., Ltd"
300024.SZ,"Siasun Robot&Automation Co.,Ltd."
002130.SZ,"ShenZhen Woer Heat-Shrinkable Material Co.,Ltd."
300456.SZ,Sai MicroElectronics Inc.
300255.SZ,"Hebei Changshan Biochemical Pharmaceutical Co., Ltd."
300953.SZ,"Ningbo Zhenyu Technology Co., Ltd."
002262.SZ,"Jiangsu Nhwa Pharmaceutical Co., LTD"
300073.SZ,"Beijing Easpring Material Technology CO.,LTD."
002423.SZ,"COFCO Capital Holdings Co., Ltd."
002926.SZ,"HUAXI Securities Co., Ltd."
000155.SZ,Sichuan New Energy Power Company Limited
002065.SZ,"DHC Software Co.,Ltd."
002683.SZ,"Guangdong Hongda Holdings Group Co., Ltd."
000709.SZ,HBIS Company Limited
301606.SZ,Ugreen Group Limited
002317.SZ,"Guangdong Zhongsheng Pharmaceutical Co., Ltd."
000547.SZ,"Addsino Co., Ltd."
300003.SZ,"Lepu Medical Technology (Beijing) Co., Ltd."
002545.SZ,Qingdao East Steel Tower Stock Co.Ltd
300383.SZ,"Beijing Sinnet Technology Co.,Ltd"
300083.SZ,Guangdong Create Century Intelligent Equipment Group Corporation Limited
001337.SZ,"Sichuan Gold Co., Ltd."
002085.SZ,"Zhejiang Wanfeng Auto Wheel Co., Ltd."
000623.SZ,"Jilin Aodong Pharmaceutical Group Co., Ltd."
002624.SZ,"Perfect World Co., Ltd."
300627.SZ,Shanghai Huace Navigation Technology Ltd
002497.SZ,"Sichuan Yahua Industrial Group Co., Ltd."
002364.SZ,"Hangzhou Zhongheng Electric Co., Ltd"
003035.SZ,"China Southern Power Grid Energy Efficiency & Clean Energy Co., Ltd."
002237.SZ,"Shandong Humon Smelting Co., Ltd."
002670.SZ,Guosheng Securities Inc
300843.SZ,"Shenglan Technology Co., Ltd."
300568.SZ,"Shenzhen Senior Technology Material Co., Ltd."
301486.SZ,"Shenzhen Zesum Technology Co., Ltd."
300085.SZ,"Shenzhen InfoGem Technologies Co., Ltd."
002498.SZ,"Qingdao Hanhe Cable Co.,Ltd"
001270.SZ,"Zhejiang Chengchang Technology Co., Ltd."
000598.SZ,"Chengdu Xingrong Environment Co., Ltd."
002468.SZ,"STO Express Co.,Ltd"
301171.SZ,"Easy Click Worldwide Network Technology Co., Ltd."
002153.SZ,"Beijing Shiji Information Technology Co., Ltd."
300679.SZ,"Electric Connector Technology Co., Ltd."
300726.SZ,"Zhuzhou Hongda Electronics Corp.,Ltd."
002975.SZ,"Zhuhai Bojay Electronics Co.,Ltd."
000029.SZ,"Shenzhen Special Economic Zone Real Estate & Properties (Group) Co., Ltd."
200029.SZ,"Shenzhen Special Economic Zone Real Estate & Properties (Group) Co., Ltd."
002299.SZ,"Fujian Sunner Development Co., Ltd."
000997.SZ,"Newland Digital Technology Co.,Ltd."
002518.SZ,"Shenzhen KSTAR Science and Technology Co., Ltd."
000513.SZ,Livzon Pharmaceutical Group Inc.
001359.SZ,Pamica Technology Corporation
300503.SZ,"Guangzhou Haozhi Industrial Co.,Ltd."
300398.SZ,PhiChem Corporation
300738.SZ,"Guangdong Aofei Data Technology Co., Ltd."
301035.SZ,"Shandong Weifang Rainbow Chemical Co., Ltd"
000825.SZ,"Shanxi Taigang Stainless Steel Co., Ltd."
300558.SZ,"Betta Pharmaceuticals Co., Ltd."
002552.SZ,"Baoding Technology Co., Ltd."
000158.SZ,"Shijiazhuang ChangShan BeiMing Technology Co.,Ltd"
300779.SZ,"Qingdao Huicheng Environmental Technology Group Co., Ltd."
300199.SZ,"Hybio Pharmaceutical Co., Ltd."
000519.SZ,"North Industries Group Red Arrow Co., Ltd"
000937.SZ,"Jizhong Energy Resources Co., Ltd."
300747.SZ,"Wuhan Raycus Fiber Laser Technologies Co., Ltd."
301301.SZ,"Yili Chuanning Biotechnology Co.,Ltd."
000620.SZ,Winnovation Culturaltainment Development Limited
002500.SZ,"Shanxi Securities Co., Ltd."
300724.SZ,Shenzhen S.C New Energy Technology Corporation
002895.SZ,Guizhou Chanhen Chemical Corporation
300699.SZ,"Weihai Guangwei Composites Co., Ltd."
001386.SZ,"MarcoPolo Holdings Co., Ltd."
002120.SZ,"Yunda Holding Group Co., Ltd."
002461.SZ,"Guangzhou Zhujiang Brewery Co., Ltd"
002265.SZ,"Jianshe Industry Group (Yunnan) Co., Ltd."
300323.SZ,BOE HC SemiTek Corporation
002318.SZ,"Zhejiang JIULI Hi-tech Metals Co., Ltd"
002773.SZ,"Chengdu Kanghong Pharmaceutical Group Co., Ltd"
000506.SZ,"Zhaojin International Gold Co., Ltd."
000686.SZ,"Northeast Securities Co., Ltd."
002192.SZ,"YOUNGY Co., Ltd."
300821.SZ,"Shandong Dongyue Organosilicon Materials Co., Ltd."
001896.SZ,"Henan Yuneng Holdings Co.,Ltd."
000009.SZ,"China Baoan Group Co., Ltd."
002901.SZ,Double Medical Technology Inc.
300277.SZ,"Hangzhou Turbine Power Group Co., Ltd."
301183.SZ,"Hubei DOTI Micro Technology Co., Ltd."
001365.SZ,"Tianhai Auto Electronics Group Co., Ltd."
300131.SZ,"Shenzhen Yitoa Intelligent Control Co.,Ltd."
000711.SZ,"Indium Target Advanced Materials (Harbin) Co., Ltd."
002568.SZ,"Shanghai Bairun Investment Holding Group Co., Ltd."
301286.SZ,"Sichuan Qiaoyuan Gas Co., Ltd."
002044.SZ,"Meinian Onehealth Healthcare Holdings Co., Ltd."
301319.SZ,"Shenzhen Vital New Material Co., Ltd."
301285.SZ,HONG RI DA Technology Company Limited
001331.SZ,"Senton Energy Co.,Ltd."
003021.SZ,"Shenzhen Zhaowei Machinery & Electronics Co., Ltd."
000898.SZ,Angang Steel Company Limited
002913.SZ,"Aoshikang Technology Co., Ltd."
000875.SZ,"SPIC Green Energy Co., Ltd."
002611.SZ,"Guangdong Dongfang Precision Science & Technology Co., Ltd."
300257.SZ,"Kaishan Group Co., Ltd."
300773.SZ,"Lakala Payment Co., Ltd."
000902.SZ,"YONFER Agricultural Technology Co., Ltd."
002925.SZ,Xiamen Intretech Inc.
000969.SZ,"Advanced Technology & Materials Co., Ltd."
002389.SZ,"Aerospace CH UAV Co.,Ltd"
301219.SZ,"Ganzhou Tengyuan Cobalt New Material Co., Ltd."
002149.SZ,"Western Metal Materials Co., Ltd."
000935.SZ,"Sichuan Hexie Shuangma Co., Ltd."
002980.SZ,"Shenzhen Everbest Machinery Industry Co., Ltd."
000032.SZ,"Shenzhen SED Industry Co., Ltd."
002739.SZ,Ruyi Film Entertainment Company Limited
300835.SZ,"Sinomag Technology Co., Ltd."
001287.SZ,"Shenzhen CECport Technologies Co., Ltd."
301275.SZ,"Hanshow Technology Co., Ltd."
301123.SZ,"YD Electronic Technology Co.,Ltd."
002979.SZ,"China Leadshine Technology Co., Ltd."
300888.SZ,"Winner Medical Co., Ltd."
002402.SZ,Shenzhen H&T Intelligent Control Co.Ltd
300762.SZ,"Jushri Technologies, Inc."
300088.SZ,"Wuhu Token Sciences Co., Ltd."
300975.SZ,Nanjing Sunlord Electronics Corporation Ltd.
001696.SZ,"Chongqing Zongshen Power Machinery Co.,Ltd"
002270.SZ,"Huaming Power Equipment Co.,Ltd"
300140.SZ,"CECEP Environmental Protection Co., Ltd."
000723.SZ,"Shanxi Meijin Energy Co.,Ltd."
300607.SZ,"Guangdong Topstar Technology Co., Ltd."
000833.SZ,"Guangxi Yuegui Guangye Holdings Co., Ltd."
002326.SZ,"Zhejiang Yongtai Technology Co.,Ltd."
002957.SZ,"Shenzhen Colibri Technologies Co., Ltd."
301392.SZ,"Guangdong Huicheng Vacuum Technology Co., Ltd."
300723.SZ,"ApicHope Pharmaceutical Group Co., Ltd."
002815.SZ,"Suntak Technology Co.,Ltd."
000543.SZ,An Hui Wenergy Company Limited
000591.SZ,"CECEP Solar Energy Co.,Ltd."
300179.SZ,"SF Diamond Co.,Ltd"
000628.SZ,"ChengDu Hi-Tech Development Co., Ltd."
000685.SZ,"Zhongshan Public Utilities Group Co.,Ltd"
002145.SZ,"Tinergy Chemical Co., Ltd."
300593.SZ,"Beijing Relpow Technology Co., Ltd"
002745.SZ,"MLS Co., Ltd."
300146.SZ,"Byhealth Co., Ltd"
300718.SZ,"Zhejiang Changsheng Sliding Bearings Co., Ltd."
300364.SZ,"COL Group Co.,Ltd."
301029.SZ,"Dongguan Yiheda Automation Co., Ltd"
300761.SZ,"Jiangsu Lihua Foods Group Co., Ltd"
000581.SZ,"Weifu High-Technology Group Co., Ltd."
200581.SZ,"Weifu High-Technology Group Co., Ltd."
002249.SZ,"Zhongshan Broad-Ocean Motor Co., Ltd."
002249.SZ,"Zhongshan Broad-Ocean Motor Co., Ltd."
002958.SZ,"Qingdao Rural Commercial Bank Co., Ltd."
000528.SZ,"Guangxi Liugong Machinery Co., Ltd."
301362.SZ,"Up-shine Lighting Co., Limited"
002439.SZ,Venustech Group Inc.
301316.SZ,"Hydsoft Technology Co.,Ltd."
300735.SZ,"DBG Technology Co., Ltd."
000050.SZ,"Tianma Microelectronics Co., Ltd."
300102.SZ,"Xiamen Changelight Co., Ltd."
301093.SZ,"Jiangsu Hualan New Pharmaceutical Material Co.,Ltd."
002792.SZ,Tongyu Communication Inc.
001213.SZ,"China Railway Special Cargo Logistics Co., Ltd."
301128.SZ,"ShenZhen QiangRui Precision Technology Co., Ltd."
002947.SZ,"Suzhou Hengmingda Electronic Technology Co., Ltd."
002563.SZ,"Zhejiang Semir Garment Co., Ltd."
000563.SZ,"Shaanxi International Trust Co.,Ltd."
301039.SZ,"CIMC Vehicles (Group) Co., Ltd."
002171.SZ,"Anhui Truchum Advanced Materials and Technology Co., Ltd."
000537.SZ,"Green Development Electricity Group of Tianjin Co., Ltd."
000766.SZ,"Tonghua Golden-Horse Pharmaceutical Industry Co,Ltd"
300002.SZ,"Beijing Ultrapower Software Co., Ltd."
002506.SZ,"GCL System Integration Technology Co., Ltd."
301389.SZ,"Long Young Electronic (Kunshan) Co., Ltd."
300319.SZ,"Shenzhen Microgate Technology Co., Ltd."
300676.SZ,"BGI Genomics Co., Ltd."
002312.SZ,"Sichuan Development Lomon Co.,Ltd."
300170.SZ,"HAND Enterprise Solutions Co., Ltd."
002539.SZ,"Chengdu Wintrue Holding Co., Ltd."
000682.SZ,"Dongfang Electronics Co., Ltd."
002508.SZ,"Hangzhou Robam Appliances Co., Ltd."
300302.SZ,"Toyou Feiji Electronics Co., Ltd."
301498.SZ,"Gambol Pet Group Co., Ltd."
002290.SZ,"Suzhou Hesheng Special Material Co., Ltd."
300638.SZ,Fibocom Wireless Inc.
002048.SZ,"Ningbo Huaxiang Electronic Co., Ltd."
002583.SZ,Hytera Communications Corporation Limited
300144.SZ,"Songcheng Performance Development Co.,Ltd"
002151.SZ,"Beijing BDStar Navigation Co., Ltd."
000680.SZ,"Shantui Construction Machinery Co., Ltd."
000927.SZ,China Railway Materials Company Limited
001221.SZ,"Higold Group Co., LTD."
002827.SZ,"Xizang Gaozheng Civil Explosives Co., Ltd."
300613.SZ,"Shanghai Fullhan Microelectronics Co., Ltd."
002176.SZ,"Jiangxi Special Electric Motor Co.,Ltd"
002408.SZ,"Zibo Qixiang Tengda Chemical Co., Ltd"
300436.SZ,"Fujian Cosunter Pharmaceutical Co., Ltd."
002081.SZ,"Suzhou Gold Mantis Construction Decoration Co., Ltd."
300601.SZ,"Shenzhen Kangtai Biological Products Co., Ltd."
300469.SZ,Transportation Telecommunication & Information Development Inc.Ltd.Zhejiang
300253.SZ,"Winning Health Technology Group Co., Ltd."
002405.SZ,"SeeWay.ai Co., Ltd."
002158.SZ,"Shanghai Hanbell Precise Machinery Co., Ltd."
300139.SZ,"Beijing XIAOCHENG Technology Stock Co., Ltd"
301086.SZ,Shenzhen hongfuhan Technology Co. Ltd.
002929.SZ,"Runjian Co., Ltd."
300166.SZ,Business-intelligence of Oriental Nations Corporation Ltd.
002984.SZ,"Qingdao Sentury Tire Co., Ltd."
300077.SZ,Nsing Technologies Inc.
300009.SZ,"Anhui Anke Biotechnology (Group) Co., Ltd."
301599.SZ,"Wuxi Rich Intelligent Equipment Co., Ltd."
000970.SZ,"Beijing Zhong Ke San Huan High-Tech Co., Ltd."
000778.SZ,"Xinxing Ductile Iron Pipes Co., Ltd."
301071.SZ,"Henan Liliang Diamond Co., Ltd."
002320.SZ,"Hainan Strait Shipping Co.,Ltd."
300827.SZ,"Sineng Electric Co.,Ltd."
301603.SZ,"JirFine Intelligent Equipment Co., Ltd."
301292.SZ,"Shandong Hi-tech Spring Material Technology Co., Ltd."
300720.SZ,"Guangdong High Dream Intellectualized Machinery Co., Ltd."
002410.SZ,Glodon Company Limited
301080.SZ,"Acrobiosystems Co.,Ltd."
000600.SZ,"HCIG Energy Investment Co., Ltd."
000069.SZ,"Shenzhen Overseas Chinese Town Co.,Ltd."
002911.SZ,"Foran Energy Group Co., Ltd."
300573.SZ,"Shenyang Xingqi Pharmaceutical Co.,Ltd."
301338.SZ,"GKG Precision Machine Co., Ltd."
001369.SZ,"Inner Mongolia Shuangxin Environmental Protection Materials Co., Ltd."
002936.SZ,"Bank of Zhengzhou Co., Ltd."
301196.SZ,"Xiamen Voke Mold & Plastic Engineering Co., Ltd."
002385.SZ,"Beijing Dabeinong Technology Group Co.,Ltd."
300201.SZ,"Xuzhou Handler Special Vehicle Co., Ltd."
301095.SZ,Semitronix Corporation
000966.SZ,"CHN Energy Changyuan Electric Power Co.,Ltd."
000785.SZ,Easyhome New Retail Group Corporation Limited
300409.SZ,"Guangdong Dowstone Technology Co., Ltd."
002645.SZ,"Jiangsu Huahong Technology Co., Ltd."
002310.SZ,"Beijing Orient EcoEnergy Co., Ltd."
300660.SZ,"Jiangsu Leili Motor Co., Ltd"
300655.SZ,"Crystal Clear Electronic Material Co.,Ltd"
002250.SZ,"Lianhe Chemical Technology Co.,Ltd."
002690.SZ,Hefei Meyer Optoelectronic Technology Inc.
000552.SZ,"Gansu Energy Chemical Co., Ltd."
002906.SZ,Foryou Corporation
300990.SZ,"Sanhe Tongfei Refrigeration Co., Ltd."
301031.SZ,"Xi'an Sinofuse Electric Co., Ltd."
002440.SZ,"Zhejiang Runtu Co., Ltd."
002779.SZ,"Zhejiang Zhongjian Technology Co.,Ltd"
300296.SZ,"Leyard Optoelectronic Co., Ltd."
000672.SZ,"Gansu Shangfeng Materials Co., Ltd."
300957.SZ,Yunnan Botanee Bio-Technology Group Co.LTD
002655.SZ,"Gettop Acoustic Co., Ltd."
002399.SZ,"Shenzhen Hepalink Pharmaceutical Group Co., Ltd."
000070.SZ,"Shenzhen SDG Information Co., Ltd."
300457.SZ,"Shenzhen Yinghe Technology Co., Ltd"
002832.SZ,"BIEM.L.FDLKK Garment Co.,Ltd."
300093.SZ,"Gansu Golden Solar Co., Ltd"
002969.SZ,"Jiamei Food Packaging (Chuzhou) Co.,Ltd"
003018.SZ,"JinFu Technology Co., Ltd."
000156.SZ,"Wasu Media Holding Co.,Ltd"
301669.SZ,"Hangzhou Gold Electronic Equipment Co., Ltd."
000410.SZ,"Shenyang Machine Tool Co., Ltd."
002647.SZ,"Rendong Holdings Co., Ltd."
002372.SZ,"Zhejiang Weixing New Building Materials Co., Ltd."
002541.SZ,"Anhui Honglu Steel Construction (Group) Co., Ltd."
301682.SZ,"Chengdu Hongming Electronics Co., Ltd."
300184.SZ,"Wuhan P&S Information Technology Co., Ltd."
000422.SZ,"Hubei Yihua Chemical Industry Co., Ltd."
301267.SZ,"Huaxia Eye Hospital Group Co.,Ltd."
000905.SZ,"Xiamen Port Development Co., Ltd."
000089.SZ,"Shenzhen Airport Co., Ltd."
300342.SZ,"Changshu Tianyin Electromechanical Co.,Ltd"
000612.SZ,"JiaoZuo WanFang Aluminum Manufacturing Co., Ltd"
002226.SZ,"Anhui Jiangnan Chemical Industry Co.,Ltd."
300855.SZ,"Jiangsu ToLand Alloy Co.,Ltd"
000656.SZ,"Jinke Property Group Co., Ltd."
301529.SZ,"WuHu Foresight Technology Co.,Ltd."
301005.SZ,"Essence Fastening Systems (Shanghai) Co., Ltd."
002010.SZ,"Transfar Zhilian Co., Ltd."
002946.SZ,"New Hope Dairy Co., Ltd."
301655.SZ,"Suzhou Lvkon Transmission Technology Co., Ltd."
301369.SZ,"PowerTECH Co., Ltd."
301363.SZ,MeHow Innovative Ltd.
301500.SZ,"Guangdong Feinan Resources Recycling Co., Ltd"
002507.SZ,"Chongqing Fuling Zhacai Group Co., Ltd."
301047.SZ,"Sino Biological,Inc."
002003.SZ,"Zhejiang Weixing Industrial Development Co., Ltd."
002366.SZ,"RongFa Nuclear Equipment Co., Ltd."
000998.SZ,"Yuan Long Ping High-Tech Agriculture Co., Ltd."
300182.SZ,"Beijing Jetsen Technology Co., Ltd"
300133.SZ,"Zhejiang Huace Film & TV Co., Ltd."
301489.SZ,"GuangDong Suqun New Material Co.,Ltd."
300769.SZ,"Shenzhen Dynanonic Co., Ltd"
301015.SZ,Qingdao Baheal Medical INC.
300428.SZ,"Lizhong Sitong Light Alloys Group Co., Ltd."
000592.SZ,Zhongfu Straits (Pingtan) Development Company Limited
002607.SZ,"Offcn Education Technology Co., Ltd."
002167.SZ,"Guangdong Orient Zirconic Ind Sci & Tech Co.,Ltd"
002091.SZ,"Jiangsu Guotai International Group Co., Ltd."
300693.SZ,"Shenzhen Sinexcel Electric Co.,Ltd."
000799.SZ,"Jiugui Liquor Co., Ltd."
001308.SZ,"Shenzhen KTC Technology Co., Ltd."
001258.SZ,"Xinjiang Lixin Energy Co., LTD."
002534.SZ,"Xizi Clean Energy Equipment Manufacturing Co., Ltd."
300100.SZ,"Shuanglin Co., Ltd."
301150.SZ,Hubei Zhongyi Technology Inc.
300913.SZ,"Zhejiang Zhaolong Interconnect Technology Co.,Ltd."
300070.SZ,"Beijing Originwater Technology Co., Ltd."
301127.SZ,"Wuhan Tianyuan Group Co., Ltd."
300034.SZ,"Gaona Aero Material Co.,Ltd."
300455.SZ,"Beijing Aerospace Shenzhou Intelligent Equipment Technology Co., Ltd."
002896.SZ,"Ningbo ZhongDa Leader Intelligent Transmission Co., Ltd."
001227.SZ,"Bank of Lanzhou Co., Ltd."
002458.SZ,"Shandong Yisheng Livestock & Poultry Breeding Co., Ltd."
300459.SZ,"Zhejiang Jinke Tom Culture Industry Co., LTD."
200553.SZ,ADAMA Ltd.
301312.SZ,"Shenzhen iN-Cube Automation Co., Ltd."
300529.SZ,"Jafron Biomedical Co.,Ltd."
002978.SZ,"Sichuan Anning Iron and Titanium Co.,Ltd."
002698.SZ,"Harbin Boshi Automation Co., Ltd."
300468.SZ,"Shenzhen Forms Syntron Information Co.,Ltd."
300357.SZ,"Zhejiang Wolwo Bio-Pharmaceutical Co., Ltd."
300331.SZ,"SVG Tech Group Co.,Ltd."
000553.SZ,ADAMA Ltd.
002701.SZ,"ORG Technology Co., Ltd."
301589.SZ,"Xi'an NovaStar Tech Co., Ltd."
002182.SZ,"Baowu Magnesium Technology Co., Ltd."
002847.SZ,"YanKer shop Food Co.,Ltd"
000719.SZ,"Central China Land Media CO.,LTD"
002990.SZ,Maxvision Technology Corp.
000758.SZ,"China Nonferrous Metal Industry's Foreign Engineering and Construction Co.,Ltd."
002867.SZ,"Chow Tai Seng Jewellery Co., Ltd."
002643.SZ,"Valiant Co.,Ltd"
002842.SZ,"Guangdong Xianglu Tungsten Co., Ltd."
000061.SZ,"Shenzhen Agricultural Power Group Co.,Ltd"
002987.SZ,"Northking Information Technology Co., Ltd."
300969.SZ,"NINGBO HENGSHUAI Co., LTD."
000567.SZ,"Hainan Haide Capital Management Co., Ltd."
002060.SZ,"Guangdong Construction Engineering Group Co., Ltd."
002373.SZ,"China Transinfo Technology Co., Ltd"
300674.SZ,"Yusys Technologies Co., Ltd."
000949.SZ,"Xinxiang Chemical Fiber Co., Ltd."
000762.SZ,Xizang Mineral Development Co. LTD
300328.SZ,"Dongguan Eontec Co., Ltd."
300671.SZ,"Shenzhen Fine Made Electronics Group Co., Ltd."
002292.SZ,Alpha Group
300191.SZ,"Sino Geophysical Co., Ltd"
300820.SZ,"Sichuan Injet Electric Co., Ltd."
301238.SZ,"Jiangsu Ruitai New Energy Materials Co., Ltd."
002268.SZ,"CETC Cyberspace Security Technology Co., Ltd."
300480.SZ,"GL Tech Co.,Ltd"
002139.SZ,"Shenzhen Topband Co., Ltd."
002092.SZ,"Xinjiang Zhongtai Chemical Co., Ltd."
301291.SZ,"Guangdong Mingyang Electric Co.,Ltd."
002617.SZ,"Roshow Technology Co., Ltd."
002183.SZ,Eternal Asia Supply Chain Management Ltd.
002096.SZ,"Explosive Co., Ltd."
000801.SZ,"Sichuan Jiuzhou Electronic Co., Ltd."
002416.SZ,"Shenzhen Aisidi Co., Ltd."
002354.SZ,"Tianyu Digital Technology Group Co.,Ltd."
002755.SZ,"Beijing Aosaikang Pharmaceutical Co., Ltd."
000534.SZ,"Wedge Industrial Co.,Ltd."
301531.SZ,"Shandong Chunguang Technology Group Co., Ltd."
002654.SZ,"Shenzhen Mason Technologies Co.,Ltd"
300353.SZ,"Kyland Technology Co., Ltd."
300576.SZ,"Shenzhen RongDa Photosensitive Science & Technology Co., Ltd."
000065.SZ,NORINCO International Cooperation Ltd.
002838.SZ,"Shandong Dawn Polymer Co.,Ltd."
002174.SZ,"YOOZOO Interactive Co., Ltd."
300951.SZ,"Shenzhen Bsc Technology Co.,Ltd."
003043.SZ,"Suzhou Huaya Intelligence Technology Co., Ltd."
301571.SZ,"Teemsun Technology Co.,Ltd"
000028.SZ,China National Accord Medicines Corporation Ltd.
000697.SZ,"Ligeance Aerospace Technology Co.,Ltd."
002287.SZ,"Tibet Cheezheng Tibetan Medicine Co., Ltd."
301177.SZ,DR Corporation Limited
000908.SZ,"CSPC Hunan Jingfeng Pharmaceutical Co., Ltd."
300229.SZ,"TRS Information Technology Co., Ltd."
002741.SZ,"Guangdong Guanghua Sci-Tech Co., Ltd."
300382.SZ,"Suzhou SLAC Precision Equipment CO.,Ltd."
000048.SZ,"Shenzhen Kingkey Smart Agriculture Times Co.,Ltd"
200028.SZ,China National Accord Medicines Corporation Ltd.
300244.SZ,"Dian Diagnostics Group Co.,Ltd."
300775.SZ,"Xi'an Triangle Defense Co.,Ltd"
300049.SZ,"Inner Mongolia Furui Medical Science Co., Ltd."
002585.SZ,"Jiangsu Shuangxing Color Plastic New Materials Co., Ltd."
300171.SZ,"Tofflon Science and Technology Group Co., Ltd."
002703.SZ,Zhejiang Shibao Company Limited
301021.SZ,"Inno Laser Technology Co., Ltd."
002881.SZ,"MeiG Smart Technology Co., Ltd"
301371.SZ,"Harbin Fuerjia Technology Co., Ltd."
000681.SZ,"Visual China Group Co.,Ltd."
000815.SZ,"MCC Meili Cloud Computing Industry Investment Co., Ltd"
300446.SZ,"Aerospace Intelligent Manufacturing Technology Co., Ltd."
002031.SZ,Greatoo Intelligent Equipment Inc.
301665.SZ,"CAC Nantong Chemical Co., Ltd."
300130.SZ,XGD Inc.
002258.SZ,"Lier Chemical Co.,LTD."
002597.SZ,"Anhui Jinhe Industrial Co.,Ltd."
301510.SZ,"Googol Technology Co., Ltd."
002400.SZ,"Guangdong Advertising Group Co.,Ltd"
000810.SZ,"Skyworth Digital Co., Ltd."
301366.SZ,"Shenzhen Edadoc Technology Co.,Ltd."
300363.SZ,Porton Pharma Solutions Ltd.
300065.SZ,"Beijing Highlander Digital Technology Co., Ltd."
002217.SZ,"Holitech Technology Co., Ltd."
002531.SZ,"Titan Wind Energy (Suzhou) Co.,Ltd"
003036.SZ,"Zhejiang Taitan Co.,Ltd."
000035.SZ,China Tianying Inc.
002807.SZ,"Jiangsu Jiangyin Rural Commercial Bank Co.,LTD."
300118.SZ,"Risen Energy Co.,Ltd."
300861.SZ,Yangling Metron New Material Inc.
301307.SZ,Chongqing Millison Technologies INC.
301630.SZ,"Tongyu Advanced Materials (Guangdong) Co., LTD"
002170.SZ,"Shenzhen Batian Ecotypic Engineering Co., Ltd."
002246.SZ,"North Chemical Industries Co., Ltd."
002544.SZ,"Cetc Potevio Science&Technology Co.,Ltd."
300618.SZ,"Nanjing Hanrui Cobalt Co.,Ltd."
002718.SZ,"Zhejiang Youpon Integrated Ceiling Co.,Ltd."
301087.SZ,"Cofoe Medical Technology Co.,Ltd."
002011.SZ,"Zhejiang Dun'an Artificial Environment Co., Ltd"
300687.SZ,"Guangzhou Sie Consulting Co., Ltd."
002024.SZ,"Suning.com Co., Ltd."
000990.SZ,"Chengzhi Co., Ltd."
300725.SZ,"PharmaBlock Sciences (Nanjing), Inc."
300377.SZ,"Shenzhen Ysstech Info-Tech Co.,Ltd"
000550.SZ,"Jiangling Motors Corporation, Ltd."
200550.SZ,"Jiangling Motors Corporation, Ltd."
000901.SZ,"Aerospace Hi-Tech Holding Group Co., Ltd."
301678.SZ,HENGHUI Technology Corporation Limited
300185.SZ,"Tongyu Heavy Industry Co., Ltd."
002897.SZ,"Wenzhou Yihua Connector Co., Ltd."
002289.SZ,"Shenzhen Success Electronics Co., Ltd"
300113.SZ,"Hangzhou Shunwang Technology Co,Ltd"
300863.SZ,"Ningbo KBE Electrical Technology Co.,Ltd."
300868.SZ,"Shenzhen Jame Technology Corp., Ltd."
002839.SZ,"Jiangsu Zhangjiagang Rural Commercial Bank Co., Ltd"
301382.SZ,"Fengzhushou Co., Ltd."
000767.SZ,"Jinneng Holding Shanxi Electric Power Co.,LTD."
301373.SZ,"GuangZhou LingWe Technology Co., Ltd."
301207.SZ,Hualan Biological Vaccine Inc.
000839.SZ,"CITIC Guoan Information Industry Co., Ltd."
300315.SZ,"Ourpalm Co., Ltd."
301293.SZ,Sanbo Hospital Management Group Limited
000690.SZ,"Guangdong Baolihua New Energy Stock Co., Ltd."
300008.SZ,"Bestway Marine & Energy Technology Co.,Ltd"
301629.SZ,"Sidea Semiconductor Equipment (Shenzhen) Co., Ltd."
002706.SZ,"Shanghai Liangxin Electrical Co.,LTD."
002675.SZ,"Yantai Dongcheng Pharmaceutical Group Co.,Ltd."
002315.SZ,"Focus Technology Co., Ltd."
300224.SZ,"Yantai Zhenghai Magnetic Material Co., Ltd."
000099.SZ,"CITIC Offshore Helicopter Co., Ltd."
002020.SZ,"Zhejiang Jingxin Pharmaceutical Co., Ltd."
000880.SZ,"Weichai Heavy Machinery Co., Ltd."
000510.SZ,"Sichuan Xinjinlu Group Co., Ltd."
002348.SZ,"Goldlok Holdings(Guangdong) Co.,Ltd."
300376.SZ,"East Group Co.,Ltd"
000923.SZ,"HBIS Resources Co., Ltd."
002051.SZ,"China CAMC Engineering Co., Ltd."
000828.SZ,"Dongguan Development (Holdings) Co., Ltd."
002967.SZ,"GRG Metrology & Test Group Co., Ltd."
002043.SZ,"DeHua TB New Decoration Material Co.,Ltd"
002019.SZ,"Yifan Pharmaceutical Co., Ltd."
001393.SZ,"Beijing Victory Electric Co.,Ltd."
002216.SZ,"Sanquan Food Co., Ltd."
300263.SZ,"Longhua Technology Group Co.,Ltd."
002668.SZ,"Guangdong TCL Smart Home Appliances Co., Ltd."
002276.SZ,"Zhejiang Wanma Co., Ltd."
002922.SZ,"Eaglerise Electric & Electronic (China) Co., Ltd"
002254.SZ,"Tayho Advanced Materials Group Co., Ltd."
300204.SZ,"Staidson (Beijing) BioPharmaceuticals Co., Ltd."
000555.SZ,Digital China Information Service Group Company Ltd.
000837.SZ,"Qinchuan Machine Tool & Tool Group Share Co., Ltd."
300976.SZ,"Dongguan Tarry Electronics Co.,Ltd"
301109.SZ,"Hunan Junxin Environmental Protection Co., Ltd."
002063.SZ,YGSOFT Inc.
002993.SZ,"Dongguan Aohai Technology Co., Ltd."
300682.SZ,"Longshine Technology Group Co., Ltd."
000727.SZ,"TPV Technology Co., Ltd."
002626.SZ,Xiamen Kingdomway Group Company
300026.SZ,"Tianjin Chase Sun Pharmaceutical Co.,Ltd"
300910.SZ,"Xinxiang Richful Lube Additive Co.,Ltd."
002413.SZ,"Beijing LeiKe Defense Technology Co., Ltd."
300850.SZ,"Luoyang Xinqianglian Slewing Bearing Co., Ltd."
002338.SZ,"Changchun UP Optotech Co.,Ltd."
301216.SZ,"Wankai New Materials Co., Ltd."
002865.SZ,"Hainan Drinda New Energy Technology Co., Ltd."
301090.SZ,"China Resources Chemical Innovative Materials Co., Ltd."
301607.SZ,"Zhejiang EV-Tech Co.,Ltd."
002635.SZ,"Suzhou Anjie Technology Co., Ltd."
000403.SZ,"Pacific Shuanglin Bio-pharmacy Co., Ltd."
300007.SZ,Hanwei Electronics Group Corporation
000700.SZ,"Jiangnan Mould & Plastic Technology Co., Ltd."
002931.SZ,"Zhejiang Fenglong Electric Co., Ltd."
300486.SZ,"OMH SCIENCE Group Co., Ltd"
000917.SZ,"Hunan TV & Broadcast Intermediary Co., Ltd."
002100.SZ,TECON BIOLOGY Co.LTD
301563.SZ,"ICkey (Shanghai) Internet and Technology Co.,Ltd."
300790.SZ,"DongGuan YuTong Optical Technology Co.,Ltd."
002204.SZ,"Dalian Huarui Heavy Industry Group Co., LTD."
002297.SZ,"Hunan Boyun New Materials Co.,Ltd"
002251.SZ,"Better Life Commercial Chain Share Co.,Ltd"
301658.SZ,"Shenzhen SOFARSOLAR Co., Ltd."
002215.SZ,"Shenzhen Noposion Crop Science Co., Ltd."
002387.SZ,Visionox Technology Inc.
000536.SZ,"Hua Ying Technology (Group) Co.,Ltd."
300580.SZ,"Wuxi Best Precision Machinery Co., Ltd."
300595.SZ,Autek China Inc.
301232.SZ,"Finework (Hu Nan) New Energy Technology Co., Ltd"
002324.SZ,"Shanghai Pret Composites Co., Ltd."
300777.SZ,"Sinofibers Technology Co., Ltd."
000922.SZ,"Harbin Electric Corporation Jiamusi Electric Machine CO.,Ltd"
300181.SZ,"Zhejiang Jolly Pharmaceutical Co.,LTD"
300303.SZ,"Shenzhen Jufei Optoelectronics Co., Ltd."
300159.SZ,"Xinjiang Machinery Research Institute Co., Ltd."
002580.SZ,"Shandong Sacred Sun Power Sources Co.,Ltd"
301091.SZ,"Shenzhen Urban Transport Technology Group Co., Ltd."
002361.SZ,"Anhui Shenjian New Materials Co.,Ltd"
301566.SZ,"Dalian Dalicap Technology Co.,Ltd."
000795.SZ,"Innuovo Technology Co., Ltd."
002181.SZ,"Guangdong Guangzhou Daily Media Co., Ltd."
301263.SZ,"Guangdong Taienkang Pharmaceutical Co., Ltd."
002882.SZ,"Jinlongyu Group Co., Ltd."
002062.SZ,"Hongrun Construction Group Co., Ltd."
300909.SZ,"Shenzhen Hui Chuang Da Technology Co., Ltd."
300304.SZ,"Jiangsu Yunyi Electric Co.,Ltd."
002761.SZ,"Zhejiang Construction Investment Group Co.,Ltd"
002061.SZ,"Zhejiang Communications Technology Co., Ltd."
300499.SZ,"Guangzhou Goaland Energy Conservation Tech. Co., Ltd."
002283.SZ,"Tianrun Industry Technology Co., Ltd."
000006.SZ,"Shenzhen Zhenye (Group) Co.,Ltd."
002293.SZ,"Luolai Lifestyle Technology Co., Ltd."
000401.SZ,"BBMG Jidong Cement Group Co., Ltd"
300596.SZ,Rianlon Corporation
002017.SZ,Eastcompeace Technology Co.Ltd
300862.SZ,"Anhui Landun Photoelectron Co., Ltd."
002961.SZ,"Ruida Futures Co.,Ltd."
301099.SZ,"Shanghai Yct Electronics Group Co.,Ltd"
301061.SZ,MotoMotion China Corporation
000031.SZ,"Grandjoy Holdings Group Co., Ltd."
301458.SZ,"Juneway Electronic Technology Co., Ltd."
002041.SZ,"ShanDongDenghai Seeds Co.,Ltd"
002549.SZ,"Hunan Kaimeite Gases Co., Ltd."
000899.SZ,"Jiangxi Ganneng Co., Ltd."
002515.SZ,"Jinzi Ham Co.,Ltd."
301013.SZ,"Shenzhen Lihexing Co.,Ltd."
300483.SZ,"Sino Prima Gas Technology Co., Ltd."
300768.SZ,"Hangzhou DPtech Technologies Co.,Ltd."
301188.SZ,"Shandong Linuo Pharmaceutical Packaging Co., Ltd."
002169.SZ,"Guangzhou Zhiguang Electric Co.,Ltd."
000950.SZ,"C.Q. Pharmaceutical Holding Co., Ltd."
000823.SZ,"Guangdong Goworld Co., Ltd."
300420.SZ,"Jiangsu Wuyang Automation Control Technology Co., Ltd."
000516.SZ,Xi'an International Medical Investment Company Limited
301310.SZ,"Wuxi Xinhongye Wire & Cable Co., Ltd."
300846.SZ,"Capitalonline Data Service Co., Ltd."
000761.SZ,"Bengang Steel Plates Co., Ltd."
200761.SZ,"Bengang Steel Plates Co., Ltd."
300035.SZ,"Hunan Zhongke Electric Co., Ltd."
301381.SZ,"Sailvan Times Co., Ltd."
002083.SZ,"Sunvim Group Co.,Ltd"
000420.SZ,"Jilin Chemical Fibre Stock Co.,Ltd"
301421.SZ,"Nanjing Wavelength Opto-Electronic Science & Technology Co.,Ltd."
301584.SZ,"Shanghai C&D INNOSTIC Medical Technology Group Co., Ltd."
002713.SZ,"Dong Yi Ri Sheng Home Decoration Group Co.,Ltd."
002437.SZ,"HARBIN GLORIA PHARMACEUTICALS Co., LTD"
002937.SZ,"Ningbo Sunrise Elc Technology Co.,Ltd"
002557.SZ,"Chacha Food Company, Limited"
003010.SZ,"Guangzhou Ruoyuchen Technology Co.,Ltd."
001914.SZ,"China Merchants Property Operation & Service Co., Ltd."
002943.SZ,"Hunan Yujing Machinery Co.,Ltd"
000930.SZ,"COFCO Biotechnology Co., Ltd."
002639.SZ,"Fujian Snowman Group Co., Ltd."
002392.SZ,"Beijing Lier High-temperature Materials Co.,Ltd."
002426.SZ,"Suzhou Victory Precision Manufacture Co., Ltd."
002511.SZ,"C&S Paper Co.,Ltd"
002243.SZ,"Shenzhen Leaguer Co., Ltd."
301248.SZ,Nexwise Intelligence China Limited
300842.SZ,"Wuxi DK Electronic Materials Co.,Ltd."
002705.SZ,"Guangdong Xinbao Electrical Appliances Holdings Co., Ltd"
300005.SZ,"Toread Holdings Group Co., Ltd."
000049.SZ,"Shenzhen Desay Battery Technology Co., Ltd."
300415.SZ,"Yizumi Holdings Co., Ltd."
300497.SZ,"Jiangxi Fushine Pharmaceutical Co., Ltd."
301488.SZ,"Longhorn Auto Co., Ltd."
300938.SZ,"EMTEK (Shenzhen) Co., Ltd."
301078.SZ,"Kidswant Digital Technology Co., Ltd."
002588.SZ,"Stanley Agriculture Group Co.,Ltd."
002970.SZ,"Streamax Technology Co., Ltd."
002309.SZ,"Jiangsu Zhongli Group Co.,Ltd"
002891.SZ,"Yantai China Pet Foods Co., Ltd."
002960.SZ,"Jade Bird Fire Co., Ltd."
002004.SZ,"Huapont Life Sciences Co.,Ltd."
002351.SZ,"Edifier Technology Co., Ltd."
002277.SZ,"Hunan Friendship&Apollo Commercial Co.,Ltd."
300624.SZ,"Wondershare Technology Group Co., Ltd."
300109.SZ,Boai NKY Medical Holdings Ltd.
002221.SZ,"Oriental Energy Co., Ltd."
301251.SZ,"Jiangxi Welgao Electronics Co., Ltd."
301600.SZ,"Flaircomm Microelectronics, Inc."
300188.SZ,"SDIC Intelligence Information Technology Co., Ltd."
300031.SZ,"Wuxi Boton Technology Co., Ltd."
300276.SZ,"SanFeng Intelligent Equipment Group Co., Ltd."
301155.SZ,"Jiangsu Haili Wind Power Equipment Technology Co., Ltd."
301617.SZ,"Shandong Boyuan Pharmaceutical & Chemical Co., Ltd."
301662.SZ,"Ongoal Technology Co., Ltd."
002346.SZ,"Shanghai Zhezhong Group Co.,Ltd"
301209.SZ,"Longkou Union Chemical Co., Ltd."
002565.SZ,"Shanghai Shunho New Materials Technology Co.,Ltd."
002214.SZ,"Zhe Jiang Dali Technology Co.,Ltd"
000829.SZ,"Telling Telecommunication Holding Co.,Ltd"
002971.SZ,"Hubei Heyuan Gas Co.,Ltd."
001208.SZ,"Hunan Valin Wire & Cable Co.,Ltd."
002651.SZ,"Chengdu Leejun Industrial Co., Ltd."
000712.SZ,Guangdong Golden Dragon Development Inc.
301191.SZ,"Shenzhen Phoenix Telecom Technology Co.,Ltd."
000869.SZ,Yantai Changyu Pioneer Wine Company Limited
200869.SZ,Yantai Changyu Pioneer Wine Company Limited
300772.SZ,"Windey Energy Technology Group Co., Ltd."
300072.SZ,"Beijing Haixin Energy Technology Co.,Ltd."
002233.SZ,"Guangdong Tapai Group Co., Ltd."
002985.SZ,"Beijing Beimo High-tech Frictional Material Co.,Ltd"
002115.SZ,Sunwave Communications Co.Ltd
000848.SZ,Cheng De Lolo Company Limited
301522.SZ,"ZhongHe Shangda Aeronautic Materials Co., Ltd."
002730.SZ,"Dianguang Explosion-proof Technology Co.,Ltd."
002053.SZ,"Yunnan Energy Investment Co., Ltd."
300298.SZ,Sinocare Inc.
002759.SZ,"Tonze New Energy Technology Co.,Ltd."
000980.SZ,"Zotye Automobile Co., Ltd"
300741.SZ,"Huabao Technology Co., Ltd."
002445.SZ,"Jiangyin Zhongnan Heavy Industries Co.,Ltd"
300634.SZ,"Richinfo Technology Co., Ltd."
002345.SZ,"Guangdong Chj Industry Co.,Ltd."
300180.SZ,"Huafon Microfibre (Shanghai) Co., Ltd."
002368.SZ,Taiji Computer Corporation Limited
300151.SZ,"Shenzhen Changhong Technology Co., Ltd."
000751.SZ,"Huludao Zinc Industry Co.,Ltd."
301189.SZ,"Shenzhen Aoni Electronic Co., Ltd."
002332.SZ,"Zhejiang Xianju Pharmaceutical Co., Ltd."
002119.SZ,"Ningbo Kangqiang Electronics Co., Ltd"
301328.SZ,"WCON Electronics Co., Ltd."
300145.SZ,"Nanfang Pump Industry Co., Ltd."
000012.SZ,"CSG Holding Co., Ltd."
200012.SZ,"CSG Holding Co., Ltd."
300740.SZ,"SYoung Group Co., Ltd."
002550.SZ,"Changzhou Qianhong Biopharma CO.,LTD"
000676.SZ,"Genimous Technology Co., Ltd."
002208.SZ,"Hefei Urban Construction Development Co., Ltd"
002121.SZ,"Shenzhen Clou Electronics Co., Ltd."
002104.SZ,"Hengbao Co.,Ltd."
300766.SZ,"Merit Interactive Co.,Ltd."
002249.SZ,"Zhongshan Broad-Ocean Motor Co., Ltd."
002958.SZ,"Qingdao Rural Commercial Bank Co., Ltd."
000528.SZ,"Guangxi Liugong Machinery Co., Ltd."
301362.SZ,"Up-shine Lighting Co., Limited"
002439.SZ,Venustech Group Inc.
301316.SZ,"Hydsoft Technology Co.,Ltd."
300735.SZ,"DBG Technology Co., Ltd."
000050.SZ,"Tianma Microelectronics Co., Ltd."
300440.SZ,"Chengdu Yunda Technology Co., Ltd."
301580.SZ,"Aidite (Qinhuangdao) Technology Co., Ltd."
002039.SZ,"GuiZhou QianYuan Power Co., Ltd."
300348.SZ,"Shenzhen Sunline Tech Co., Ltd."
300322.SZ,"Huizhou Speed Wireless Technology Co.,Ltd."
300053.SZ,"Zhuhai Aerospace Microchips Science & Technology Co., Ltd."
002173.SZ,"Innovative Medical Management Co.,Ltd."
300633.SZ,SonoScape Medical Corp.
001233.SZ,"Haian Rubber Group Co., Ltd."
002533.SZ,"Gold cup Electric Apparatus Co.,Ltd."
003013.SZ,"Guangzhou Metro Design & Research Institute Co., Ltd."
301376.SZ,"Ziel Home Furnishing Technology Co., Ltd."
301631.SZ,"Shenzhen Uniconn Technology Co., Ltd."
002721.SZ,"Beijing Kingee Culture Development Co., Ltd."
301357.SZ,"North Long Dragon New Materials Tech Co., Ltd."
000722.SZ,"Hunan Development Group Co., Ltd."
002075.SZ,"Jiangsu Shagang Co., Ltd."
001323.SZ,"De Rucci Healthy Sleep Co., Ltd."
301280.SZ,"Zhejiang ZUCH Technology Co., Ltd"
002099.SZ,"Zhejiang Hisoar Pharmaceutical Co., Ltd."
002272.SZ,"Sichuan Crun Co., Ltd"
001285.SZ,"Guangzhou Ruili Kormee Automotive Electronic Co., Ltd."
300378.SZ,"Digiwin Co., Ltd."
301070.SZ,"Kale Environment Technology (Shanghai) Co., Ltd."
300129.SZ,"TSP Wind Power Group Co., Ltd."
002150.SZ,"Jiangsu Chint Power Technology Co., Ltd."
002125.SZ,"Xiangtan Electrochemical Scientific Co.,Ltd"
300337.SZ,"Yinbang Clad Material Co.,Ltd"
002681.SZ,"Shenzhen Fenda Technology Co., Ltd."
000059.SZ,"North Huajin Chemical Industries Co.,Ltd"
301225.SZ,"Hengbo Holdings Co.,Ltd."
301680.SZ,"Goode EIS (Suzhou) Corp., Ltd."
300127.SZ,"Chengdu Galaxy Magnets Co.,Ltd."
300101.SZ,"Chengdu CORPRO Technology Co.,Ltd."
301565.SZ,"Sinolong New Materials Co., Ltd."
301520.SZ,"Anhui Wanbang Pharmaceutical Technology Co.,Ltd."
301551.SZ,"Hebei Broadcasting Wireless Media Co., Ltd."
000593.SZ,"Delong Composite Energy Group Co., Ltd."
000533.SZ,"Guangdong Shunna Electric Co., Ltd"
002928.SZ,"China Express Airlines Co.,LTD"
000818.SZ,"Hangjin Technology Co., Ltd."
002941.SZ,"Xinjiang Communications Construction Group Co., Ltd."
002818.SZ,"Chengdu Fusen Noble-House Industrial Co.,Ltd."
300327.SZ,Sino Wealth Electronic Ltd.
002488.SZ,Zhejiang Jingu Company Limited
002267.SZ,"Shaanxi Provincial Natural Gas Co.,Ltd"
300042.SZ,"Netac Technology Co., Ltd."
300222.SZ,"CSG Smart Science&Technology Co.,Ltd."
002955.SZ,"Hitevision Co., Ltd."
300444.SZ,"Beijing SOJO Electric Co., Ltd."
300045.SZ,Hwa Create Corporation
300252.SZ,"Kingsignal Technology Co., Ltd."
301559.SZ,"CIMC Safeway Technologies Co., Ltd."
000885.SZ,CEVIA Enviro Inc.
001237.SZ,"Ningbo Hicon Industry Technology Co., Ltd."
003040.SZ,"Chutian Dragon Co., Ltd."
002030.SZ,"Daan Gene Co., Ltd."
000860.SZ,"Beijing Shunxin Agriculture Co.,Ltd"
002350.SZ,"Beijing Creative Group Co., Ltd."
002516.SZ,"Kuangda Technology Group Co., Ltd."
000859.SZ,"Anhui Guofeng New Materials Co., Ltd."
002097.SZ,"Sunward Intelligent Equipment Co., Ltd."
003009.SZ,"Shaanxi Zhongtian Rocket Technology Co., Ltd."
300098.SZ,"Gosuncn Technology Group Co., Ltd."
002572.SZ,"Suofeiya Home Collection Co., Ltd."
300401.SZ,"Zhejiang Garden Biopharmaceutical Co.,Ltd."
300706.SZ,"Fujian Acetron New Materials Co., Ltd."
301262.SZ,"Hicon Network Technology (Shandong) Co.,Ltd."
301327.SZ,"Shenzhen Hello Tech Energy Co., Ltd."
301179.SZ,"Jiangsu Zeyu Intelligent Power Co.,Ltd."
300516.SZ,"Hubei Jiuzhiyang Infrared System Co., Ltd"
002737.SZ,"Sunflower Pharmaceutical Group Co., Ltd."
300770.SZ,"Guangdong Southern New Media Co.,Ltd."
002446.SZ,"Guangdong Shenglu Telecommunication Tech. Co., Ltd."
000019.SZ,"Shenzhen Cereals Holdings Co.,Ltd."
200019.SZ,"Shenzhen Cereals Holdings Co.,Ltd."
002803.SZ,"Xiamen Jihong Co., Ltd"
301413.SZ,"Shenzhen Ampron Technology Co., Ltd."
000650.SZ,"Renhe Pharmacy Co.,Ltd"
300400.SZ,"Shenzhen JT Automation Equipment Co.,Ltd"
002386.SZ,"Yibin Tianyuan Group Co., Ltd."
000756.SZ,Shandong Xinhua Pharmaceutical Company Limited
002833.SZ,"Guangzhou KDT Machinery Group Co., Ltd."
000026.SZ,"FIYTA Precision Technology Co., Ltd."
200026.SZ,"FIYTA Precision Technology Co., Ltd."
300709.SZ,"Jiangsu Gian Technology Co., Ltd."
300119.SZ,"Tianjin Ringpu Bio-Technology Co.,Ltd."
300872.SZ,"Tansun Technology Co., Ltd."
301326.SZ,"J.Pond Precision Technology Co., Ltd."
000989.SZ,"Jiuzhitang Co., Ltd."
001298.SZ,"Shenzhen Best of Best Holdings Co.,Ltd."
000498.SZ,"Shandong Hi-Speed Road&Bridge Group Co., Ltd."
300294.SZ,"China Resources Boya Bio-pharmaceutical Group Co.,Ltd"
300192.SZ,"Suzhou Kingswood Education Technology Co., Ltd."
002434.SZ,"Zhejiang Wanliyang Co., Ltd."
300482.SZ,"Guangzhou Wondfo Biotech Co.,Ltd"
300143.SZ,"INKON Life Technology Co., Ltd."
002785.SZ,"Xiamen Wanli Stone Stock Co.,Ltd"
002219.SZ,"New Journey Health Technology Group Co.,LTD"
002824.SZ,"Guangdong Hoshion Industrial Aluminium Co., Ltd."
301487.SZ,"Tianjin Guoan Mengguli New Materials Science & Technology Co., Ltd."
002885.SZ,"ShenzhenJingQuanHua Electronics Co.,Ltd."
301160.SZ,"Suzhou Xianglou New Material Co., Ltd."
300895.SZ,"Beijing Topnew Info & Tech Co., Ltd."
002135.SZ,"Zhejiang Southeast Space Frame Co., Ltd."
002239.SZ,"Aotecar New Energy Technology Co., Ltd."
002110.SZ,"Sansteel MinGuang Co.,Ltd.,Fujian"
000402.SZ,"Financial Street Holdings Co., Ltd."
300852.SZ,"Sihui Fuji Electronics Technology Co., Ltd."
300926.SZ,"Jiangsu Bojun Industrial Technology Co., Ltd"
002023.SZ,"Sichuan Haite High-tech Co.,Ltd"
002674.SZ,"Xingye Leather Technology Co., Ltd."
002810.SZ,"Shandong Head Group Co.,Ltd."
000928.SZ,"Sinosteel Engineering & Technology Co., Ltd."
300416.SZ,"Suzhou Sushi Testing Group Co.,Ltd."
300702.SZ,"Zhejiang Tianyu Pharmaceutical Co., Ltd."
002527.SZ,Shanghai STEP Electric Corporation
002782.SZ,"ShenZhen Click Technology Co.,LTD."
002213.SZ,"Shenzhen Dawei Innovation Technology Co., Ltd."
002303.SZ,"MYS Group Co., Ltd."
301176.SZ,"Ganzhou Yihao New Materials Co., Ltd."
003039.SZ,"Guangdong Shunkong Development Co.,Ltd."
301069.SZ,"Shandong Kaisheng New Materials Co.,Ltd."
002448.SZ,ZYNP Corporation
002471.SZ,"Jiangsu Zhongchao Holding Co., Ltd."
002342.SZ,"Juli Sling Co., Ltd."
002734.SZ,"Limin Group Co.,Ltd."
301306.SZ,"Xi'an Xice Testing Technology Co., Ltd."
300708.SZ,"Focus Lightings Tech Co., Ltd."
300641.SZ,"Jiangsu Zhengdan Chemical Industry Co., Ltd."
300700.SZ,"Changsha DIALINE New Material Sci.&Tech. Co., Ltd."
300731.SZ,"Shenzhen Cotran New Material Co.,Ltd."
300939.SZ,"Shenzhen AV-Display Co., Ltd."
301228.SZ,"SEP Analytical (Shanghai) Co., Ltd."
002275.SZ,"Guilin Sanjin Pharmaceutical Co., Ltd."
002108.SZ,"Cangzhou Mingzhu Plastic Co.,Ltd."
301365.SZ,"Matrix Design Co., Ltd."
000517.SZ,"Rongan Property Co.,Ltd."
002796.SZ,Suzhou Shijia Science & Technology Inc.
002106.SZ,"Shenzhen Laibao Hi-Tech Co., Ltd."
002034.SZ,"Wangneng Environment Co.,Ltd"
301050.SZ,"Chengdu RML Technology Co., Ltd."
301215.SZ,"CATARC Automotive Proving Ground Co.,Ltd."
000030.SZ,FAWER Automotive Parts Limited Company
200030.SZ,FAWER Automotive Parts Limited Company
002284.SZ,"Zhejiang Asia-Pacific Mechanical & Electronic Co.,Ltd"
002163.SZ,"Hainan Development HoldingsNanhai Co., Ltd."
002212.SZ,Topsec Technologies Group Inc.
002605.SZ,"Shanghai Yaoji Technology Co., Ltd."
301687.SZ,"Suzhou Xinguangyi Electronics Co., Ltd."
300566.SZ,"Ningbo Exciton Technology Co., Ltd."
300959.SZ,"Wuxi Online Offline Communication Information Technology Co., Ltd."
300834.SZ,"Rastar Environmental Protection Materials Co., Ltd."
301234.SZ,"Anhui Hongyu Wuzhou Medical Manufacturer Co.,LTD."
300168.SZ,"Wonders Information Co., Ltd"
300900.SZ,"Guanglian Aviation Industry Co., Ltd."
300841.SZ,"Chengdu Kanghua Biological Products Co., Ltd."
301592.SZ,"Sichuan 6912 Communication Technology Co.,Ltd."
300080.SZ,"Henan Yicheng New Energy Co., Ltd."
301568.SZ,"Xiamen Sinic-Tek Intelligent Technology Co., Ltd."
000544.SZ,"Zhongyuan Environmental Protection Co., Ltd."
000058.SZ,"Shenzhen SEG Co.,Ltd"
200058.SZ,"Shenzhen SEG Co.,Ltd"
301602.SZ,"Shantou Institute of Ultrasonic Instrument Co., Ltd."
301321.SZ,"Highbroad Advanced Material (Hefei) Co., Ltd."
002036.SZ,"LianChuang Electronic Technology Co.,Ltd"
000597.SZ,"Northeast Pharmaceutical Group Co., Ltd."
000755.SZ,"Shanxi Hi-speed Group Co., Ltd."
001314.SZ,"Emdoor Information CO.,LTD."
300091.SZ,"Jin Tong Ling Technology Group Co., Ltd."
301162.SZ,"State Power Rixin Technology Co., Ltd."
300227.SZ,"Shenzhen Sunshine Laser & Electronics Technology Co., Ltd."
002631.SZ,"Der Future Science and Technology Holding Group Co., Ltd."
002194.SZ,"Wuhan Fingu Electronic Technology Co., LTD."
002077.SZ,"Jiangsu Dagang Co., Ltd."
002438.SZ,"Jiangsu Shentong Valve Co., Ltd."
301282.SZ,"Camelot Electronics Technology Co.,Ltd."
002256.SZ,"ZETTA Group Co., Ltd."
001330.SZ,"Bona Film Group Co., Ltd."
301323.SZ,"Guangzhou Newlife New Material CO., LTD"
001311.SZ,"Chuzhou Duoli Automotive Technology Co., Ltd."
300985.SZ,"Changchun Zhiyuan New Energy Equipment Co., Ltd"
300685.SZ,"Amoy Diagnostics Co., Ltd."
000813.SZ,Dezhan Healthcare Company Limited
002093.SZ,"Guomai Technologies, Inc."
002708.SZ,Changzhou Nrb Corporation
301045.SZ,"Talant Optronics (Suzhou) Co., Ltd."
002452.SZ,"Changgao Electric Group Co., Ltd."
300697.SZ,"Jiangyin Electrical Alloy Co.,Ltd"
300153.SZ,"Shanghai Cooltech Power Co., Ltd."
300598.SZ,"ArcherMind Technology Co., Ltd."
301182.SZ,"Henan Carve Electronics Technology Co., Ltd."
002733.SZ,"Shenzhen Center Power Tech. Co., Ltd"
002528.SZ,Shenzhen Infinova Limited
300648.SZ,"Fujian Nebula Electronics Co., Ltd."
002014.SZ,"Huangshan Novel Co.,Ltd"
000631.SZ,Shunfa Hengneng Corporation
002006.SZ,"Zhejiang Jinggong Integration Technology Co., Ltd."
300520.SZ,"GuoChuang Software Co.,Ltd."
300341.SZ,"Motic (Xiamen) Electric Group Co.,Ltd"
300267.SZ,"Hunan Er-Kang Pharmaceutical Co., Ltd"
300819.SZ,"Jiangsu Jujie Microfiber Technology Group Co., Ltd."
002127.SZ,"NanJi E-Commerce Co., LTD"
001382.SZ,"Guangdong Xinyaguang Cable Co., Ltd."
300206.SZ,"Edan Instruments, Inc."
300393.SZ,"Jolywood (Suzhou) Sunwatt Co.,Ltd."
300406.SZ,"Beijing Strong Biotechnologies,Inc."
000968.SZ,Shanxi Blue Flame Holding Company Limited
002787.SZ,"Suzhou Hycan Holdings Co., Ltd."
300783.SZ,Three Squirrels Inc.
300997.SZ,"HUANLEJIA Food Group CO.,Ltd"
301667.SZ,"RNBC New Energy Co., Ltd."
002892.SZ,"Keli Motor Group Co., Ltd."
002650.SZ,"Jiajia Food Group Co.,Ltd"
002537.SZ,"HyUnion Holding Co.,Ltd"
300893.SZ,"Zhejiang Songyuan Automotive Safety Systems Co.,Ltd."
300174.SZ,"Fujian Yuanli Active Carbon Co.,Ltd."
002727.SZ,"Yixintang Pharmaceutical Group Co., Ltd."
000008.SZ,"China High-Speed Railway Technology Co., Ltd."
002057.SZ,"Sinosteel New Materials Co., Ltd."
000595.SZ,"Ningxia Guoyun New Energy Co., Ltd."
000503.SZ,"China Reform Health Management and Services Group Co., Ltd."
002907.SZ,"Chongqing Pharscin Pharmaceutical Co., Ltd."
000524.SZ,Guangzhou Lingnan Group Holdings Company Limited
002038.SZ,"Beijing SL Pharmaceutical Co., Ltd."
000796.SZ,"Caissa Tourism Group Co., Ltd."
000589.SZ,"Guizhou Tyre Co.,Ltd."
300467.SZ,"Sichuan Xunyou Network Technology Co., Ltd."
301628.SZ,"Shenzhen Q&D Circuits Co., Ltd."
300057.SZ,"Shantou Wanshun New Material Group Co., Ltd."
300196.SZ,"Jiangsu Changhai Composite Materials Co., Ltd"
002421.SZ,"Shenzhen Das Intellitech Co., Ltd."
000561.SZ,"Shaanxi Fenghuo Electronics Co., Ltd."
300075.SZ,"Beijing eGOVA Co,. Ltd"
002546.SZ,"Nanjing Xinlian Electronics Co., Ltd"
300284.SZ,JSTI Group
002380.SZ,"Nanjing Sciyon Wisdom Technology Group Co., Ltd."
300617.SZ,"Jiangsu Ankura Intelligent Electric Co., Ltd."
300283.SZ,"Wenzhou Hongfeng Electrical Alloy Co., Ltd."
300785.SZ,"Beijing Zhidemai Technology Co., Ltd."
300983.SZ,"Shanghai Urban Architecture Design Co., Ltd."
002935.SZ,"Chengdu Spaceon Electronics Co., Ltd."
300063.SZ,"Guangdong Tloong Technology Group Co.,Ltd"
002840.SZ,"Zhejiang Huatong Meat Products Co., Ltd."
002009.SZ,Miracle Automation Engineering Co.Ltd
300125.SZ,"Lingda Group Co., Ltd."
002678.SZ,"Guangzhou Pearl River Piano Group Co.,Ltd"
300493.SZ,"Shanghai Fortune Techgroup Co., Ltd."
000777.SZ,"SUFA Technology Industry Co., Ltd., CNNC"
000541.SZ,"Foshan Electrical and Lighting Co.,Ltd"
200541.SZ,"Foshan Electrical and Lighting Co.,Ltd"
002470.SZ,"Kingenta Ecological Engineering Group Co., Ltd."
001400.SZ,"Giansun Precision Technology Group Co., Ltd."
002412.SZ,"Hunan Hansen Pharmaceutical Co., Ltd."
001212.SZ,"Sinostone(Guangdong) Co.,Ltd."
300256.SZ,"Jiangxi Firstar Panel Technology Co.,Ltd."
301260.SZ,"Greenworks (Jiangsu) Co., Ltd."
002612.SZ,"Lancy Co., Ltd."
300358.SZ,Truking Technology Limited
300986.SZ,GETO New Materials Group Corporation Limited
000566.SZ,"Hainan Haiyao Co., Ltd."
001236.SZ,"Soho Holly Futures Co., Ltd."
000090.SZ,"Shenzhen Tagen Group Co., Ltd."
002052.SZ,"Shenzhen Coship Electronics Co., Ltd."
300981.SZ,"Zhonghong Pulin Medical Products Co., Ltd."
002255.SZ,"Suzhou Hailu Heavy Industry Co.,Ltd"
300681.SZ,"Zhuhai Enpower Electric Co.,Ltd."
300678.SZ,"Chengdu Information Technology of Chinese Academy of Sciences Co.,Ltd"
300221.SZ,"Guangdong Silver Age Sci & Tech Co.,Ltd."
300587.SZ,"Zhejiang Tiantie Science and Technology Co., Ltd."
000601.SZ,"GuangDong ShaoNeng Group Co., Ltd."
300265.SZ,"Jiangsu Tongguang Electronic Wire & Cable Co., Ltd."
002140.SZ,"East China Engineering Science and Technology Co., Ltd."
002951.SZ,"Sichuan Jinshi Technology Co.,Ltd"
300134.SZ,"Anhui Tatfook Technology Co., Ltd"
300079.SZ,"Sumavision Technologies Co.,Ltd."
301339.SZ,"Jiangsu Tongxingbao Intelligent Transportation Technology Co., Ltd."
300435.SZ,Hangzhou Zhongtai Cryogenic Technology Corporation
002638.SZ,"Dongguan Kingsun Optoelectronic Co.,Ltd."
300943.SZ,"Zhejiang Chunhui Intelligent Control Co., Ltd."
300006.SZ,"Chongqing Lummy Pharmaceutical Co., Ltd."
300226.SZ,"Shanghai Ganglian E-Commerce Holdings Co., Ltd."
002042.SZ,"Huafu Fashion Co., Ltd."
002123.SZ,"Montnets Cloud Technology Group Co., Ltd."
000025.SZ,"Shenzhen Tellus Holding Co., Ltd."
200025.SZ,"Shenzhen Tellus Holding Co., Ltd."
002540.SZ,"Jiangsu Asia-Pacific Light Alloy Technology Co., Ltd."
002242.SZ,"Joyoung Co.,Ltd"
000735.SZ,"Luoniushan Co., Ltd."
300815.SZ,"EIT Environmental Development Group Co.,Ltd"
300586.SZ,"Malion New Materials Co., Ltd."
002538.SZ,"Anhui Sierte Fertilizer Industry Ltd.,Company"
000572.SZ,"Haima Automobile Co.,Ltd"
300689.SZ,"Shenzhen Chengtian Weiye Technology Co., Ltd."
300540.SZ,"Sichuan Shudao Equipment & Technology Co.,Ltd."
300925.SZ,"Shenzhen Farben Information Technology Co.,Ltd."
002467.SZ,NET263 Ltd.
002424.SZ,"Guizhou Bailing Group Pharmaceutical Co., Ltd."
301153.SZ,"Beijing CTJ Information Technology Co., Ltd."
300905.SZ,"Poly Plastic Masterbatch (SuZhou) Co.,Ltd"
301683.SZ,"Guangzhou Human New Material Science and Technology Co., Ltd."
002697.SZ,"Chengdu Hongqi Chain Co.,Ltd."
300137.SZ,"Hebei Sailhero Environmental Protection High-tech Co.,Ltd"
301393.SZ,"Suzhou Highfine Biotech Co., Ltd."
300802.SZ,"Jutze Intelligence Technology Co.,Ltd"
300756.SZ,Guangdong Jinma Entertainment Corporation Limited
300579.SZ,"Beijing Certificate Authority Co.,Ltd."
300128.SZ,"Suzhou Jinfu Technology Co., Ltd."
002210.SZ,"Shenzhen Feima International Supply Chain Co., Ltd."
300189.SZ,"Hainan Shennong Seed Industry Technology Co., Ltd."
002519.SZ,"Jiangsu Yinhe Electronics Co.,Ltd."
300217.SZ,"Zhenjiang Dongfang Electric Heating Technology Co.,Ltd"
000881.SZ,"CGN Nuclear Technology Development Co., Ltd."
002664.SZ,"Xinzhi Group Co., Ltd."
301317.SZ,"Xinlei Compressor Co., Ltd."
300696.SZ,Chengdu ALD Aviation Manufacturing Corporation
300492.SZ,"Huatu Cendes CO., LTD"
002822.SZ,"Shenzhen Zhongzhuang Construction Group Co.,Ltd"
002992.SZ,"Shenzhen Baoming Technology Co.,Ltd."
002274.SZ,"Jiangsu Huachang Chemical Co., Ltd"
300525.SZ,Fujian Boss Software Corp.
002073.SZ,"Mesnac Co., Ltd."
002819.SZ,"Beijing Oriental Jicheng Co., Ltd."
002082.SZ,"Wanbangde Pharmaceutical Holding Group Co., Ltd."
301349.SZ,"Liaoning Xinde New Material Technology Co., Ltd."
300067.SZ,"Shanghai Anoky Group Co., Ltd"
000913.SZ,"Zhejiang Qianjiang Motorcycle Co., Ltd."
002067.SZ,"Zhejiang Jingxing Paper Joint Stock Co., Ltd."
300964.SZ,"Jiangsu Allfavor Intelligent Circuits Technology CO.,Ltd"
002489.SZ,"Yotrio Group Co., Ltd."
002478.SZ,"Jiangsu Changbao Steeltube Co.,Ltd"
002801.SZ,"Hangzhou Weiguang Electronic Co.,Ltd."
002206.SZ,"Zhejiang Hailide New Material Co.,Ltd"
002988.SZ,"Guangdong Haomei New Materials Co.,Ltd"
002141.SZ,"Infund Holding Co., Ltd."
002870.SZ,Guangdong Senssun Weighing Apparatus Group Ltd.
001322.SZ,"Arrow Home Group Co., Ltd."
002382.SZ,"Blue Sail Medical Co.,Ltd."
300809.SZ,"Hiecise Precision Equipment Co.,Ltd."
301408.SZ,"Anhui Huaren Health Pharmaceutical Co., Ltd."
300082.SZ,"Liaoning Oxiranchem,Inc."
301535.SZ,"Zhejiang Huayuan Auto Technology Co., Ltd."
002302.SZ,"China West Construction Group Co., Ltd"
301479.SZ,Guangdong Hongjing Optoelectronic Technology Inc.
000957.SZ,"Zhongtong Bus Holding Co.,LTD"
300307.SZ,"Ningbo Cixing Co.,Ltd."
001288.SZ,"Sichuan Zigong Conveying Machine Group Co., Ltd."
000912.SZ,Sichuan Lutianhua Company Limited By Shares
300443.SZ,"Jinlei Technology Co., Ltd."
002298.SZ,"Anhui ZhongDianXinLong Science and Technology Co., Ltd."
002997.SZ,"Rayhoo Motor Dies Co.,Ltd."
301101.SZ,"Mingyue Optical Lens Co.,Ltd."
300680.SZ,"Wuxi Longsheng Technology Co.,Ltd"
301148.SZ,"Xiamen Jiarong Technology Corp.,Ltd."
000551.SZ,"Create Technology & Science Co.,Ltd."
300343.SZ,"Lecron Industrial Development Group Co., Ltd."
301305.SZ,"Shenzhen Lions King Hi-Tech Co., Ltd"
300936.SZ,"Changzhou Zhongying Science & Technology Co., Ltd"
002132.SZ,"Henan Hengxing Science & Technology Co.,Ltd."
001210.SZ,"Kingfore Energy Group Co., Ltd."
300039.SZ,"Shanghai Kaibao Pharmaceutical CO.,Ltd"
002154.SZ,"Bxn Holding Co., Ltd."
300232.SZ,"Unilumin Group Co., Ltd"
000523.SZ,"Hongmian Zhihui Science and Technology Innovation Co.,Ltd.Guangzhou"
300197.SZ,"CECEP Techand Ecology&Environment Co.,Ltd."
300047.SZ,"Shenzhen Tianyuan DIC Information Technology Co., Ltd."
002349.SZ,"Jinghua Pharmaceutical Group Co., Ltd."
300324.SZ,"Beijing Watertek Information Technology Co., Ltd."
000615.SZ,"Jointown Aesthetics Valley Co., Ltd."
301003.SZ,"Jiangsu Boiln Plastics Co., Ltd."
002164.SZ,"Ningbo Donly Co.,Ltd"
002314.SZ,"Shenzhen New Nanshan Holding (Group) Co., Ltd."
300360.SZ,"Hangzhou Sunrise Technology Co.,Ltd."
300488.SZ,"EST Tools Co., Ltd"
002029.SZ,"Fujian Septwolves Industry Co., Ltd."
300946.SZ,"Hengerda New Materials (Fujian) Co., Ltd."
002695.SZ,"Jiangxi Huangshanghuang Group Food Co., Ltd."
301608.SZ,"Shenzhen Boshijie Technology Co., Ltd."
301322.SZ,"Guangdong Lvtong New Energy Electric Vehicle Technology Co., Ltd."
000531.SZ,Guangzhou Hengyun Enterprises Holding Ltd
300547.SZ,"Sichuan Chuanhuan Technology Co.,Ltd."
002752.SZ,Sunrise Group Company Limited
300722.SZ,"Jiangxi Xinyu Guoke Technology Co., Ltd"
000718.SZ,"Suning Universal Co.,Ltd"
300429.SZ,"Changzhou Tronly New Electronic Materials Co., Ltd."
002390.SZ,"Guizhou Xinbang Pharmaceutical Co., Ltd."
300203.SZ,"Focused Photonics (Hangzhou), Inc."
003006.SZ,"Chongqing Baiya Sanitary Products Co., Ltd."
300984.SZ,"Zhejiang JW Precision Machinery Co.,Ltd"
301230.SZ,"PharmaResources (Shanghai) Co., Ltd."
300041.SZ,"Hubei Huitian New Materials Co., Ltd."
301387.SZ,"Shenzhen Bromake New Material Co., Ltd."
002101.SZ,"Guangdong Hongtu Technology (holdings) Co.,Ltd."
301000.SZ,"Shanghai Hajime Advanced Material Technology Co., Ltd."
000409.SZ,"Yunding Technology Co.,Ltd."
300592.SZ,"Huakai Yibai Technology Co.,Ltd."
300545.SZ,"Shenzhen Liande Automation Equipment co.,ltd."
301261.SZ,"Hengong Precision Equipment Co., Ltd."
301468.SZ,"Pourin Special Welding Technology Co., Ltd."
301379.SZ,"Techshine Electronics Co.,Ltd."
000915.SZ,"Shandong Wit Dyne Health Co.,Ltd."
000525.SZ,"Nanjing Red Sun Co.,Ltd."
001229.SZ,"Guangdong AVCiT Technology Holding Co., Ltd."
300619.SZ,"Foshan Golden Milky Way Intelligent Equipment Co., Ltd."
301439.SZ,"Weihai Honglin Electronic Co., Ltd."
002232.SZ,"Qiming Information Technology Co.,Ltd"
002263.SZ,Zhejiang Great Southeast Corp.Ltd
000670.SZ,"Infotmic Co.,Ltd"
301517.SZ,"Shaanxi Huada Science Technology Co.,Ltd."
002953.SZ,"Guangdong Rifeng Electric Cable Co., Ltd."
002950.SZ,"Allmed Medical Products Co.,Ltd"
002649.SZ,Beyondsoft Corporation
301092.SZ,"Zhejiang Zhengguang Industrial Co., Ltd."
002068.SZ,"Jiangxi Black Cat Carbon Black Inc.,Ltd"
301137.SZ,"HIT Welding Industry Co.,Ltd"
301252.SZ,"Zhejiang Tongxing Technology CO., Ltd."
300397.SZ,"Xi'an Tianhe Defense Technology Co., Ltd."
001283.SZ,"Shenzhen Highpower Technology Co., Ltd."
300046.SZ,"Tech Semiconductors Co., Ltd."
002510.SZ,"Tianjin Motor Dies Co.,Ltd."
002530.SZ,JC Finance & Tax Interconnect Holdings Ltd.
000042.SZ,"Shenzhen Centralcon Investment Holding Co., Ltd."
300019.SZ,"Chengdu Guibao Science & Technology Co.,Ltd."
002328.SZ,"Shanghai Xinpeng Industry Co.,Ltd."
300164.SZ,Tong Petrotech Corp.
300048.SZ,"Hiconics Eco-energy Technology Co., Ltd."
002902.SZ,"Dongguan Mentech Optical & Magnetic Co., Ltd."
002886.SZ,"Shenzhen WOTE Advanced Materials Co.,Ltd"
300470.SZ,"Sinoseal Holding Co., Ltd."
300292.SZ,"Wutong Holding Group Co., Ltd."
002102.SZ,"HuBei NengTer Technology CO.,Ltd"
000900.SZ,"Xiandai Investment Co.,Ltd"
301303.SZ,Zenner Metering Technology (Shanghai) Ltd.
002884.SZ,"Guangdong Lingxiao Pump Industry Co.,Ltd."
301632.SZ,"Guangdong Provincial Academy of Building Research Group Co., Ltd."
300463.SZ,Maccura Biotechnology Co.Ltd
000560.SZ,"5i5j Holding Group Co., Ltd."
301330.SZ,"Zkteco Co., Ltd."
300249.SZ,"Yimikang Tech.Group Co., Ltd."
300705.SZ,"Hunan Jiudian Pharmaceutical Co., Ltd."
300084.SZ,Haimo Technologies Group Corp.
002562.SZ,"Brother Enterprises Holding Co.,Ltd."
300403.SZ,"Hanyu Group Joint-Stock Co., Ltd."
301265.SZ,Huaxin Resources Technology Co. Ltd.
002606.SZ,"Dalian Insulator Group Co., Ltd"
000036.SZ,China Union Holdings Ltd.
300010.SZ,Doushen (Beijing) Education & Technology INC.
000925.SZ,"UniTTEC Co.,Ltd"
000948.SZ,"Yunnan Nantian Electronics Information Co.,Ltd."
002685.SZ,"Wuxi Huadong Heavy Machinery Co., Ltd."
300212.SZ,"Beijing E-Hualu Information Technology Co., Ltd."
002122.SZ,"HuiZhou Intelligence Technology Group Co., Ltd"
000430.SZ,"Zhang Jia Jie Tourism Group Co., Ltd"
002218.SZ,"SHENZHEN TOPRAYSOLAR Co.,Ltd."
003004.SZ,"Beijing Telesound Electronics Co., Ltd."
003026.SZ,"Zhejiang MTCN Technology Co.,Ltd."
002134.SZ,Tianjin Printronics Circuit Corporation
002455.SZ,"Jiangsu Baichuan High-Tech New Materials Co., Ltd"
301367.SZ,"BMC Medical Co., Ltd."
300138.SZ,"ChenGuang Biotech Group Co., Ltd."
002334.SZ,"Shenzhen INVT Electric Co.,Ltd"
300154.SZ,"Shenzhen Riland Industry Group Co., Ltd"
301120.SZ,"Newonder Special Electric Co.,Ltd."
300491.SZ,"Shijiazhuang Tonhe Electronics Technologies Co.,Ltd."
000411.SZ,"Zhejiang Int'l Group Co.,Ltd."
300369.SZ,"NSFOCUS Technologies Group Co., Ltd."
300465.SZ,"Global Infotech Co., Ltd."
301508.SZ,"China Machinery Huanyu Certification and Inspection Co., Ltd."
300043.SZ,Rastar Group
003033.SZ,"Qingdao CHOHO Industrial Co.,Ltd."
300016.SZ,"Beijing Beilu Pharmaceutical Co., Ltd."
000717.SZ,"Guangdong Zhongnan Iron and Steel Co., Ltd."
002657.SZ,"Sinodata Co., Ltd."
301516.SZ,"Shenzhen VAPEL Power Supply Technology Co., Ltd."
002880.SZ,"Shenzhen Weiguang Biological Products Co., Ltd."
000782.SZ,"Guangdong Highsun Meida New Materials Co., Ltd."
003041.SZ,"Zhejiang Truelove Vogue Co., Ltd."
300018.SZ,"Wuhan Zhongyuan Huadian Science & Technology Co.,Ltd."
300711.SZ,"GHT Co.,Ltd"
002746.SZ,"Shandong Xiantan Group Co., Ltd."
002301.SZ,"Shenzhen Comix Group Co., Ltd."
300293.SZ,"Shenyang Blue Silver Industry Automation Equipment Co., Ltd"
301419.SZ,"Shanghai Allied Industrial Group Co., Ltd."
002165.SZ,"Hongbaoli Group Corporation, Ltd."
300792.SZ,Hangzhou Onechance Tech Crop.
300505.SZ,"Kunming Chuan Jin Nuo Chemical Co., Ltd."
000501.SZ,"Wushang Group Co., Ltd."
300561.SZ,"SGSG Science&Technology Co., Ltd. Zhuhai"
300351.SZ,"Zhejiang Yonggui Electric Equipment Co., Ltd."
002553.SZ,"Jiangsu NanFang Precision Co.,Ltd."
300996.SZ,Pansoft Company Limited
000608.SZ,"Yang Guang Co.,Ltd."
000557.SZ,"Ningxia Western Venture Industrial Co.,Ltd."
002915.SZ,"Zhejiang Zhongxin Fluoride Materials Co.,Ltd"
301677.SZ,"Zhejiang Xinxing Tools Co., Ltd."
301211.SZ,"Hubei Biocause Heilen Pharmaceutical Co., Ltd."
002577.SZ,"Shenzhen Rapoo Technology Co., Ltd."
001313.SZ,"Guangdong Yuehai Feeds Group Co.,Ltd."
002279.SZ,"Beijing Join-Cheer Software Co., Ltd."
300258.SZ,"Jiangsu Pacific Precision Forging Co., Ltd."
301609.SZ,"Shandong University Electric Power Technology Co., Ltd."
300737.SZ,"Keshun Waterproof Technolgies Co.,Ltd."
000920.SZ,"Vontron Technology Co., Ltd."
300581.SZ,"Xi'an ChenXi Aviation Technology Corp., Ltd."
002567.SZ,"Tangrenshen Group Co., Ltd"
301017.SZ,"ShuYu Civilian Pharmacy Corp., Ltd."
300451.SZ,"B-SOFT Co.,Ltd."
300825.SZ,"IAT Automobile Technology Co., Ltd."
300278.SZ,"Huachangda Intelligent Equipment Group Co.,Ltd."
001356.SZ,"Fuling Technology Co., LTD"
002860.SZ,"Hangzhou Star Shuaier Electric Appliance Co., Ltd."
300531.SZ,"Urovo Technology Co., Ltd."
301201.SZ,"ChengDa Pharmaceuticals Co., Ltd."
002229.SZ,"Hongbo Co.,Ltd."
002047.SZ,"Shenzhen Bauing Construction Holding Group Co., Ltd."
301132.SZ,"Ji'an Mankun Technology Co., Ltd."
301218.SZ,"Zhejiang Whyis Technology Co.,Ltd."
002543.SZ,"Guangdong Vanward New Electric Co., Ltd."
300767.SZ,"QuakeSafe Technologies Co., Ltd."
002238.SZ,"Shenzhen Topway Video Communication Co., Ltd"
300087.SZ,"Winall Hi-tech Seed Co., Ltd."
300120.SZ,"Tianjin Jingwei Huikai Optoelectronic Co., Ltd."
002490.SZ,Shandong Molong Petroleum Machinery Company Limited
300856.SZ,"Nanjing COSMOS Chemical Co., Ltd."
002774.SZ,"IFE Elevators Co., Ltd."
002419.SZ,"Rainbow Digital Commercial Co., Ltd."
300791.SZ,"Sirio Pharma Co., Ltd."
002327.SZ,"Shenzhen Fuanna Bedding and Furnishing Co.,Ltd"
002201.SZ,"Jiangsu Jiuding New Material Co., Ltd."
300963.SZ,"Shanghai Zhongzhou Special Alloy Materials Co., Ltd."
002640.SZ,"Global Top E-Commerce Co., Ltd."
002376.SZ,"Shandong New Beiyang Information Technology Co., Ltd."
002632.SZ,"Daoming Optics&Chemical Co.,Ltd"
002707.SZ,"UTour Group Co., Ltd."
000888.SZ,"Emei Shan Tourism Co.,Ltd"
300214.SZ,"Shandong Rike Chemical Co., Ltd."
002805.SZ,"Shandong Fengyuan Chemical Co., Ltd."
300797.SZ,"NCS Testing Technology Co., Ltd."
301239.SZ,"Bright Eye Hospital Group Co., Ltd."
301333.SZ,"R&G PharmaStudies Co., Ltd."
301268.SZ,"Shenzhen Minglida Precision Technology Co., Ltd."
300727.SZ,"Ningbo Runhe High-Tech Materials Co., Ltd."
002066.SZ,"Ruitai Materials Technology Co., Ltd."
003012.SZ,"Guangdong Dongpeng Holdings Co.,Ltd."
002383.SZ,"Beijing UniStrong Science&Technology Co.,Ltd."
301548.SZ,Hunan SUND Technological Corporation
002793.SZ,"Luoxin Pharmaceuticals Group Stock Co., Ltd."
002191.SZ,"Shenzhen Jinjia Group Co.,Ltd."
300733.SZ,Chengdu Xiling Power Science & Technology Incorporated Company
002956.SZ,"Guilin Seamild Foods Co., Ltd"
301557.SZ,"Cytech Group Co., Ltd."
300507.SZ,"Jiangsu Olive Sensors High-Tech Co., Ltd."
300632.SZ,"Xiamen Guang Pu Electronics Co., Ltd."
300161.SZ,"Wuhan Huazhong Numerical Control Co.,Ltd."
002026.SZ,"Shandong Weida Machinery Co., Ltd."
002791.SZ,"Guangdong KinLong Hardware Products Co.,Ltd."
301558.SZ,"SFC Holdings Co., Ltd."
301053.SZ,"Yoantion Industrial Inc.,Ltd."
001223.SZ,"OK Science and Technology Co., Ltd."
002724.SZ,"Ocean's King Lighting Science & Technology Co., Ltd."
002777.SZ,"Sichuan Jiuyuan Yinhai Software.Co.,Ltd"
300606.SZ,"Dongguan Golden Sun Abrasives Co.,Ltd"
300918.SZ,"Shandong Nanshan Fashion Sci-Tech Co., Ltd."
301141.SZ,"Zhejiang Zhongke Magnetic Industry Co., Ltd."
002196.SZ,"Zhejiang Founder Motor Co., Ltd."
300386.SZ,"Feitian Technologies Co., Ltd."
300158.SZ,"Shanxi Zhendong Pharmaceutical Co.,Ltd"
300534.SZ,"Gansu Longshenrongfa Pharmaceutical Industry CO.,LTD"
300287.SZ,"Beijing Philisense Technology Co., Ltd."
301613.SZ,"Alnera Aluminium Co., Ltd."
000852.SZ,Sinopec Oilfield Equipment Corporation
301004.SZ,"Zhejiang Cayi Vacuum Container Co., Ltd."
300404.SZ,"Boji Medical Technology Co.,Ltd."
300066.SZ,"Sanchuan Wisdom Technology Co., Ltd."
300715.SZ,"Jiangsu Canlon Building Materials Co., Ltd."
001207.SZ,"Shandong Link Science and Technology Co.,Ltd."
000713.SZ,"SDIC Fengle Seed Co., Ltd."
002146.SZ,"RiseSun Real Estate Development Co.,Ltd"
002959.SZ,"Bear Electric Appliance Co.,Ltd."
000571.SZ,"Sundiro Holding Co., Ltd."
002637.SZ,"Zanyu Technology Group Co., Ltd."
002166.SZ,Guilin Layn Natural Ingredients Corp.
002479.SZ,"Zhejiang Fuchunjiang Environmental Thermoelectric Co., Ltd."
300860.SZ,"Funshine Culture Group Co.,Ltd."
300692.SZ,"Anhui Zhongfu Yuanchuang Technology Group Co., Ltd."
301115.SZ,"United Testing Inspection And Certification Technology Co., Ltd."
002358.SZ,"Henan Senyuan Electric Co., Ltd."
002481.SZ,"Yantai Shuangta Food Co., Ltd."
300368.SZ,"Hebei Huijin Group Co., Ltd."
300320.SZ,"Jiangyin Haida Rubber And Plastic Co., Ltd."
301085.SZ,"Beijing Asiacom Information Technology Co,.Ltd"
300233.SZ,"Shandong Jincheng Pharmaceutical Group Co., Ltd"
002986.SZ,"Guangdong Yussen Energy Technology Co., Ltd."
300027.SZ,Huayi Brothers Media Corporation
301096.SZ,"Hangzhou Bio-Sincerity Pharma-Tech Co.,Ltd."
301525.SZ,"Shanghai Ruking Technologies Co., Ltd."
300688.SZ,"Dark Horse Technology Group Co., Ltd."
002418.SZ,"Zhe Jiang Kangsheng Co.,Ltd."
000652.SZ,"Tianjin TEDA Resources Recycling Group Co., Ltd."
002045.SZ,Guoguang Electric Company Limited
300259.SZ,"Suntront Technology Co., Ltd."
200045.SZ,"Shenzhen Textile (Holdings) Co., Ltd."
000045.SZ,"Shenzhen Textile (Holdings) Co., Ltd."
301259.SZ,"Hunan Airbluer Environmental Protection Technology Co., Ltd."
300149.SZ,"ChemPartner PharmaTech Co.,Ltd."
300749.SZ,"Guangdong Topstrong Living Innovation and Integration Co., Ltd."
300055.SZ,"Beijing WBD New Materials Group Co., Ltd."
002940.SZ,"Zhejiang AngLiKang Pharmaceutical CO.,LTD."
300590.SZ,"Queclink Wireless Solutions Co., Ltd."
002344.SZ,"Haining China Leather Market Co.,Ltd"
301028.SZ,"Xiamen Dingrongyan Technology Co., Ltd."
300611.SZ,"Zhejiang Meili High Technology Co., Ltd."
002124.SZ,"Tech-Bank Food Co., Ltd."
002586.SZ,"Zhejiang Reclaim Construction Group Co., Ltd."
002033.SZ,"LiJiang YuLong Tourism Co., LTD."
002973.SZ,"QiaoYin City Management Co., Ltd."
301491.SZ,Hansong (Nanjing) Technology Limited
300183.SZ,"Qingdao Eastsoft Communication Technology Co.,Ltd"
300219.SZ,"Hongli Zhihui Group Co.,Ltd."
000936.SZ,"Jiangsu Huaxicun Co.,Ltd."
002111.SZ,"Weihai Guangtai Airport Equipment Co.,Ltd"
002667.SZ,"Willing New Energy Co., Ltd."
300453.SZ,"Jiangxi Sanxin Medtec Co.,Ltd."
301202.SZ,"Suzhou Longway Electronic Machinery Co., Ltd."
301397.SZ,"Chongqing Sulian Plastic Co.,Ltd."
002876.SZ,"Shenzhen Sunnypol Optoelectronics Co.,Ltd."
002609.SZ,"Shenzhen Jieshun Science and Technology Industry Co., Ltd."
002235.SZ,"Xiamen Annie Co., Ltd."
300300.SZ,"Strait Innovation Internet Co., Ltd"
000691.SZ,"Gansu Yatai Industrial Developent Co.,Ltd."
001328.SZ,"Dencare (Chongqing) Oral Care Co., Ltd."
001388.SZ,"Shandong Senter Electronic Co.,Ltd."
002590.SZ,"Zhejiang VIE Science & Technology Co., Ltd."
301596.SZ,"Reach Machinery Co., Ltd."
300036.SZ,"Beijing SuperMap Software Co., Ltd."
301168.SZ,"Jiangsu TongLin Electric Co.,Ltd."
002641.SZ,"Era Co., Ltd."
002482.SZ,"Shenzhen Grandland Group Co., Ltd."
002662.SZ,"Fengjing New Energy Technology Co., Ltd."
301008.SZ,"Zhejiang Hongchang Electrical Technology Co., Ltd."
300695.SZ,"Zhejiang Zhaofeng Mechanical and Electronic Co.,Ltd."
300848.SZ,"Miracll Chemicals Co.,Ltd"
301051.SZ,"Shenzhen Xinhao Photoelectricity Technology Co., Ltd"
300589.SZ,"Jianglong Shipbuilding Co., Ltd."
002300.SZ,"Fujian Nanping Sun Cable Co., Ltd."
301348.SZ,"Foshan Blue Rocket Electronics Co.,Ltd."
300907.SZ,"Kangping Technology (Suzhou) Co., Ltd."
002307.SZ,"Xinjiang Beixin Road & Bridge Group Co., Ltd"
002189.SZ,"Costar Group Co., Ltd."
301528.SZ,"Guangzhou Doppler Electronic Technologies Co., Ltd."
002406.SZ,Xuchang Yuandong Drive Shaft Co.Ltd
002559.SZ,"Jiangsu Yawei Machine Tool Co., Ltd."
000863.SZ,"Sanxiang Impression Co., Ltd."
002589.SZ,"Realcan Pharmaceutical Group Co., Ltd."
002523.SZ,"Zhuzhou Tianqiao Crane Co., Ltd."
300461.SZ,"Tanac Automation Co., Ltd."
300286.SZ,"Acrel Co., Ltd."
301048.SZ,"Gemac Engineering Machinery Co., Ltd."
300801.SZ,"Shandong Taihe Technologies Co., Ltd."
300421.SZ,"Jiangsu Lixing General Steel Ball Co., Ltd."
301256.SZ,"Huarong Chemical Co., Ltd."
002526.SZ,"Shandong Mining Machinery Group Co., Ltd."
301556.SZ,"Zhejiang Top Cloud-agri Technology Co.,Ltd."
301180.SZ,"Suzhou Wanxiang Technology Co., Ltd."
002749.SZ,"Sichuan Guoguang Agrochemical Co., Ltd."
002556.SZ,"Anhui Huilong Agricultural Means of Production Co.,Ltd."
002627.SZ,"Hubei Three Gorges Tourism Group Co., Ltd."
001376.SZ,"Jiangxi Bestoo Energy Co.,Ltd."
002443.SZ,"Zhejiang Kingland Pipeline and Technologies Co.,Ltd."
301281.SZ,"Shandong Keyuan Pharmaceutical Co., Ltd."
000720.SZ,"Shandong Xinneng Taishan Power Generation Co.,Ltd."
300234.SZ,"Zhejiang Kaier New Materials Co.,Ltd."
002291.SZ,"Guangdong Yowant Technology Group Co., Ltd."
000428.SZ,"Huatian Hotel Group Co.,Ltd."
000862.SZ,"Ning Xia Yin Xing Energy Co.,Ltd"
000404.SZ,"Changhong Huayi Compressor Co., Ltd."
300528.SZ,Omnijoi Media Corporation
300539.SZ,"Ningbo Henghe Precision Industry Co.,Ltd."
300745.SZ,"Shinry Technologies Co., Ltd."
301122.SZ,"Caina Technology Co., Ltd."
300831.SZ,"Xi'an Peri Power Semiconductor Converting Technology Co.,Ltd."
300261.SZ,ABA Chemicals Corporation
300878.SZ,Zhejiang Wecome Pharmaceutical Company Limited
002522.SZ,"Zhejiang Zhongcheng Packing Material Co., Ltd."
300355.SZ,"M-Grass Ecology And Environment (Group) Co., Ltd."
002976.SZ,"Suzhou Cheersson Precision Industry Group Co., Ltd."
000753.SZ,"Fujian Zhangzhou Development Co.,LTD."
300885.SZ,"Yangzhou Seashine New Materials Co., Ltd."
300243.SZ,"Shandong Ruifeng Chemical Co., Ltd."
002375.SZ,"Zhejiang Yasha Decoration Co.,Ltd"
002642.SZ,Ronglian Group Ltd.
300873.SZ,"Hichain Logistics Co.,Ltd."
002584.SZ,"Xilong Scientific Co., Ltd."
300867.SZ,"Shengyuan Environmental Protection Co.,Ltd."
301235.SZ,"Wuhan Huakang Century Clean Technology Co., Ltd."
300345.SZ,"Hunan Huamin Holdings Co., Ltd."
301206.SZ,"Shandong Sanyuan Biotechnology Co.,Ltd."
000505.SZ,"Hainan Jingliang Holdings Co., Ltd."
200505.SZ,"Hainan Jingliang Holdings Co., Ltd."
002889.SZ,"Shenzhen Easttop Supply Chain Management Co., Ltd."
300194.SZ,"Fuan Pharmaceutical (Group) Co., Ltd."
300388.SZ,"CECEP Guozhen Environmental Protection Technology Co., Ltd."
002427.SZ,"Zhejiang Unifull Industrial Fibre Co., Ltd."
300291.SZ,"Beijing Baination Pictures Co.,Ltd."
002483.SZ,"Jiangsu Rainbow Heavy Industries Co., Ltd."
300569.SZ,"Qingdao Tianneng Heavy Industries Co.,Ltd"
300622.SZ,"Doctorglasses Chain Co.,Ltd."
300389.SZ,"Shenzhen Absen Optoelectronic Co.,Ltd."
300553.SZ,"Hangzhou Jizhi Mechatronic Co., Ltd."
300177.SZ,"Hi-Target Navigation Tech Co.,Ltd"
301026.SZ,Hootech Inc.
300889.SZ,Shenzhen EXC-LED Technology Co.Ltd
300434.SZ,Sichuan Goldstone Asia Pharmaceutical Inc.
001380.SZ,Hwaway Technology Corporation Limited
300523.SZ,"Beijing Global Safety Technology Co., Ltd."
002989.SZ,"Shenzhen Strongteam Decoration Engineering Co., Ltd."
300626.SZ,"Huarui Electrical Appliance Co.,Ltd."
301149.SZ,"ShanDong Longhua New Material Co.,Ltd."
000886.SZ,"Hainan Expressway Co., Ltd."
301060.SZ,"Shanghai Labway Clinical Laboratory Co., Ltd"
002903.SZ,"Yuhuan CNC Machine Tool Co.,Ltd."
300533.SZ,"Shenzhen Bingchuan Network Co.,Ltd."
301513.SZ,Shangshui Smartech Ltd.
002658.SZ,"Beijing SDL Technology Co.,Ltd."
001326.SZ,"Shenzhen SNC Opto Electronic Co.,Ltd"
301448.SZ,"Keystone Electrical (Zhejiang) Co.,Ltd."
002177.SZ,"Guangzhou Kingteller Technology Co.,Ltd."
002059.SZ,"Yunnan Tourism Co., Ltd."
300932.SZ,Sanyou Corporation Limited
002757.SZ,"Nanxing Machinery Co., Ltd."
300471.SZ,"Houpu Clean Energy Group Co., Ltd."
301012.SZ,Jiangsu Yangdian Science & Technology Co. Ltd.
002501.SZ,"Jilin Liyuan Precision Manufacturing Co., Ltd."
002264.SZ,"New Huadu Technology Co., Ltd."
300869.SZ,"Contec Medical Systems Co.,Ltd"
301072.SZ,"Zhongjie (Jiangsu) Technology Co.,Ltd."
301368.SZ,"Zhejiang FORE Intelligent Technology Co.,Ltd"
002570.SZ,"Beingmate Co., Ltd."
000558.SZ,"Chengdu New Tianfu Culture Tourism Development Co., Ltd."
003007.SZ,"Beijing ZZNode Technologies Co., Ltd."
300755.SZ,"VATS Liquor Chain Store Management Joint Stock Co., Ltd."
002401.SZ,"COSCO SHIPPING Technology Co., Ltd."
300518.SZ,"Guangxi Xinxunda Technology Group Co., Ltd."
301591.SZ,Nanjing CompTECH Composites Corporation
301076.SZ,"Sino-High (China) Co., Ltd."
300871.SZ,"Wuhan Hvsen Biotechnology Co.,Ltd."
300758.SZ,"Anshan Hifichem Co., Ltd."
002573.SZ,"Beijing SPC Environment Protection Tech Co., Ltd."
300833.SZ,"Guangzhou Haoyang Electronic Co.,Ltd."
002520.SZ,"Zhejiang RIFA Precision Machinery Co., Ltd."
300816.SZ,"ActBlue Co., Ltd."
300572.SZ,"Shenzhen Anche Technologies Co., Ltd."
300917.SZ,"Shenzhen SDG Service Co.,Ltd."
000507.SZ,"Zhuhai Port Co.,Ltd."
300669.SZ,"Hangzhou Huning Elevator Parts Co., Ltd."
301007.SZ,"Dalian Demaishi Precision Technology Co., Ltd."
300490.SZ,"HNAC Technology Co., Ltd."
000521.SZ,"Changhong Meiling Co., Ltd."
200521.SZ,"Changhong Meiling Co., Ltd."
002765.SZ,"Landai Technology Group Corp., Ltd."
002454.SZ,"Songz Automobile Air Conditioning Co., Ltd"
002112.SZ,"Sanbian Sci Tech Co., Ltd."
002161.SZ,"Invengo Information Technology Co.,Ltd."
300271.SZ,"Beijing Thunisoft Co., Ltd."
300552.SZ,"Vanjee Technology Co., Ltd."
301507.SZ,"Hangzhou Minsheng Healthcare Co., Ltd."
300927.SZ,"Nantong JiangTian Chemical Co., Ltd."
002582.SZ,"Haoxiangni Health Food Co.,Ltd."
301193.SZ,"Ningbo Homelink Eco-iTech Co., Ltd."
000993.SZ,"Fujian Mindong Electric Power Group Co., Ltd."
300215.SZ,"Suzhou Electrical Apparatus Science Academy Co., Ltd."
000017.SZ,Shenzhen China Bicycle Company (Holdings) Limited
200017.SZ,Shenzhen China Bicycle Company (Holdings) Limited
300774.SZ,"BGT Group Co., Ltd."
000821.SZ,"J.S. Corrugating Machinery Co., Ltd."
002560.SZ,"Henan Tong-Da Cable Co., Ltd."
002919.SZ,"Mingchen Health Co.,Ltd."
300123.SZ,YaGuang Technology Group Company Limited
301075.SZ,"Tibet Duo Rui Pharmaceutical Co., Ltd."
000779.SZ,"Gansu Engineering Consulting Group Co., Ltd."
002846.SZ,"Guangdong Enpack Packaging Co., Ltd."
000665.SZ,"Hubei Radio & Television Information Network Co., Ltd."
301058.SZ,"COFCO Technology & Industry Co., Ltd."
000819.SZ,"Yueyang Xingchang Petro-Chemical Co., Ltd."
300485.SZ,"Beijing Science Sun Pharmaceutical Co., Ltd."
301110.SZ,"Qingmu Tec Co., Ltd."
300894.SZ,"Marssenger Kitchenware Co., Ltd."
300788.SZ,Citic Press Corporation
300228.SZ,"Zhangjiagang Furui Special Equipment Co., Ltd."
002677.SZ,"Zhejiang Meida Industrial Co., Ltd."
300836.SZ,"Kunshan TopA Intelligent Equipment Co.,Ltd"
001317.SZ,"San Yang Ma (Chongqing) Logistics Co.,Ltd."
002285.SZ,Shenzhen Worldunion Group Incorporated
000011.SZ,ShenZhen Properties & Resources Development (Group) Ltd.
200011.SZ,ShenZhen Properties & Resources Development (Group) Ltd.
002321.SZ,"Henan Huaying Agricultural Development Co., Ltd."
002728.SZ,"Teyi Pharmaceutical Group Co.,Ltd"
001338.SZ,GDH Supertime Group Company Limited
301213.SZ,"Sichuan Discovery Dream Science & Technology Co.,Ltd"
301055.SZ,Zhang Xiaoquan Inc.
300147.SZ,"Xiangxue Pharmaceutical Co.,Ltd."
000417.SZ,"Hefei Department Store Group Co.,Ltd"
000007.SZ,"Shenzhen Quanxinhao Co., Ltd."
300326.SZ,"Shanghai Kinetic Medical Co., Ltd"
301622.SZ,"Baotou INST Magnetic New Materials Co., Ltd."
003019.SZ,"TES Touch Embedded Solutions (Xiamen) Co., Ltd."
300099.SZ,"Uroica Precision Information Engineering Co.,Ltd"
300563.SZ,Shenyu Communication Technology Inc.
300532.SZ,"New Trend International Logis-Tech Co.,Ltd."
300473.SZ,"Fuxin Dare Automotive Parts Co., Ltd."
300508.SZ,"Shanghai Weihong Electronic Technology Co., Ltd."
002512.SZ,"Tatwah Smartech Co.,Ltd."
002644.SZ,"LanZhou Foci Pharmaceutical Co.,Ltd."
002441.SZ,"Zhongyeda Electric Co., Ltd."
000726.SZ,"Lu Thai Textile Co., Ltd."
200726.SZ,"Lu Thai Textile Co., Ltd."
002393.SZ,"Tianjin Lisheng Pharmaceutical Co.,Ltd."
002137.SZ,"Shenzhen Sea Star Technology Co.,Ltd"
300441.SZ,"Ningbo BaoSi Energy Equipment Co., Ltd."
300656.SZ,Shenzhen MinDe Electronics Technology Ltd.
300522.SZ,"Suzhou Sunmun Technology Co., Ltd."
301325.SZ,"Shenzhen Manst Technology Co., Ltd."
001230.SZ,"Jinglv Environment Science and Technology Co., Ltd"
000526.SZ,"Xueda (Xiamen) Education Technology Group Co., Ltd"
002367.SZ,"Canny Elevator Co., Ltd."
002365.SZ,"Qianjiang Yongan Pharmaceutical Co., Ltd."
300840.SZ,"Qingdao Kutesmart Co.,Ltd."
301356.SZ,"Zhejiang Tianzhen Technology Co., Ltd."
000078.SZ,"Shenzhen Neptunus Bioengineering Co., Ltd."
300577.SZ,"Anhui Korrun Co., Ltd."
000655.SZ,"Shandong Jinling Mining Co., Ltd."
002735.SZ,"Shenzhen Prince New Materials Co.,Ltd."
300121.SZ,"Shandong Yanggu Huatai Chemical Co., Ltd."
002866.SZ,"Jiangsu Transimage Technology Co., Ltd."
300559.SZ,"Chengdu Jiafaantai Education Technology Co.,Ltd."
301237.SZ,"Hangzhou Heshun Technology Co.,LTD."
002900.SZ,"Harbin Medisan Pharmaceutical Co., Ltd."
000096.SZ,"Shenzhen Guangju Energy Co., Ltd."
002983.SZ,"Anhui Coreach Technology Co.,Ltd"
001316.SZ,"Lubair Aviation Technology Co., Ltd."
300541.SZ,"Beijing Advanced Digital Technology Co., Ltd"
001216.SZ,"Hunan Hualian China Industry Co., Ltd."
000793.SZ,Huawen Media Group
300629.SZ,"Guangdong Kingstrong Technology Co., Ltd."
001332.SZ,"Wuxi Chemical Equipment Co., Ltd."
300968.SZ,"Guangdong Green Precision Components Co., Ltd"
002088.SZ,"Luyang Energy-Saving Materials Co., Ltd."
002040.SZ,"Nanjing Port Co., Ltd."
301116.SZ,"Jiangsu Yike Food Group Co.,Ltd"
003000.SZ,"Jinzai Food Group Co.,Ltd."
301391.SZ,Colorlight Cloud Tech Ltd
003020.SZ,"Hefei Lifeon Pharmaceutical Co., Ltd."
300004.SZ,"Nanfang Ventilator Co., Ltd."
301108.SZ,"Tongling Jieya Biologic Technology Co., Ltd."
300571.SZ,"Hangzhou Anysoft Information Technology Co., Ltd."
300349.SZ,"Goldcard Smart Group Co., Ltd."
300332.SZ,"Top Resource Energy Co., Ltd."
002117.SZ,Tungkong Inc.
002788.SZ,"Luyan Pharma Co.,Ltd."
002160.SZ,"Jiangsu Alcha Aluminium Group Co., Ltd."
301538.SZ,"Shenzhen Jdd Tech New Material Co., Ltd"
002823.SZ,"Shenzhen Kaizhong Precision Technology Co., Ltd."
300781.SZ,"Guangdong Insight Brand Marketing Group Co., Ltd."
002086.SZ,"Shandong Oriental Ocean Sci-Tech Co., Ltd."
002469.SZ,"Shandong Sunway Chemical Group Co., Ltd."
000520.SZ,"Phoenix Shipping (Wuhan) Co., Ltd."
002996.SZ,"Chongqing Shunbo Aluminum Co.,Ltd."
300793.SZ,"Cosonic Intelligent Technologies Co., Ltd."
300504.SZ,"Sichuan Tianyi Comheart Telecom Co., Ltd."
300920.SZ,"Zhejiang Runyang New Material Technology Co., Ltd."
300859.SZ,"Western Regions Tourism Development Co.,Ltd"
300818.SZ,"Naipu Mining Machinery Co., Ltd."
002480.SZ,"Chengdu Xinzhu Road & Bridge Machinery Co., Ltd."
000016.SZ,"Konka Group Co., Ltd."
200016.SZ,"Konka Group Co., Ltd."
002225.SZ,"Puyang Refractories Group Co., Ltd."
002843.SZ,"Bichamp Cutting Technology (Hunan) Co., Ltd."
002571.SZ,"Anhui Deli Household Glass Co., Ltd."
301449.SZ,"Shenzhen Tiansu Calibration and Testing Co., Ltd."
300248.SZ,"Newcapec Electronics Co., Ltd."
002322.SZ,"Ningbo Ligong Environment And Energy Technology Co.,Ltd"
300447.SZ,"Nanjing Quanxin Cable Technology Co., Ltd."
300864.SZ,"Academy of Environmental Planning and Design, Co.,Ltd. Nanjing University"
002005.SZ,"Elec-Tech International Co., Ltd."
002616.SZ,Guangdong Chant Group Inc.
002370.SZ,"Zhejiang Yatai Pharmaceutical Co., Ltd."
002197.SZ,"SZZT Electronics CO.,LTD"
002772.SZ,"Tianshui Zhongxing Bio-technology Co.,Ltd."
301370.SZ,"GKHT Medical Technology Co., Ltd."
000626.SZ,"Grand Industrial Holding Co.,Ltd"
300318.SZ,"Beijing Bohui Innovation Biotechnology Group Co., Ltd."
300385.SZ,"Wuxi Xuelang Environmental Technology Co., Ltd."
300333.SZ,SinoSun Technology Co. Ltd.
300847.SZ,"HG Technologies Co., Ltd."
000919.SZ,Jinling Pharmaceutical Company Limited
300973.SZ,"Ligao Foods Co.,Ltd."
300663.SZ,"Client Service International, Inc."
000816.SZ,Jiangsu Nonghua Intelligent Agriculture Technology Co.ltd
301590.SZ,"Shenzhen UUGreenPower Co., Ltd."
002758.SZ,"ZJAMP Group Co., Ltd."
301501.SZ,"Hefei Hengxin Life Science and Technology Co., Ltd."
002918.SZ,"Monalisa Group CO.,Ltd"
301595.SZ,"GuangDong Taili Technology Group Co.,Ltd."
000850.SZ,"Anhui Huamao Textile Co., Ltd."
300241.SZ,"Shenzhen Refond Optoelectronics Co.,Ltd."
300022.SZ,"Gifore Agricultural Science & Technology Service Co.,Ltd"
300481.SZ,"Puyang Huicheng Electronic Material Co., Ltd."
301277.SZ,"Newland Pharmaceutical Co., Ltd."
002853.SZ,"Guangdong Piano Customized Furniture Co., Ltd."
001279.SZ,"Anhui Strong State New Materials Co., Ltd."
300044.SZ,"Shenzhen Sunwin Intelligent Co., Ltd."
301190.SZ,"Jiujiang Shanshui Technology Co.,Ltd"
300599.SZ,"Guangdong Xiongsu Technology Group Co., Ltd"
000931.SZ,"Beijing Centergate Technologies (holding) Co., Ltd."
002449.SZ,"Foshan NationStar Optoelectronics Co.,Ltd"
300061.SZ,"QITIAN Technology Group Co., Ltd."
300643.SZ,"Hamaton Automotive Technology Co., Ltd"
300560.SZ,"Zhong Fu Tong Group Co., Ltd."
301618.SZ,"Dongguan Changlian New Materials Technology Co.,Ltd."
001312.SZ,"Hangzhou Fuen Co., Ltd"
002871.SZ,"Qingdao Weflo Valve Co., Ltd."
000518.SZ,"Jiangsu Sihuan Bioengineering Co., Ltd"
000882.SZ,"Beijing Hualian Department Store Co., Ltd"
002849.SZ,"Zhejiang Viewshine Intelligent Meter Co., Ltd."
300407.SZ,"Tianjin Keyvia Electric Co.,Ltd"
300911.SZ,"Zhejiang Entive Smart Kitchen Appliance Co., Ltd."
301273.SZ,"Shanghai Rychen Technologies Co., Ltd."
002930.SZ,"Great River Smart Logistics Co., Ltd."
300882.SZ,"Zhejiang Wellsun Intelligent Technology Co.,Ltd."
300557.SZ,"Wuhan Ligong Guangke Co., Ltd."
300380.SZ,"Shanghai Amarsoft Information & Technology Co.,Ltd"
300537.SZ,"Jiangsu Kuangshun Photosensitivity New-Material Stock Co., Ltd."
300494.SZ,Hubei Century Network Technology Inc.
002829.SZ,"Beijing StarNeto Technology Co., Ltd."
000678.SZ,"Xiangyang Automobile Bearing Co., Ltd."
002035.SZ,Vatti Corporation Limited
300466.SZ,"Saimo Technology Co.,Ltd."
000906.SZ,"Zhejiang Development Group Co.,Ltd"
002116.SZ,"China Haisum Engineering Co., Ltd."
300111.SZ,"Zhejiang Sunflower Great Health Co., Ltd."
000721.SZ,"Xi'an Catering Co., Ltd."
002783.SZ,"Hubei Kailong Chemical Group Co., Ltd."
002628.SZ,"Chengdu Road & Bridge Engineering CO.,LTD"
002845.SZ,"Shenzhen TXD Technology Co.,Ltd."
002688.SZ,"Jinhe Biotechnology CO., LTD."
300246.SZ,"Guangdong Biolight Meditech Co., Ltd."
003032.SZ,"Jiangsu Chuanzhiboke Education Technology Co., LTD."
300691.SZ,"Union Optech Co.,Ltd."
300445.SZ,Beijing ConST Instruments Technology Inc.
002786.SZ,"Shenzhen Silver Basis Technology Co., Ltd."
300210.SZ,"Anshan Senyuan Road and Bridge Co., Ltd"
000822.SZ,"Shandong Haihua Co.,Ltd"
300310.SZ,"Eastone Century Technology Co.,Ltd."
300021.SZ,"Dayu Irrigation Group Co.,Ltd"
002686.SZ,"Zhejiang Yilida Ventilator Co.,Ltd."
000488.SZ,Shandong Chenming Paper Holdings Limited
200488.SZ,Shandong Chenming Paper Holdings Limited
300071.SZ,FS Development Investment Holdings
300105.SZ,"YanTai LongYuan Power Technology Co., Ltd."
300921.SZ,NOVA Technology Corporation Limited
300588.SZ,"Xinjiang Sailing Information Technology Co., Ltd."
000532.SZ,"Zhuhai Huajin Capital Co., Ltd."
002554.SZ,"China Oil HBP Science & Technology Co., Ltd"
300662.SZ,"Beijing Career International Co., Ltd"
300952.SZ,"Jiangsu Hanvo Safety Product Co., Ltd."
301383.SZ,Minami Acoustics Limited
002333.SZ,"ZYF Lopsking Material Technology Co., Ltd."
301186.SZ,"Nantong Chaoda Equipment Co.,Ltd."
300991.SZ,"Shenzhen Chuangyitong Technology Co., Ltd."
300887.SZ,"Pony Testing Co., Ltd."
301068.SZ,"Hangzhou Dadi Haiyang Environmental Protection Co., Ltd."
300668.SZ,"Shenzhen Jiang&Associates Creative Design Co., Ltd."
002811.SZ,"Shenzhen Cheng Chung Design Co., Ltd."
002094.SZ,"Qingdao Kingking Applied Chemistry Co., Ltd."
300584.SZ,"Nanjing Hicin Pharmaceutical Co., Ltd."
300384.SZ,"Beijing Sanlian Hope Shin-Gosen Technical Service Co., Ltd."
000599.SZ,"Qingdao Doublestar Co.,Ltd"
000759.SZ,"Zhongbai Holdings Group Co.,Ltd."
300542.SZ,"Brilliance Technology Co., Ltd."
301046.SZ,"Shanghai Nenghui Technology Co.,Ltd."
300062.SZ,"Ceepower Co., Ltd."
300858.SZ,"Beijing Scitop Bio-tech Co., Ltd."
300916.SZ,"Shenzhen Longtech Smart Control Co., Ltd."
300096.SZ,"YLZ Information Technology Co.,Ltd"
002362.SZ,"Hanwang Technology Co.,Ltd"
300107.SZ,"Hebei Jianxin Chemical Co., Ltd."
002564.SZ,"SuZhou THVOW Technology. Co., Ltd."
002187.SZ,"Guangzhou Grandbuy Co., Ltd."
002474.SZ,"Fujian Rongji Software Co., Ltd."
300290.SZ,"Bringspring Science and Technology Co., Ltd."
301172.SZ,"Sichuan Joyou Digital Technologies Co.,Ltd."
301210.SZ,"Wuxi Jinyang Precision Manufacturing Co., Ltd."
300853.SZ,"Hangzhou Shenhao Technology Co.,LTD."
002090.SZ,"Wiscom System Co., Ltd."
001238.SZ,"Zhejiang Zhengte Co., Ltd."
000797.SZ,"China Wuyi Co., Ltd."
300686.SZ,"Shenzhen CDL Precision Technology Co., Ltd"
300639.SZ,"Guangdong Hybribio Biotech Co.,Ltd."
301295.SZ,"Zhejiang Meishuo Electric Technology Co.,Ltd"
002613.SZ,"Luoyang Northglass Technology Co.,Ltd"
300040.SZ,"Harbin Jiuzhou Group Co.,Ltd."
300998.SZ,"Ningbo Fangzheng Automobile Mould Co.,Ltd."
002521.SZ,"Qifeng New Material Co., Ltd."
301016.SZ,"Nanjing Railway New Technology Co.,Ltd."
002693.SZ,"Hainan Shuangcheng Pharmaceuticals Co., Ltd."
301227.SZ,"Harbin Sayyas Windows Co., Ltd."
000607.SZ,"Zhejiang Huamei Holding CO., LTD."
300193.SZ,"Shenzhen Jasic Technology Co.,Ltd."
000037.SZ,"Shenzhen Nanshan Power Co., Ltd."
200037.SZ,"Shenzhen Nanshan Power Co., Ltd."
002107.SZ,"Shandong Wohua Pharmaceutical Co., Ltd."
300690.SZ,"Shandong Shuangyi Technology Co., Ltd."
301360.SZ,"Rongcheer Industrial Technology (Suzhou) Co., Ltd."
300213.SZ,"Beijing Jiaxun Feihong Electrical Co., Ltd."
000509.SZ,"Huasu Holdings Co.,Ltd"
300880.SZ,"Ningbo Jianan Electronics Co.,Ltd"
301668.SZ,"Beijing Hcrt Electrical Equipments Co., Ltd."
300901.SZ,"Zhejiang Zoenn Design Co., Ltd."
301073.SZ,"SSAW Hotels & Resorts Group Co.,Ltd."
000716.SZ,"Nanfang Black Sesame Group Co.,Ltd."
002596.SZ,"Hainan RuiZe New Building Material Co.,Ltd"
000889.SZ,"ZJBC Information Technology Co., Ltd"
002578.SZ,Fujian Minfa Aluminium Inc.
000546.SZ,"Jinyuan EP Co., Ltd."
300448.SZ,"Haoyun Technologies Co.,Ltd."
301187.SZ,"Suzhou Alton Electrical & Mechanical Industry Co., Ltd."
002339.SZ,"Integrated Electronic Systems Lab Co., Ltd."
300736.SZ,BYBON Group Company Limited
301002.SZ,"Shenzhen Sosen Electronics Co.,Ltd."
300313.SZ,"Xinjiang Tianshan Animal Husbandry Bio-engineering Co., Ltd."
300652.SZ,"Hang Zhou Radical Energy-Saving Technology Co., Ltd."
300399.SZ,"Jiangxi Tianli Technology, INC."
002162.SZ,"Everjoy Health Group Co.,Ltd."
002055.SZ,"Shenzhen Deren Electronic Co., Ltd."
002016.SZ,"Guangdong Shirongzhaoye Co., Ltd."
300299.SZ,"Fuchun Technology Co., Ltd."
300712.SZ,"Fujian Yongfu Power Engineering Co.,Ltd."
301038.SZ,"Shenzhen Water Planning & Design Institute Co., Ltd."
300812.SZ,"Shenzhen Etmade Automatic Equipment Co., Ltd."
300464.SZ,"Guangdong SACA Precision Manufacturing Co., Ltd."
000892.SZ,H&R Century Union Corporation
300798.SZ,"Jiangsu Jinji Industrial Co., Ltd."
300978.SZ,"WINBO-Dongjian Automotive Technology Co., Ltd."
002672.SZ,Dongjiang Environmental Company Limited
300354.SZ,"DongHua Testing Technology Co. , Ltd."
002228.SZ,"Xiamen Hexing Packaging Printing Co., Ltd."
300402.SZ,"Nanjing Baose Co., Ltd."
002615.SZ,"ZheJiang Haers Vacuum Containers Co.,Ltd."
001396.SZ,Shanghai Re·fine Environment Sci-tech Ltd.
002676.SZ,"Guangdong Sunwill Precising Plastic Co.,Ltd"
300231.SZ,"Beijing Trust & Far Technology Co.,Ltd"
301025.SZ,Dook Media Group Limited
301509.SZ,"Kingchem (Liaoning) Life Science Co., Ltd."
301102.SZ,"Mega-info Media Co.,Ltd."
300050.SZ,"Dingli Corp., Ltd."
002356.SZ,"Shenzhen Pengfei Green Energy Development Co., Ltd."
000890.SZ,Jiangsu Fasten Company Limited
002614.SZ,"Xiamen Comfort Science&Technology Group Co., Ltd"
300839.SZ,"Ningbo Bohui Chemical Technology Co.,Ltd"
002305.SZ,"Langold Real Estate Co., Ltd."
300830.SZ,"JinXianDai Information Industry Co.,Ltd."
001268.SZ,"Guangdong Yangshan United Precision Manufacturing Co., Ltd."
300795.SZ,Zhejiang Meorient Commerce Exhibition Inc.
002269.SZ,"Shanghai Metersbonwe Fashion and Accessories Co., Ltd."
301289.SZ,"Shanghai National Center of Testing and Inspection for Electric Cable and Wire Co., Ltd"
300011.SZ,Beijing Dinghan Technology Group Co.Ltd
001269.SZ,"Inner Mongolia OJing Science & Technology Co., Ltd."
301332.SZ,"Guangdong Deerma Technology Co., Ltd."
000659.SZ,"Zhuhai Zhongfu Enterprise Co.,Ltd"
002453.SZ,"Great Chinasoft Technology Co.,Ltd."
300478.SZ,"Hangzhou Gaoxin Materials Technology Co., Ltd."
002923.SZ,"Zhuhai Rundu Pharmaceutical Co., Ltd."
301208.SZ,"ChinaEtek Service & Technology Co., Ltd."
002593.SZ,"Xiamen Sunrise Group Co., Ltd."
301221.SZ,"Wuhan Kotei Informatics Co.,Ltd."
300931.SZ,"General Elevator Co., Ltd"
000407.SZ,"Shandong Shengli Co., Ltd."
300933.SZ,"Sinostar Cable Co., Ltd"
000903.SZ,"Kunming Yunnei Power Co.,Ltd."
301157.SZ,"Hangzhou Huasu Technology Co.,Ltd."
002095.SZ,"Zhejiang NetSun Co., Ltd."
300439.SZ,"Medicalsystem Biotechnology Co., Ltd"
002457.SZ,"Qinglong Pipes Industry Group Co., Ltd"
300962.SZ,Zhongjin Irradiation Incorporated Company
002172.SZ,Jiangsu Aoyang Health Industry Co.ltd.
300908.SZ,"Zhongjing Food Co., Ltd."
002962.SZ,"Hubei W-olf Photoelectric Technology Co., Ltd."
300603.SZ,"Leon Technology Co., Ltd."
001360.SZ,"Nanchang Mineral Systems Co., Ltd."
301446.SZ,"Jiangxi First Hydraulic Co., Ltd."
300721.SZ,"Jiang Su Yida Chemical Co.,Ltd"
300272.SZ,"Canature Health Technology Co., Ltd."
301315.SZ,"Shanghai Wisdom Information Technology Co., Ltd."
002766.SZ,"Shenzhen Soling Industrial Co.,Ltd"
000695.SZ,"Tianjin Binhai Energy & Development Co.,Ltd"
300068.SZ,"ZHEJIANG NARADA POWER SOURCE Co. , Ltd."
002462.SZ,"Cachet Pharmaceutical Co., Ltd."
002587.SZ,"Shenzhen AOTO Electronics Co., Ltd."
301169.SZ,"Beijing Dataway Horizon Co.,Ltd."
300654.SZ,"Astro-century Education&Technology Co.,Ltd"
000965.SZ,"Tianjin Tianbao Infrastructure Co., Ltd."
300551.SZ,"Shanghai Guao Electronic Technology Co., Ltd."
300511.SZ,"Shanghai Xuerong Biotechnology Co., Ltd."
301033.SZ,"Medprin Regenerative Medical Technologies Co., Ltd."
301456.SZ,"Qingdao Paguld Intelligent Manufacturing Co.,Ltd."
301133.SZ,"Guangzhou Jinzhong Auto Parts Manufacturing Co., Ltd."
300311.SZ,"Surfilter Network Technology Co., Ltd."
300506.SZ,"Shenzhen Minkave Technology Co., Ltd."
002184.SZ,"Shanghai Hi-Tech Control System Co., Ltd"
300317.SZ,"Jiawei Renewable Energy Co., Ltd."
300352.SZ,Beijing VRV Software Corporation Limited
301398.SZ,"Ningbo Sinyuan Zm Technology Co., Ltd."
300698.SZ,"Wanma Technology Co., Ltd."
300230.SZ,"Shanghai YongLi Belting Co., Ltd"
300729.SZ,Loctek Ergonomic Technology Corp.
000151.SZ,China National Complete Plant Import & Export Corporation Limited
002927.SZ,"Guizhou Taiyong-Changzheng Technology Co.,Ltd."
002991.SZ,"Ganyuan Foods Co., Ltd."
301279.SZ,"Zhejiang Jindao Technology Co., Ltd."
300370.SZ,"Sichuan Etrol Technologies Co., Ltd."
001266.SZ,"Shanghai Smart Control Co., Ltd."
002109.SZ,"Shaanxi Xinghua Chemistry Co.,Ltd"
301181.SZ,"Jiangyin Pivot Automotive Products Co., Ltd."
301161.SZ,Voneseals Technology (Shanghai) Inc.
300314.SZ,"Ningbo David Medical Device Co., Ltd."
003025.SZ,"Sijin Intelligent Forming Machinery Co., Ltd."
300414.SZ,"Sichuan Zhongguang Lightning Protection Technologies Co., Ltd."
002917.SZ,Shenzhen King Explorer Science and Technology Corporation
301257.SZ,"SMO ClinPlus CO.,LTD."
002742.SZ,"Chongqing Jiheng Pharmaceutical Co., Ltd."
300200.SZ,"Beijing Comens New Materials Co.,Ltd."
300752.SZ,"Shenzhen Longli Technology Co.,Ltd"
002148.SZ,"Beijing Bewinner Communications Co., Ltd."
002054.SZ,"Dymatic Chemicals,Inc."
301077.SZ,"Zhejiang Chinastars New Materials Group Co., Ltd."
002296.SZ,"HeNan Splendor Science & Technology Co., Ltd."
300521.SZ,"AMSKY Technology Co., Ltd"
300225.SZ,"Shanghai Kinlita Chemical Co., Ltd."
300078.SZ,"Hangzhou Century Co., Ltd"
002451.SZ,"Shanghai Morn Electric Equipment Co., Ltd."
300562.SZ,"Guangdong Transtek Medical Electronics Co., Ltd"
002369.SZ,"Shenzhen Zowee Technology Co., Ltd."
001378.SZ,"Guangdong Decro Film New Materials Co., Ltd."
002103.SZ,"Guangbo Group Stock Co., Ltd."
300608.SZ,"Beijing Si-Tech Information Technology Co., Ltd."
002357.SZ,"Sichuan Fulin Transportation Group Co., Ltd."
300190.SZ,"WELLE Group Co., Ltd."
301499.SZ,"Shanghai Vico Precision Mold &Plastics Co,. Ltd."
000926.SZ,"Hubei Fuxing Science and Technology Co.,Ltd"
300424.SZ,"Guangzhou Hangxin Aviation Technology Co., Ltd."
002548.SZ,"Shenzhen Kingsino Technology Co.,Ltd."
300683.SZ,"Wuhan Hiteck Biological Pharma Co.,Ltd"
301121.SZ,"Chongqing VDL Electronics Co., Ltd."
300270.SZ,"Joyware Electronics Co.,Ltd"
301588.SZ,Newtechwood Corporation
000514.SZ,"Chongqing Yukaifa Co., Ltd"
001390.SZ,Anhui Guqi Down & Feather Textile Incorporated
300881.SZ,"Shengtak New Material Co., Ltd"
301138.SZ,"Guangzhou Huayan Precision Machinery Co.,Ltd."
300805.SZ,"Guangdong Brandmax Marketing Co.,Ltd."
301111.SZ,"Guangdong Lifestrong Pharmacy Co., Ltd."
300822.SZ,"Shenzhen Bestek Technology Co., Ltd."
000788.SZ,"PKU HealthCare Corp.,Ltd."
301195.SZ,"Nanjing Bestway Intelligent Control Technology Co., Ltd."
002581.SZ,"Shandong Sinobioway Biomedicine Co., Ltd."
300110.SZ,"Huaren Pharmaceutical Co., Ltd."
300546.SZ,"Shenzhen Emperor Technology Co., Ltd."
000530.SZ,"Bingshan Refrigeration & Heat Transfer Technologies Co., Ltd."
200530.SZ,"Bingshan Refrigeration & Heat Transfer Technologies Co., Ltd."
002395.SZ,"Wuxi Double Elephant Micro Fibre Material Co.,Ltd"
003037.SZ,"Guangdong Sanhe Pile Co., Ltd."
001282.SZ,"Wuhu Sanlian Forging Co., Ltd."
300664.SZ,"Penyao Environmental Protection Co., Ltd."
002868.SZ,"Lifecome Biochemistry Co.,Ltd."
001226.SZ,"Anhui Tuoshan Heavy Industry Co., Ltd."
300160.SZ,"Jiangsu Xiuqiang Glasswork Co., Ltd."
000731.SZ,"Sichuan Meifeng Chemical Industry Co., Ltd."
001217.SZ,"Anhui Huaertai Chemical Co., Ltd."
002224.SZ,"Sanlux Co.,Ltd"
000803.SZ,Shandong High Speed Renewable Energy Group Limited
002394.SZ,"Jiangsu Lianfa Textile Co.,Ltd"
300945.SZ,"MCLON JEWELLERY Co.,Ltd."
001306.SZ,"Zhejiang XiaSha Precision Manufacturing Co., Ltd."
003015.SZ,"Jiangsu Rijiu Optoelectronics Jointstock Co., Ltd"
000668.SZ,"Rongfeng Holding Group Co.,Ltd."
300427.SZ,Red phase INC.
301112.SZ,"United Faith Auto-Engineering Co.,Ltd."
300288.SZ,"Longmaster Information & Technology Co., Ltd."
301222.SZ,"Zhejiang Hengwei Battery Co., Ltd."
300948.SZ,"Qingdao Greensum Ecology Co., Ltd."
002037.SZ,"Poly Union Chemical Holding Group Co., Ltd."
301107.SZ,"Chongqing YuXin Pingrui Electronic Co., Ltd."
002963.SZ,"Haoersai Technology Group Corp., Ltd."
300649.SZ,"Hangzhou Landscape Architecture Design Institute Co., Ltd."
000798.SZ,"CNFC Overseas Fisheries Co.,Ltd"
002932.SZ,"Wuhan Easy Diagnosis Biomedicine Co.,Ltd."
000736.SZ,"CCCG Urban Development Holding Group Co., Ltd."
300095.SZ,"Jiangxi Huawu Brake Co.,Ltd."
002669.SZ,"Kangda New Materials (Group) Co., Ltd."
000701.SZ,Xiamen Xindeco Ltd.
300658.SZ,"Xiamen Yanjan New Material Co., Ltd."
000868.SZ,"Anhui Ankai Automobile Co., Ltd"
002175.SZ,"Guangxi Oriental Intelligent Manufacturing Technology Co., Ltd."
300817.SZ,"SF Oilless Bearing Group Co., Ltd."
002374.SZ,"Shandong Chiway Industry Development Co.,Ltd"
002646.SZ,"Qinghai Huzhu TianYouDe Highland Barley Spirit Co., Ltd."
300826.SZ,"NanJing Research Institute of Surveying, Mapping & Geotechnical Investigation,Co.Ltd."
300890.SZ,"Shanghai XFH Technology Co., Ltd"
301266.SZ,"Suzhou YourBest New-type Materials Co.,Ltd."
301119.SZ,Hangzhou Zhengqiang Corporation Limited
000838.SZ,"CASIN Real Estate Development Group Co.,Ltd."
002666.SZ,"Guangdong Delian Group Co., Ltd."
300829.SZ,"Henan Jindan Lactic Acid Technology Co.,Ltd."
000710.SZ,"Berry Genomics Co.,Ltd"
002178.SZ,"Shanghai Yanhua Smartech Group Co., Ltd."
300163.SZ,"Ningbo Xianfeng New Material Co.,Ltd"
300419.SZ,"Beijing Interact Technology Co.,Ltd."
300879.SZ,"Ningbo Daye Garden Machinery Co.,Ltd."
301518.SZ,"Changhua Chemical Technology Co., Ltd."
003028.SZ,Genbyte Technology Inc.
301313.SZ,Guangzhou Frontop Digital Creative Technology Corporation
001395.SZ,"Yalian Machinery Co., Ltd."
300530.SZ,"Hunan Lead Power Technology Group Co., Ltd."
301199.SZ,"MH Robot & Automation Co., Ltd."
301459.SZ,"Zhejiang Fengmao Technology Co., Ltd."
300092.SZ,"Sichuan Kexin Mechanical and Electrical Equipment Co.,Ltd"
001259.SZ,"Beijing Liven Technology Co.,Ltd."
002826.SZ,Tibet AIM Pharm. Inc.
002388.SZ,"Sunyes Manufacturing (Zhejiang) Holding Co., Ltd."
300094.SZ,"Zhanjiang Guolian Aquatic Products Co., Ltd."
300897.SZ,"Hangzhou Seck Intelligent Technology Co., Ltd."
002355.SZ,"Xingmin Intelligent Transportation Systems (Group) Co., Ltd."
301081.SZ,"Yanpai Filtration Technology Co., Ltd."
002762.SZ,"Jinfa Labi Maternity & Baby Articles Co., Ltd"
003002.SZ,"Shanxi Huhua Group Co., Ltd."
301399.SZ,"Zhejiang Extek Technology Co., Ltd."
002072.SZ,"Kairuide Holding Co.,Ltd."
301311.SZ,"KSEC Intelligent Technology Co., Ltd."
002391.SZ,"Jiangsu Changqing Agrochemical Co., Ltd."
301575.SZ,"JiangXi Avonflow HVAC Tech Co., Ltd."
002912.SZ,"Shenzhen Sinovatio Technology Co., Ltd."
301220.SZ,"Kunshan Asia Aroma Corp., Ltd."
002878.SZ,"Beijing Yuanlong Yato Culture Dissemination Co.,Ltd."
300582.SZ,"Inventronics (Hangzhou), Inc."
000421.SZ,"Nanjing Public Utilities Development Co., Ltd."
300056.SZ,"Xiamen Zhongchuang Environmental Technology Co., Ltd"
300289.SZ,"Beijing Leadman Biochemistry Co.,Ltd."
002542.SZ,"China Zhonghua Geotechnical Engineering Group Co., Ltd."
001318.SZ,"Jiangxi Sunshine Dairy Co., Ltd."
002313.SZ,"Sunsea AIoT Technology Co., Ltd."
002012.SZ,"Zhejiang Kan Specialities Material Co., Ltd."
300967.SZ,"Ningxia Xiaoming Agriculture & Animal Husbandry Co.,Ltd"
002021.SZ,"Zoje Resources Investment Co., Ltd."
002404.SZ,"Zhejiang Jiaxin Silk Corp.,Ltd."
002485.SZ,"Cedar Development Co.,Ltd."
300250.SZ,"Hangzhou CNCR-IT Co.,Ltd"
002981.SZ,Risuntek Inc.
301302.SZ,"Beijing Huaru Technology Co., Ltd."
300135.SZ,"Jiangsu Baoli International Investment Co., Ltd."
002329.SZ,"Royal Group Co.,Ltd."
002282.SZ,"Bosun Co., Ltd."
301329.SZ,"Singatron Electronic (China) Co., Ltd."
002278.SZ,Shanghai SK Petroleum & Chemical Equipment Corporation Ltd.
002575.SZ,"Guang Dong Qun Xing Toys Joint-Stockco.,Ltd."
300515.SZ,"Hunan Sundy Science and Technology Co., Ltd"
000068.SZ,"Shenzhen Huakong Seg Co., Ltd."
300884.SZ,"Dnake (Xiamen) Intelligent Technology Co., Ltd."
002798.SZ,"DO and Shuihua Group Co., Ltd."
301223.SZ,"ZRP Printing Group Co., Ltd"
301056.SZ,"Sicher Elevator Co., Ltd."
300804.SZ,"Yingde Greatchem Chemicals Co., Ltd."
001256.SZ,"Zhejiang Weigang Technology Co., Ltd."
301100.SZ,"Yingkou Fengguang Advanced Material Co.,Ltd"
301587.SZ,"Changzhou Wujin Zhongrui Electronic Technology Co., Ltd."
002952.SZ,"Yes Optoelectronics (Group) Co., Ltd."
301129.SZ,"Runa Smart Equipment Co., Ltd."
001325.SZ,"Yachoo Technology Co., Ltd."
003029.SZ,"Jilin University Zhengyuan Information Technologies Co., Ltd."
300411.SZ,"Zhejiang Jindun Fans Co., Ltd"
002599.SZ,"Beijing Shengtong Printing Co., Ltd"
301552.SZ,"Hebei Keli Automobile Equipment Co., Ltd."
001379.SZ,"Shandong Tengda Fasten Tech. Co., Ltd."
000789.SZ,"Jiangxi Wannianqing Cement Co., Ltd."
300132.SZ,"FuJian Nox Bellcow Holdings Co., Ltd."
002496.SZ,"Jiangsu Huifeng Bio Agriculture Co., Ltd."
002795.SZ,"Yorhe Fluid Intelligent Control Co., Ltd."
300787.SZ,Anfu CE LINK Limited
003005.SZ,"Beijing Jingyeda Technology Co.,Ltd."
300877.SZ,"AnHui Jinchun Nonwoven Co., Ltd."
300875.SZ,"Tianjin Jieqiang Power Equipment Co.,Ltd."
300716.SZ,"Guangdong Quanwei Technology Co.,Ltd."
300172.SZ,"Cec Environmental Protection Co.,Ltd"
000570.SZ,"Changchai Company, Limited"
200570.SZ,"Changchai Company, Limited"
301380.SZ,"Beijing Waluer Information Technology Co., Ltd."
301361.SZ,"SMARTGEN (Zhengzhou) Technology Co., Ltd."
300238.SZ,"Guanhao Biotech Co.,Ltd."
000576.SZ,"Guangdong Ganhua Science & Industry Co.,Ltd."
300032.SZ,"Jinlong Machinery & Electronic Co.,Ltd"
001218.SZ,"HUNAN RESUN Co., Ltd."
002200.SZ,"YCIC Eco-Technology Co.,Ltd."
301178.SZ,"Guangdong TianYiMa Information Industry Co.,Ltd."
301136.SZ,"Fujian Tendering Co., Ltd."
002403.SZ,"Aishida Co., Ltd"
001299.SZ,"Shaanxi Meineng Clean Energy Corp.,Ltd."
000554.SZ,"SINOPEC Shandong Taishan Pectroleum Co., Ltd."
300941.SZ,"Chase Science Co., Ltd"
300366.SZ,"Troy Information Technology Co., Ltd."
002343.SZ,"Ciwen Media Co.,Ltd."
300051.SZ,"Lians Technology Co., Ltd."
300162.SZ,"Ledman Optoelectronic Co., Ltd."
300069.SZ,"Jinlihua Electric Co., Ltd."
301633.SZ,"Wuhan Guide Technology Co., Ltd."
002933.SZ,"Beijing Emerging Eastern Aviation Equipment Co., Ltd."
002864.SZ,"Shaanxi Panlong Pharmaceutical Group Co., Ltd."
001225.SZ,"Hangzhou Hota M&E Holdings Co., Ltd."
301598.SZ,"BBK Test Systems Co., Ltd"
301555.SZ,"Wells Advanced Materials (Shanghai) Co., Ltd."
002879.SZ,"Chang Lan Technology Group Co., Ltd."
002908.SZ,"Guangdong Tecsun Science & Technology Co.,Ltd."
001358.SZ,"Shaoxing Xingxin New Material Co.,Ltd"
300647.SZ,Shenzhen Fluence Technology PLC.
001201.SZ,"Dongrui Food Group Co., Ltd."
002259.SZ,"Sichuan Shengda Forestry Industry Co., Ltd"
300719.SZ,"Beijing Andawell Science & Technology Co., Ltd."
300808.SZ,"Guangdong DP Co.,Ltd."
301270.SZ,"Beijing Hanyi Innovation Technology Co., Ltd."
002763.SZ,"Shenzhen Huijie Group Co., Ltd."
301062.SZ,"Shanghai Ailu Package Co., Ltd."
002623.SZ,"Changzhou Almaden Co., Ltd."
300375.SZ,"Tianjin Pengling Group Co.,Ltd"
002921.SZ,"Shandong Liancheng Precision Manufacturing Co., Ltd"
300849.SZ,"Zhejiang Jinsheng New Materials Co.,Ltd."
300980.SZ,Hubei Xiangyuan New Material Technology Inc.
002476.SZ,"Shandong Newleaf Chemical Co., Ltd."
301226.SZ,Changzhou Xiangming Intelligent Drive System Corporation
300746.SZ,"Hanjia Digital Intelligence Science and Technology Group Co., Ltd."
002692.SZ,"Yuan Cheng Cable Co.,Ltd."
002825.SZ,"Shanghai NAR Industrial Co., Ltd"
001367.SZ,"Zhejiang Haisen Pharmaceutical Co., Ltd."
300086.SZ,"Honz Pharmaceutical Co., Ltd."
002806.SZ,"Guangdong Huafeng New Energy Technology Co.,Ltd."
300940.SZ,"Shen Zhen Australis Electronic Technology Co.,Ltd."
002972.SZ,"Shenzhen Keanda Electronic Technology Corp., Ltd."
300970.SZ,"Jiangsu Chinagreen Biological Technology Group Co.,Ltd."
300710.SZ,"Hangzhou Prevail Optoelectronic Equipment Co., Ltd."
301089.SZ,"Tuoxin Pharmaceutical Group Co.,Ltd."
002347.SZ,"Taier Heavy Industry Co., Ltd."
300247.SZ,"Youngy Health Co., Ltd."
300609.SZ,"Winner Technology Co., Inc."
002689.SZ,"Shenyang Yuanda Intellectual Industry Group Co.,Ltd"
301042.SZ,"Zhuhai Raysharp Technology Co.,Ltd."
002286.SZ,"Baolingbao Biology Co.,Ltd."
301020.SZ,"Yantai Ishikawa Sealing Technology Co., Ltd."
300381.SZ,"Guangdong VTR Bio-Tech Co., Ltd."
002168.SZ,"Chongqing Hifuture Information Technology Co., Ltd."
002084.SZ,"Guangzhou Seagull Kitchen and Bath Products Co., Ltd."
300112.SZ,"Shenzhen Maxonic Automation Control Co., Ltd."
000715.SZ,"Zhongxing Shenyang Commercial Building Group Co.,Ltd"
301335.SZ,"Hangzhou Tianyuan Pet Products CO., LTD"
300157.SZ,"New JCM Group Co.,Ltd"
300550.SZ,"Heren Health Co.,Ltd."
002199.SZ,"Zhejiang East Crystal Electronic Co.,Ltd."
300187.SZ,"Yonker Environmental Protection Co.,Ltd"
300578.SZ,"BizConf Telecom Co.,Ltd."
001335.SZ,"Trust Chem Co., Ltd."
002995.SZ,"Beijing Quanshi World Online Network Information Co., Ltd."
301043.SZ,"Guangdong Nedfon Air System Co., Ltd."
301019.SZ,"Ningbo Color Master Batch Co., Ltd."
300329.SZ,"Hailun Piano Co.,Ltd."
002248.SZ,"Weihai Huadong Automation Co., Ltd"
300891.SZ,"Guangdong Huiyun Titanium Industry Co., Ltd."
301255.SZ,"Zhejiang TongLi Transmission Technology Co., Ltd."
300239.SZ,"Baotou Dongbao Bio-Tech Co.,Ltd"
002425.SZ,"Kaiser (China) Culture Co., LTD"
301027.SZ,"Hualan Group Co., Ltd."
300982.SZ,"Suwen Electric Energy Technology Co.,Ltd."
000609.SZ,"Beijing Zodi Investment Co., Ltd."
300600.SZ,"Changshu Guorui Technology Co.,Ltd."
002905.SZ,Guangzhou Jinyi Media Corporation
300922.SZ,"Qinhuangdao Tianqin Equipment Manufacturing Co.,Ltd."
001206.SZ,"Tianjin Yiyi Hygiene Products Co.,Ltd"
002331.SZ,"Anhui Wantong Technology Co.,Ltd."
002663.SZ,"Pubang Landscape Architecture Co., Ltd"
002861.SZ,"YingTong Telecommunication Co.,Ltd."
001220.SZ,"Shimeng Supply Chain Management Co., Ltd."
300452.SZ,"Anhui Sunhere Pharmaceutical Excipients Co.,Ltd."
300989.SZ,LAY-OUT Planning Consultants Co. Ltd.
002687.SZ,"Zhejiang Giuseppe Garment Co., Ltd"
002855.SZ,"Dongguan Chitwing Technology Co., Ltd."
300993.SZ,"Shandong Yuma Sun-shading Technology Corp., Ltd."
000910.SZ,"Dare Power Dekor Home Co.,Ltd."
300667.SZ,Beijing Beetech Inc.
300097.SZ,"Dalian Zhiyun Automation Co., Ltd."
003016.SZ,"Xin Hee Co.,Ltd."
301079.SZ,"ShaoYang Victor Hydraulics Co.,Ltd"
300266.SZ,"Xingyuan Environment Technology Co., Ltd."
300512.SZ,"Hangzhou Zhongya Machinery Co., Ltd."
301197.SZ,"Hebei Gongda Keya Technology Group Co., Ltd."
000698.SZ,"Shenyang Chemical Co., Ltd"
300591.SZ,"Guangdong Wanlima Industry Co. ,Ltd"
000897.SZ,"Tianjin Jinbin Development Co.,Ltd"
300865.SZ,"Chengdu Dahongli Machinery Co.,Ltd."
300955.SZ,"Jahen Household Products Co., Ltd."
000529.SZ,"Guangdong Guanghong Holdings Co.,Ltd."
300673.SZ,"Petpal Pet Nutrition Technology Co., Ltd."
301309.SZ,"Zhejiang Wandekai Fluid Equipment Technology Co., Ltd."
300904.SZ,"Yinchuan Weili Transmission Technology Co., Ltd."
300423.SZ,"Sunfly Intelligent Technology Co., LTD"
301581.SZ,"HuangShan Googe Co.,Ltd."
300479.SZ,"Synthesis Electronic Technology Co.,Ltd."
002398.SZ,"Lets Holdings Group Co., Ltd."
000153.SZ,"Anhui Fengyuan Pharmaceutical Co., Ltd."
300585.SZ,"NanJing AoLian AE&EA Co.,Ltd"
002547.SZ,"Suzhou Chunxing Precision Mechanical Co., Ltd."
000055.SZ,"China Fangda Group Co., Ltd."
200055.SZ,"China Fangda Group Co., Ltd."
301283.SZ,Focus Hotmelt Company Ltd.
000159.SZ,"Xinjiang International Industry Co.,Ltd"
301088.SZ,"Rumere Co.,Ltd."
001296.SZ,"Chongqing Changjiang River Moulding Material (Group) Co., Ltd."
002887.SZ,"Tianjin LVYIN Landscape and Ecology Construction Co., Ltd"
301502.SZ,"Jiangsu Huayang Intelligent Equipment Co.,Ltd."
002942.SZ,"Zhejiang XinNong Chemical Co.,Ltd."
300636.SZ,"Jiangxi Synergy Pharmaceutical Co., Ltd."
300575.SZ,"Jiangsu Flag Chemical Industry Co., Ltd."
300237.SZ,"Shandong Meichen Technology Group Co., Ltd."
002186.SZ,"China Quanjude(Group) Co.,Ltd."
001239.SZ,"Xiangtan Yongda Machinery Manufacturing Co., Ltd."
002748.SZ,"Jiangxi Selon Industrial Co., Ltd."
000978.SZ,Guilin Tourism Corporation Limited
002725.SZ,"Zhejiang Yueling Co., Ltd."
300780.SZ,"Sichuan Dawn Precision Technology Co.,Ltd."
002899.SZ,"Impulse (Qingdao) Health Tech Co.,Ltd."
301158.SZ,"Dezhou United Petroleum Technology Co.,Ltd."
300410.SZ,"Guangdong Zhengye Technology Co.,Ltd."
300988.SZ,TianJin JinRong TianYu Precision Machinery Inc.
301082.SZ,"Jiusheng Electric Co., Ltd."
002561.SZ,"Shanghai Xujiahui Commercial Co., Ltd."
002998.SZ,"Elite Color Environmental Resources Science & Technology Co., Ltd."
003023.SZ,"Chengdu Rainbow Appliance (Group) Shares Co., Ltd."
300426.SZ,"Zhejiang Huazhi Digital Media Co., Ltd."
001215.SZ,"Zhengzhou Qianweiyangchu Food Co., Ltd."
002722.SZ,"Wuchan Zhongda Geron Co.,Ltd."
300510.SZ,"JILIN JINGUAN ELECTRIC Co.,Ltd"
001300.SZ,"Sportsoul Co.,Ltd."
301151.SZ,"Shanghai Karon Eco-Valve Manufacturing Co., Ltd."
002551.SZ,"Shenzhen Glory Medical Co.,Ltd."
301386.SZ,"Suzhou Future Electrical Co., Ltd."
000809.SZ,"Liaoning HeZhan Energy Group Co., Ltd."
002022.SZ,"Shanghai Kehua Bio-Engineering Co.,Ltd"
002863.SZ,"Zhejiang Jinfei Kaida Wheel Co.,Ltd."
002869.SZ,"Shenzhen Genvict Technologies Co., Ltd."
001228.SZ,"Yongtaiyun Chemical Logistics Co.,Ltd"
301290.SZ,"Jiangsu Canopus Wisdom Medical Technology Co.,Ltd."
300148.SZ,"Tangel Culture Co., Ltd."
000669.SZ,"Jinhong Holding Group Co., Ltd."
000802.SZ,"Beijing Jingxi Culture & Tourism Co.,Ltd"
300321.SZ,"Shandong Tongda Island New Materials Co.,Ltd."
301106.SZ,"Jiangsu Smartwin Electronics Technology Co.,Ltd."
300730.SZ,"Hunan Creator Information Technologies CO., LTD."
300365.SZ,"Beijing Forever Technology Co., Ltd."
300437.SZ,"Henan Qingshuiyuan Technology CO.,Ltd"
301318.SZ,ValueHD Corporation
002753.SZ,"Shanxi Yongdong Chemistry Industry Co., Ltd."
300786.SZ,"Qingdao Guolin Technology Group Co.,Ltd."
301066.SZ,"Hangzhou Wensli Silk Culture Co., Ltd."
300902.SZ,"Guoanda Co., Ltd."
000972.SZ,"Chalkis Health Industry Co., Ltd"
300810.SZ,"Beijing Zhongkehaixun Digital S&T Co., Ltd."
300279.SZ,"Wuxi Hodgen Technology Co., Ltd."
300753.SZ,"Jiangsu Apon Medical Technology Co., Ltd."
300264.SZ,AVIT Ltd.
301395.SZ,"Renxin New Material Co., Ltd."
301287.SZ,"Jiangsu Kangliyuan Sports Tech. Co., Ltd."
002234.SZ,"Shandong Minhe Animal Husbandry Co., Ltd."
300306.SZ,"HangZhou Everfine Photo-e-info Co., Ltd."
300701.SZ,"Senba Sensing Technology Co.,Ltd."
301173.SZ,"Shanghai Mobitech Technology Co.,Ltd."
002682.SZ,"Longzhou Group Co., Ltd."
301041.SZ,"Shenzhen King Brother Electronics Technology Co.,Ltd."
300052.SZ,"Shenzhen Zqgame Co., Ltd"
000826.SZ,"TUS Environmental Science and Technology Development Co., Ltd."
003001.SZ,"Zhongyan Technology Co., Ltd."
002875.SZ,"Annil Co.,Ltd"
000586.SZ,"Sichuan Huiyuan Optical Communication Co., Ltd."
001319.SZ,"Winstech Precision Holding Co., LTD."
002852.SZ,"Daodaoquan Grain and Oil Co.,Ltd."
301616.SZ,"Zhejiang Huaye Plastics Machinery Co., Ltd."
300175.SZ,"Lontrue Co., Ltd."
300966.SZ,"Hubei Goto Biopharm Group Co., Ltd."
300425.SZ,"Cscec Scimee Sci.&Tech. Co.,Ltd"
300853.SZ,"Hangzhou Shenhao Technology Co.,LTD."
002090.SZ,"Wiscom System Co., Ltd."
001238.SZ,"Zhejiang Zhengte Co., Ltd."
000797.SZ,"China Wuyi Co., Ltd."
300686.SZ,"Shenzhen CDL Precision Technology Co., Ltd"
300639.SZ,"Guangdong Hybribio Biotech Co.,Ltd."
301295.SZ,"Zhejiang Meishuo Electric Technology Co.,Ltd"
002613.SZ,"Luoyang Northglass Technology Co.,Ltd"
300040.SZ,"Harbin Jiuzhou Group Co.,Ltd."
300998.SZ,"Ningbo Fangzheng Automobile Mould Co.,Ltd."
002521.SZ,"Qifeng New Material Co., Ltd."
301016.SZ,"Nanjing Railway New Technology Co.,Ltd."
002693.SZ,"Hainan Shuangcheng Pharmaceuticals Co., Ltd."
301227.SZ,"Harbin Sayyas Windows Co., Ltd."
000607.SZ,"Zhejiang Huamei Holding CO., LTD."
300193.SZ,"Shenzhen Jasic Technology Co.,Ltd."
000037.SZ,"Shenzhen Nanshan Power Co., Ltd."
200037.SZ,"Shenzhen Nanshan Power Co., Ltd."
002107.SZ,"Shandong Wohua Pharmaceutical Co., Ltd."
300690.SZ,"Shandong Shuangyi Technology Co., Ltd."
301067.SZ,"Fullink Technology Co.,Ltd"
300235.SZ,"Shenzhen Fangzhi Science & Technology Co.,Ltd."
300942.SZ,"Shenzhen Bioeasy Biotechnology Co., Ltd."
002659.SZ,"Beijing Kaiwen Education Technology Co., Ltd"
002136.SZ,"Anhui Annada Titanium Industry Co., Ltd."
301059.SZ,Jinsanjiang (Zhaoqing) Silicon Material Company Limited
301428.SZ,"Shijihengtong Technology Co., Ltd."
003030.SZ,Zuming Bean Products Group Corp.
300301.SZ,"Shenzhen Changfang Group Co., Ltd."
300615.SZ,XDC Industries (Shenzhen) Limited
002397.SZ,"Hunan Mendale Hometextile Co.,Ltd"
300020.SZ,"Enjoyor Technology Co., Ltd."
300625.SZ,"Guangdong PAK Corporation Co., Ltd."
300538.SZ,"Shenzhen Tongyi Industry Co., Ltd."
301212.SZ,"Zhejiang Realsun Chemical Co.,Ltd."
000419.SZ,Changsha Tongcheng Holdings Co.Ltd
301040.SZ,"Zhangjiagang Zhonghuan Hailu High-End Equipment Co., Ltd."
001222.SZ,"Wenzhou Yuanfei pet toy products Co., Ltd."
002660.SZ,"Moso Power Supply Technology Co.,Ltd"
001205.SZ,"Nanjing Shenghang Shipping Co., Ltd."
300269.SZ,"Shenzhen Liantronics Co.,Ltd"
300536.SZ,"Wuhan Nusun Landscape Co., Ltd."
301130.SZ,"Jilin Province Xidian Pharmaceutical Sci-Tech Development Co.,Ltd"
002767.SZ,"Hangzhou Innover Technology Co., Ltd."
002702.SZ,"HaiXin Foods Co.,Ltd"
300281.SZ,"Guangdong Jinming Machinery Co., Ltd."
300994.SZ,Joy Kie Corporation Limited
300653.SZ,"Yantai Zhenghai Biotechnology Co., Ltd."
301337.SZ,"Yarward Electronics (Shandong) Co., Ltd."
301469.SZ,"Zhejiang Hengda New Material Co.,Ltd."
300374.SZ,"China Railway Prefabricated Construction Co., Ltd"
301299.SZ,"Sublime China Information Co., Ltd."
300659.SZ,Zhongfu Information Inc.
300477.SZ,"Hezong Science&Technology Co., Ltd."
300631.SZ,"JiangSu JiuWu Hi-Tech Co., Ltd."
002888.SZ,"HiVi Acoustics Technology Co., Ltd"
002726.SZ,"Shandong Longda Meishi Co., Ltd."
300335.SZ,"Guangzhou Devotion Thermal Technology Co., Ltd."
300359.SZ,"Qtone Education Group (Guangdong) Co.,Ltd"
301533.SZ,"Weima Agricultural Machinery Co.,Ltd."
300950.SZ,"Doright Co.,Ltd."
000014.SZ,"Shahe Industrial Co., Ltd."
002893.SZ,"Beijing Jingneng Thermal Co., Ltd."
300965.SZ,"Beijing Hengyu Datacom Aviation Equipment Co., Ltd."
003038.SZ,"Anhui Xinbo Aluminum Co., Ltd."
300509.SZ,"Jiangsu Newamstar Packaging Machinery Co.,Ltd"
002574.SZ,"Zhejiang Ming Jewelry Co., Ltd."
300484.SZ,"Shenzhen V&T Technologies Co., Ltd."
300789.SZ,"Chengdu Tangyuan Electric Co.,Ltd."
300501.SZ,"HySum Flexibles Global, Inc."
301057.SZ,"Zhejiang Huilong New Materials Co.,Ltd."
002330.SZ,"Shandong Delisi Food Co., Ltd."
002442.SZ,"Longxing Technology Group Co., Ltd."
300807.SZ,"Zhengzhou Tiamaes Technology Co., Ltd."
301023.SZ,"Jiangnan Yifan Motor Co.,Ltd"
002830.SZ,"Shenzhen Mingdiao Decoration Co.,Ltd."
301097.SZ,"Ningbo Tianyi Medical Appliance Co., Ltd."
002700.SZ,"Xinjiang Wanjing Energy Co., Ltd."
001368.SZ,"Tongda Smart Tech (Xiamen) Co., Ltd."
000565.SZ,"Chongqing Sanxia Paints Co., Ltd"
002877.SZ,"Wuxi Smart Auto-Control Engineering Co., Ltd."
001333.SZ,"Zhejiang Guanghua Technology Co.,Ltd."
002712.SZ,"Simei Media Co.,Ltd."
000545.SZ,"Gpro Titanium Industry Co., Ltd."
301418.SZ,"Jiangsu Xiechang Electronic Technology Group Co., Ltd."
300165.SZ,"Jiangsu Skyray Instrument Co., Ltd."
000020.SZ,"Shenzhen Zhongheng Huafa Co., Ltd."
002209.SZ,"Guangzhou Tech-Long Packaging Machinery Co.,Ltd."
301586.SZ,"Anhui Jialiqi Advanced Composites Technology Co., Ltd."
002069.SZ,"Zoneco Group Co., Ltd."
000790.SZ,"Chengdu huasun technology group Inc. , LTD."
301118.SZ,"Hunan Hengguang Technology Co., Ltd."
002771.SZ,Beijing Transtrue Technology Inc.
000635.SZ,"Ningxia Yinglite Chemicals Co., Ltd"
301567.SZ,"Beilong Precision Technology Co., Ltd."
002769.SZ,"Guangdong Prolto Supply Chain Management Co., Ltd."
301103.SZ,"Liaoning He Eye Hospital Group Co., LTD."
002098.SZ,"Fujian SBS Zipper Science&Technology Co., Ltd"
002431.SZ,"Palm Eco-Town Development Co., Ltd"
300141.SZ,"Suzhou Industrial Park Heshun Electric Co., Ltd."
300930.SZ,"Hangzhou Yitong New Material Co., LTD"
300150.SZ,"Beijing Century Real Technology Co.,Ltd"
300242.SZ,Jiayun Technology Inc.
300555.SZ,"Lootom Telcovideo Network (wuxi) Co., Ltd."
002729.SZ,Hollyland (China) Electronics Technology Corporation Limited
300915.SZ,"Shanghai Hi-Road Food Technology Co., Ltd."
301636.SZ,"Zerun Co., Ltd"
300906.SZ,"Jiangxi Everbright Measurement And Control Technology Co.,Ltd."
300845.SZ,"Zhengzhou Jiean Hi-Tech Co.,Ltd."
300960.SZ,"Shenzhen Tongye Technology Co.,Ltd."
301166.SZ,"Shanghai Universal Biotech Co.,Ltd."
300898.SZ,Panda Dairy Corporation
002377.SZ,"Hubei Guochuang Hi-tech Material Co.,Ltd"
300155.SZ,"Guangdong Anjubao Digital Technology Co., Ltd."
001324.SZ,"Changzhou Evergreen Technology Co., Ltd."
002295.SZ,"Guangdong JingYi Metal CO.,Ltd"
002790.SZ,"Xiamen R&T Plumbing Technology Co.,Ltd."
002723.SZ,"Kennede Electronics MFG. Co., Ltd."
301278.SZ,QC Solar Corporation
301185.SZ,Shandong Ouma Software Co. Ltd.
002982.SZ,"Hunan Xiangjia Animal Husbandry Co.,Ltd"
301577.SZ,"Guangdong Misun Technology Co., Ltd."
300824.SZ,"Shenzhen Crastal Technology Co.,Ltd"
002857.SZ,"SMS Electric Co.,Ltd.Zhengzhou"
200020.SZ,"Shenzhen Zhongheng Huafa Co., Ltd."
002977.SZ,"Chengdu Tianjian Technology Co., Ltd."
002813.SZ,"ShenZhen RoadRover Technology Co.,Ltd"
300103.SZ,"Dagang Holding Group Co.,Ltd."
002949.SZ,"Shenzhen Capol International & Associatesco.,Ltd"
301388.SZ,"Xinling Electrical CO., LTD."
300350.SZ,"HPF Co.,Ltd"
002890.SZ,"Shandong Hongyu Precision Machinery Co., Ltd."
300340.SZ,"Jiangmen Kanhoo Industry Co., Ltd"
301083.SZ,"JiangXi BaiSheng Intelligent Technology Co., Ltd."
300813.SZ,"Zhejiang Tailin BioEngineering Co.,Ltd"
002114.SZ,"Yunnan Luoping Zinc&Electricity Co., Ltd."
300977.SZ,"Shenzhen Ridge Engineering Consulting Co., Ltd."
301032.SZ,"Zhejiang Xinchai Co.,Ltd"
300565.SZ,"Shenzhen Kexin Communication Technologies Co.,Ltd"
300583.SZ,"Shandong Sito Bio-technology Co., Ltd."
300935.SZ,"Beijing YJK Building Software Co.,Ltd."
001219.SZ,"Qingdao Foods Co., Ltd."
301320.SZ,Qingdao Richmat Intelligence Technology Inc.
300703.SZ,"Cre8 Direct (NingBo) Co., Ltd."
301578.SZ,"Guangdong Seneasy Intelligent Technology Co.,Ltd."
301009.SZ,"Hangzhou Coco Healthcare Products Co.,Ltd."
301314.SZ,"Zhuhai Kles Technologyco.,Ltd"
301125.SZ,"Nanjing Toua Hardware and Tools Co., Ltd."
002828.SZ,"Beiken Energy Group Co., Ltd."
300173.SZ,"Funeng Oriental Equipment Technology Co., Ltd."
300796.SZ,"BSM Chemical Co.,Ltd."
300198.SZ,"Fujian Newchoice Pipe Technology Co., Ltd."
300854.SZ,"ShenZhen GAD Environmental Technology Co., Ltd."
300334.SZ,"Tianjin MOTIMO Membrane Technology Group Co., Ltd."
002661.SZ,"Chen Ke Ming Food Manufacturing Co., Ltd."
300543.SZ,"Shenzhen Longood Intelligent Electric Co.,Ltd"
301159.SZ,"Beijing SunwayWorld Science & Technology Co., Ltd."
300651.SZ,"Jiangsu Jinling Sports Equipment Co.,Ltd."
002420.SZ,"Guangzhou Echom Sci. & Tech. Co.,Ltd"
002159.SZ,"Wuhan Sante Cableway Group Co., Ltd."
300195.SZ,"Masterwork Group Co.,Ltd."
300937.SZ,"Sichuan Hezong Medicine Easy-to-buy Pharmaceutical Co., Ltd."
000705.SZ,"Zhejiang Zhenyuan Share Co.,Ltd."
301512.SZ,"Shenzhen Intelligent Precision Instrument Co., Ltd."
301353.SZ,"Zhejiang Prulde Electric Appliance Co., Ltd."
300956.SZ,Anhui Shiny Electronic Technology Company Limited
300460.SZ,"Guangdong Faith Long Crystal Technology Co.,LTD."
001277.SZ,"Zhengzhou Suda Industry Machinery Service Co., Ltd."
001234.SZ,"Jiiangsu Times Textile Technology Co.,LTD"
300013.SZ,"Henan Xinning Modern Logistics Co.,Ltd."
002816.SZ,"Shenzhen HEKEDA Precision Cleaning Equipment Co., Ltd."
000573.SZ,DongGuan Winnerway Industry Zone LTD.
300519.SZ,"Zhejiang Xinguang Pharmaceutical Co., Ltd."
000757.SZ,"Sichuan Haowu Electromechanical Co., Ltd."
002076.SZ,"Cnlight Co., Ltd."
002775.SZ,"Guangdong Wenke Green Technology Corp.,Ltd."
301011.SZ,GuangZhou Wahlap Technology Corporation Limited
300295.SZ,"Everyday Network Co.,Ltd."
301378.SZ,"Nanjing TDH Technology Co.,Ltd."
300987.SZ,"Sichuan Newsnet Media (Group) Co., Ltd."
300254.SZ,"ShanXi C&Y Pharmaceutical Group Co.,LTD."
301233.SZ,"Chengdu Shengbang Seals Co.,Ltd."
001211.SZ,"Suncha Technology Co., Ltd."
002058.SZ,"Shanghai Welltech Automation Co.,Ltd."
300876.SZ,"Guangdong Modern High-tech Fiber Co., Ltd"
300554.SZ,"NanJing Sanchao Advanced Materials Co.,Ltd."
301105.SZ,"Guangdong Hongming Intelligent Joint Stock Co., Ltd."
300513.SZ,"Beijing E-Techstar Co.,Ltd."
300800.SZ,"Lihe Technology (Hunan) Co., Ltd."
002576.SZ,"Jiangsu Tongda Power Technology Co.,Ltd."
301117.SZ,"Jiayuan Science and Technology Co.,Ltd."
002360.SZ,"Shanxi Tond Chemical Co., Ltd."
000692.SZ,"Shenyang Huitian Thermal Power Co.,Ltd"
300784.SZ,"Ningbo Lian Technology Co.,Ltd"
002862.SZ,"Shifeng Cultural Development Co., Ltd."
002381.SZ,"Zhejiang Double Arrow Rubber Co., Ltd."
300694.SZ,Wuxi Lihu Corporation Limited.
300268.SZ,"Joyvio Food Co., Ltd"
300892.SZ,"Pinlive Foods Co., Ltd."
002566.SZ,"Jilin Jian Yisheng Pharmaceutical Co., Ltd."
300992.SZ,"Zhejiang Taifu Pump Co., Ltd"
300883.SZ,"LD Intelligent Technology CO., Ltd"
003017.SZ,"Zhe Jiang Dayang Biotech Group Co., Ltd."
000752.SZ,"Tibet Development Co., Ltd."
300211.SZ,"Jiangsu Yitong High-Tech Co., Ltd."
300412.SZ,Zhejiang Canaan Technology Limited
301258.SZ,"Suzhou Fushilai Pharmaceutical Co., Ltd."
000952.SZ,"Hubei Guangji Pharmaceutical Co., Ltd."
300305.SZ,"Jiangsu Yuxing Film Technology Co., Ltd"
000955.SZ,Xinglong Holding (Group) Company Ltd.
300240.SZ,Jiangsu Feiliks International Logistics Inc.
300837.SZ,"Zhe Kuang Heavy Industry Co.,Ltd."
000548.SZ,"Hunan Investment Group Co.,Ltd."
301170.SZ,"Wuxi Xinan Technology Co., Ltd."
002492.SZ,"Zhuhai Winbase International Chemical Tank Terminal Co.,Ltd"
001255.SZ,"Zhejiang Bofay Electric Co., Ltd."
301052.SZ,"GUOMAI Culture & Media Co., Ltd."
301022.SZ,"Qingdao Hi-Tech Moulds & Plastics Technology Co., Ltd."
001202.SZ,"Jushen Logistics Group Co., Ltd."
002679.SZ,"Fujian Jinsen Forestry Co.,Ltd"
000590.SZ,"Guhan Pharmaceutical Group Co., Ltd."
000679.SZ,"Dalian Friendship (Group) Co., Ltd."
001209.SZ,"Guangdong Hongxing Industrial Co., Ltd."
301601.SZ,"Yangzhou Huitong Technology Corp., Ltd."
002856.SZ,"Shenzhen Magic Design & Decoration Engineering Co., Ltd."
301331.SZ,"Enwei Pharmaceutical Co., Ltd."
301503.SZ,G.Tech Technology Ltd.
300961.SZ,"Hynar Water Group Co., Ltd."
002319.SZ,"Letong Chemical Co.,LTD"
300844.SZ,"Guangzhou S.P.I Design Co., Ltd."
300644.SZ,"Nanjing Julong Science & Technology Co.,LTD"
002622.SZ,"Whole Shine Medical Technology Co., Ltd."
300929.SZ,"Anhui Huaqi Environmental Protection & Technology Co., Ltd."
002671.SZ,"Shandong Longquan Pipe Industry Co.,Ltd"
002848.SZ,"Gospell Digital Technology Co., Ltd."
001387.SZ,"Hefei Snowky Electric Co., Ltd."
300422.SZ,"Guangxi Bossco Environmental Protection Technology Co., Ltd."
002486.SZ,"Shanghai Challenge Textile Co.,Ltd."
002800.SZ,"Xinjiang Tianshun Supply Chain Co., Ltd."
300732.SZ,"Henan ZhongGong Design & Research Group Co., Ltd."
002105.SZ,HL Corp (Shenzhen)
301036.SZ,"Sunlour Pigment Co., Ltd."
300610.SZ,"Yangzhou Chenhua New Material Co., Ltd."
000953.SZ,"Guangxi Chisage Fine Chemical Technology Co., Ltd."
002780.SZ,"Beijing Sanfo Outdoor Products Co., Ltd"
300665.SZ,"Zhuzhou Feilu High-Tech Materials Co., Ltd."
002799.SZ,"Xi'an Global Printing Co., Ltd."
300995.SZ,"Guangdong Kitech New Material Holding Co.,Ltd."
300106.SZ,"Xinjiang Western Animal Husbandry Co., Ltd"
003027.SZ,"Tongxing Environmental Protection Technology Co.,Ltd"
300912.SZ,"Kailong High Technology Co., Ltd."
301539.SZ,"Zhejiang Hongxin Technology Co., Ltd."
002836.SZ,"Guangdong New Grand Long Packing Co., Ltd."
000619.SZ,"Conch (Anhui) Energy Saving and Environment Protection New Material Co., Ltd."
301231.SZ,"Rongxin Education and Culture Industry Development Co., Ltd."
002999.SZ,"Guangdong Tianhe Agricultural Means of Production Co., Ltd."
002253.SZ,"Wisesoft Co., Ltd."
002732.SZ,"Guangdong Yantang Dairy Co., Ltd."
002495.SZ,"Guangdong Jialong Food Co., Ltd."
300616.SZ,"Guangzhou Shangpin Home Collection Co., Ltd."
300743.SZ,"Hangzhou Todaytec Digital Co., Ltd"
301229.SZ,"Jiangsu New Technology Group Co.,Ltd."
002696.SZ,"Baiyang Investment Group, Inc."
300387.SZ,"Hubei Forbon Technology Co.,Ltd."
002858.SZ,"Lisheng Sports (Shanghai) Co.,Ltd"
301135.SZ,"Guangdong Real-Design Intelligent Technology Co., Ltd"
301198.SZ,"Ningbo Joy Intelligent Logistics Technology Co.,Ltd."
000637.SZ,"Maoming Petro-Chemical Shihua Co., Ltd"
300030.SZ,"Improve Medical Instruments Co., Ltd."
301359.SZ,"Dongnan Electronics Co.,Ltd"
002598.SZ,"Shandong Zhangqiu Blower Co., Ltd"
301156.SZ,"Shanghai Menon Animal Nutrition Technology Co., Ltd."
300371.SZ,"Huizhong Instrumentation Co., Ltd."
300612.SZ,"Shunya International Martech (Beijing) Co., Ltd."
002802.SZ,"Wuxi Honghui New Materials Technology Co., Ltd."
300637.SZ,"Yangfan New Materials (Zhejiang) Co., Ltd."
300707.SZ,"VT Industrial Technology Co.,Ltd"
301336.SZ,"Chengdu Qushui Science and Technology Co., Ltd."
001231.SZ,"Norsyn Crop Technology Co., Ltd."
300074.SZ,"AVCON Information Technology Co., Ltd."
300713.SZ,"Shenzhen Increase Technology Co., Ltd."
300971.SZ,"Xiangyang BOYA Precision Industrial Equipments Co., Ltd"
301098.SZ,Jinpu Landscape Architecture Co. Ltd.
002633.SZ,Shenke Slide Bearing Corporation
002656.SZ,"Modern Avenue Group Co., Ltd."
300851.SZ,"Beijing Jiaoda Signal Technology Co., Ltd."
002133.SZ,"Cosmos Group Co., Ltd."
002968.SZ,"New DaZheng Property Group Co., LTD"
000605.SZ,"Bohai Water Industry Co.,Ltd"
002620.SZ,"Shenzhen Ruihe Construction Decoration Co., Ltd."
301126.SZ,"Hunan Dajiaweikang Pharmaceutical Industry Co.,Ltd"
002652.SZ,"Suzhou Yangtze New Materials Co., Ltd."
300670.SZ,"Jiangsu Daybright Intelligent Electric Co.,LTD."
002809.SZ,"Guangdong Redwall New Materials Co., Ltd."
002743.SZ,"Anhui Fuhuang Steel Structure Co., Ltd."
002629.SZ,"Zhejiang Renzhi Co., Ltd."
300640.SZ,"Profit Cultural and Creative Group Co., Ltd."
300778.SZ,"Shenzhen New Land Tool Planning & Architectural Design Co., Ltd."
001260.SZ,"Shandong Kuntai New Material Technology Co., Ltd."
300597.SZ,"Jilin Jlu Communication Design Institute Co.,Ltd."
000985.SZ,Daqing Huake Company Limited
003011.SZ,"Zhejiang Walrus New Material Co., Ltd."
002535.SZ,"Linzhou Heavy Machinery Group Co.,Ltd"
300462.SZ,"Shanghai Huaming Intelligent Terminal Equipment Co., Ltd."
300947.SZ,Shanghai DOBE Cultural & Creative Industry Development (Group)Co. LTD.
000633.SZ,"Xinjiang Hejin Holding Co.,Ltd"
003008.SZ,"Xuchang KETOP Testing Research Institute Co.,Ltd"
002524.SZ,"Guangzheng Eye Hospital Group Co.,Ltd."
300517.SZ,"Haibo Heavy Engineering Science and Technology Co., Ltd."
002247.SZ,"Zhejiang Juli Culture Development Co.,Ltd."
301372.SZ,"Beijing Sys Science & Technology Co .,Ltd."
300205.SZ,"Wuhan Tianyu Information Industry Co., Ltd."
300564.SZ,"Zhubo Design Co., Ltd"
301300.SZ,"Fujian Yuanxiang New Materials Co.,Ltd"
301113.SZ,"Zhejiang Yayi Metal Technology Co.,Ltd"
301024.SZ,"Shanghai HYP-ARCH Architectural Design Consultant Co.,Ltd."
300514.SZ,"Shenzhen Friendcom Technology Co., Ltd."
301065.SZ,"Zhejiang Benli Technology Co., Ltd."
002873.SZ,"Guiyang Xintian Pharmaceutical Co.,Ltd."
002909.SZ,"Guangzhou Jointas Chemical Co., Ltd."
001366.SZ,"Boen Group Co., Ltd."
000056.SZ,"Shenzhen Wongtee International Enterprise Co., Ltd."
200056.SZ,"Shenzhen Wongtee International Enterprise Co., Ltd."
300928.SZ,"HAXC Holdings (Beijing) Co., Ltd."
002513.SZ,"Jiangsu Lanfeng Bio-chemical Co.,Ltd"
002817.SZ,"Anhui Huangshan Capsule Co., Ltd."
301429.SZ,"Anhui Sentai WPC Group Share Co., Ltd."
301272.SZ,"Suzhou Invotech Scroll Technologies Co., Ltd."
003042.SZ,"Shandong Sino-Agri United Biotechnology Co.,Ltd"
002205.SZ,"XinJiang GuoTong Pipeline CO.,Ltd"
001278.SZ,"Ningbo Yibin Electronic Technology Co., Ltd."
301192.SZ,"Shiyan Taixiang Industry Co.,Ltd."
002715.SZ,"Huaiji Dengyun Auto-parts (Holding) Co.,Ltd."
300958.SZ,"BCEG Environmental Remediation Co., Ltd."
300396.SZ,"Dirui Industrial Co.,Ltd."
300949.SZ,Shenzhen L&A Design Holding Limited
301355.SZ,"Fujian Nanwang Environment Protection Scien-Tech Co.,Ltd"
300823.SZ,"TJK Intelligent Equipment Manufacturing (Tianjin) Co., Ltd."
001373.SZ,"Jiangsu Topfly New Materials Co., Ltd."
003003.SZ,"Guangdong Tengen Industrial Group Co.,Ltd."
002778.SZ,"Jiangsu Zhongsheng Gaoke Environmental Co.,Ltd."
000911.SZ,"Guangxi Rural Investment Sugar Industry Group Co., Ltd"
002630.SZ,"China Western Power Industrial Co., Ltd."
300556.SZ,"Silkroad Visual Technology Co., Ltd."
301163.SZ,"Jiangsu Hongde Special Parts Co.,Ltd."
300126.SZ,"Ken Holding Co., Ltd."
002144.SZ,"Hongda High-Tech Holding Co.,Ltd."
002323.SZ,"Shandong Yabo Technology Co., Ltd"
301519.SZ,"Anhui Shun Yu Water Co., Ltd."
000995.SZ,"Gansu Huangtai Wine-Marketing Industry Co.,Ltd"
001336.SZ,Hangzhou Chuhuan Science & Technology Company Limited
300923.SZ,"Yeal Electric Co., Ltd."
000856.SZ,"TangshanJidong Equipment and Engineering Co.,Ltd."
000702.SZ,"Hunan Zhenghong Science and Technology Develop Co.,Ltd."
301049.SZ,"Anhui Chaoyue Environmental Protection Technology Co., Ltd."
000663.SZ,"Fujian Yongan Forestry(Group)Joint-Stock Co.,Ltd."
002820.SZ,"Tianjin Guifaxiang 18th Street Mahua Food Co.,Ltd."
300549.SZ,"Jouder Precision Industry (Kunshan) Co., Ltd."
300076.SZ,"Ningbo GQY Video & Telecom Joint-Stock Co., Ltd."
301010.SZ,"Jiangsu Jingxue Insulation Technology Co., Ltd."
002591.SZ,"Jiangxi Hengda Hi-Tech Co.,Ltd."
300838.SZ,"Zhejiang Linuo Flow Control Technology Co.,Ltd"
002634.SZ,"Zhejiang Bangjie Holding Group Co.,Ltd"
300899.SZ,Keysino Separation Technology Inc.
301515.SZ,"Sichuan Gangtong Medical Equipment Group Co., Ltd"
000639.SZ,"Xiwang Foodstuffs Co.,Ltd."
300169.SZ,"Changzhou Tiansheng New Materials Group Co., Ltd."
301298.SZ,"Baoding Dongli Machinery Co.,Ltd."
301001.SZ,"Shanghai Kaytune Industrial Co.,Ltd"
002910.SZ,"Lanzhou Zhuangyuan Pasture Co., Ltd."
300675.SZ,"Shenzhen Institute of Building Research Co., Ltd."
002592.SZ,"Nanning Baling Technology Co., Ltd."
002760.SZ,"Fengxing Co., Ltd."
301390.SZ,"Hangzhou Gisway Information Technology Co.,Ltd."
301006.SZ,"Meter Instruments Co., Ltd."
300472.SZ,"New Universal Science and Technology Co., Ltd."
000010.SZ,"Shenzhen Ecobeauty Co., Ltd."
301063.SZ,"Zhangjiagang Haiguo New Energy Equipment Manufacturing Co., Ltd."
300717.SZ,"Jiangsu Huaxin New Material Co.,Ltd."
000909.SZ,"Soyea Technology Co., Ltd"
000632.SZ,"Fujian Sanmu Group Co., Ltd."
300645.SZ,"Zhengyuan Zhihui Group Co.,Ltd."
300081.SZ,"Hengxin Shambala Culture Co.,Ltd."
002529.SZ,"Jiangxi Haiyuan Composites Technology Co.,Ltd."
300886.SZ,"Anhui Hyea Aromas Co., Ltd."
002306.SZ,"Cloud Live Technology Group Co.,Ltd."
300176.SZ,"GuangDong HongTeo Technology Co.,Ltd."
301131.SZ,"Super-Dragon Engineering Plastics Co., Ltd"
002188.SZ,"Zhongtian Service Co., Ltd."
002717.SZ,"LingNan Eco&Culture-Tourism Co.,Ltd."
301288.SZ,"Qingyan Environmental Technology Co., Ltd."
002316.SZ,"Jilin Asia Link Technology Development Co.,Ltd."
300535.SZ,Sichuan Dowell Science and Technology Inc.
301505.SZ,"Suzhou Planning & Design Research Institute Co.,Ltd."
301037.SZ,"Shanghai Baolijia Chemical Co., Ltd."
002494.SZ,Huasi Holding Company Limited
002694.SZ,"Goody Science and Technology Co., Ltd."
002872.SZ,"Tiansheng Pharmaceutical Group Co., Ltd."
002198.SZ,"Guangdong Jiaying Pharmaceutical Co., Ltd"
300614.SZ,"Henan BCCY Environmental Energy Co., Ltd"
300635.SZ,"SinoDaan Co., Ltd."
300245.SZ,"Shanghai DragonNet Technology Co.,Ltd."
301030.SZ,"Suzhou Shijing Environmental Technology Co.,Ltd."
300605.SZ,"Hengfeng Information Technology Co., Ltd."
300220.SZ,"Wuhan Golden Laser Co., Ltd"
000929.SZ,"Lanzhou Huanghe Enterprise Co., Ltd"
002211.SZ,"Shanghai Hongda New Material Co., Ltd."
300500.SZ,"Tus-Design Group Co., Ltd."
002789.SZ,"Shenzhen Jianyi Decoration Group Co., Ltd."
300405.SZ,"Liaoning Kelong Fine Chemical, Inc."
002569.SZ,"Zhejiang Busen Garments Co., Ltd."
002227.SZ,Autosun Electric SZ Inc.
301167.SZ,"Anhui Provincial Architectural Design and Research Institute Co.,Ltd."
000677.SZ,"CHTC Helon Co., Ltd."
300621.SZ,"Weiye Construction Group Co., Ltd."
300417.SZ,"Nanhua Instruments Co., Ltd."
300167.SZ,"Shenzhen Division Co.,Ltd."
002691.SZ,"Jikai Equipment Manufacturing Co., Ltd."
002207.SZ,"Xinjiang Zhundong Petroleum Technology Co., Ltd."
000610.SZ,"Xi'an Tourism Co., Ltd."
002883.SZ,"Jiangsu Zhongshe Group Co., Ltd."
180202.SZ,"China Asset Management Co., Ltd. - Yuexiu Highway REIT Fund"
002514.SZ,"Jiangsu Boamax Technologies Group Co.,Ltd."
300594.SZ,"Shandong Longertek Technology Co., Ltd."
002193.SZ,"Shandong Ruyi Woolen Garment Group Co., Ltd."
300152.SZ,"Xiong'an New Power Technology Co.,Ltd."
300430.SZ,"Beijing Chieftain Control Technology Group Co., Ltd."
300338.SZ,"Kaiyuan Education Technology Group Co., Ltd."
002719.SZ,"Maiquer Group CO.,LTD"
200706.SZ,Wafangdian Bearing Company Limited
200468.SZ,"Nanjing Putian Telecommunications Co., Ltd."
301139.SZ,"Wintao Communications Co., Ltd."
200992.SZ,Shandong Zhonglu Oceanic Fisheries Company Limited
000820.SZ,"Shenwu Energy Saving Co., Ltd."
200512.SZ,"Tsann Kuen (China) Enterprise Co., Ltd."
002731.SZ,"Shenyang Cuihua Gold and Silver Jewelry Co., Ltd."
000504.SZ,"Landfar Bio-medicine Co., Ltd"
300218.SZ,"Anhui Anli Material Technology Co., Ltd."
300642.SZ,Tellgen Corporation
300828.SZ,"Tianjin Ruixin Technology Co.,Ltd"
301560.SZ,"PXI Auto Components (Suzhou) Co., Ltd"
300771.SZ,"Shenzhen Zhilai Sci and Tech Co., Ltd."
300275.SZ,"Chongqing Mas Sci.&Tech.Co.,Ltd."
002835.SZ,"Shenzhen TVT Digital Technology Co., Ltd."
300449.SZ,Beijing Hanbang Technology Corp.
301152.SZ,"Tianli Lithium Energy Group Co., Ltd."
300025.SZ,"Hangzhou Huaxing Chuangye Communication Technology Co., Ltd."
002363.SZ,"Shandong Longji Machinery Co.,Ltd"
002337.SZ,"Tianjin Saixiang Technology Co.,Ltd"
301296.SZ,"Shandong Newjf Technology Packaging Co.,Ltd."
301276.SZ,"Beijing Jiaman Dress Co.,Ltd."
000812.SZ,"Shaanxi Jinye Science Technology and Education Group Co.,Ltd"
301585.SZ,"Zhejiang Lanyu Digital Technology Co. ,Ltd"
300650.SZ,"Tecnon Electronics Co., Ltd."
301203.SZ,"Hangzhou Guotai Environmental Protection Technology Co., Ltd."
000707.SZ,"Hubei Shuanghuan Science and Technology Stock Co.,Ltd"
301067.SZ,"Fullink Technology Co.,Ltd"
300235.SZ,"Shenzhen Fangzhi Science & Technology Co.,Ltd."
300942.SZ,"Shenzhen Bioeasy Biotechnology Co., Ltd."
002659.SZ,"Beijing Kaiwen Education Technology Co., Ltd"
002136.SZ,"Anhui Annada Titanium Industry Co., Ltd."
301059.SZ,Jinsanjiang (Zhaoqing) Silicon Material Company Limited
301428.SZ,"Shijihengtong Technology Co., Ltd."
003030.SZ,Zuming Bean Products Group Corp.
300301.SZ,"Shenzhen Changfang Group Co., Ltd."
300615.SZ,XDC Industries (Shenzhen) Limited
002397.SZ,"Hunan Mendale Hometextile Co.,Ltd"
300020.SZ,"Enjoyor Technology Co., Ltd."
300625.SZ,"Guangdong PAK Corporation Co., Ltd."
300538.SZ,"Shenzhen Tongyi Industry Co., Ltd."
301212.SZ,"Zhejiang Realsun Chemical Co.,Ltd."
000419.SZ,Changsha Tongcheng Holdings Co.Ltd
301040.SZ,"Zhangjiagang Zhonghuan Hailu High-End Equipment Co., Ltd."
001222.SZ,"Wenzhou Yuanfei pet toy products Co., Ltd."
002660.SZ,"Moso Power Supply Technology Co.,Ltd"
001205.SZ,"Nanjing Shenghang Shipping Co., Ltd."
300269.SZ,"Shenzhen Liantronics Co.,Ltd"
300536.SZ,"Wuhan Nusun Landscape Co., Ltd."
301130.SZ,"Jilin Province Xidian Pharmaceutical Sci-Tech Development Co.,Ltd"
002767.SZ,"Hangzhou Innover Technology Co., Ltd."
002702.SZ,"HaiXin Foods Co.,Ltd"
300281.SZ,"Guangdong Jinming Machinery Co., Ltd."
300994.SZ,Joy Kie Corporation Limited
300653.SZ,"Yantai Zhenghai Biotechnology Co., Ltd."
301337.SZ,"Yarward Electronics (Shandong) Co., Ltd."
301469.SZ,"Zhejiang Hengda New Material Co.,Ltd."
300374.SZ,"China Railway Prefabricated Construction Co., Ltd"
301299.SZ,"Sublime China Information Co., Ltd."
300659.SZ,Zhongfu Information Inc.
300477.SZ,"Hezong Science&Technology Co., Ltd."
300631.SZ,"JiangSu JiuWu Hi-Tech Co., Ltd."
002888.SZ,"HiVi Acoustics Technology Co., Ltd"
002726.SZ,"Shandong Longda Meishi Co., Ltd."
300335.SZ,"Guangzhou Devotion Thermal Technology Co., Ltd."
300359.SZ,"Qtone Education Group (Guangdong) Co.,Ltd"
301533.SZ,"Weima Agricultural Machinery Co.,Ltd."
300950.SZ,"Doright Co.,Ltd."
000014.SZ,"Shahe Industrial Co., Ltd."
002893.SZ,"Beijing Jingneng Thermal Co., Ltd."
300965.SZ,"Beijing Hengyu Datacom Aviation Equipment Co., Ltd."
003038.SZ,"Anhui Xinbo Aluminum Co., Ltd."
300509.SZ,"Jiangsu Newamstar Packaging Machinery Co.,Ltd"
002574.SZ,"Zhejiang Ming Jewelry Co., Ltd."
300484.SZ,"Shenzhen V&T Technologies Co., Ltd."
300789.SZ,"Chengdu Tangyuan Electric Co.,Ltd."
300501.SZ,"HySum Flexibles Global, Inc."
301057.SZ,"Zhejiang Huilong New Materials Co.,Ltd."
002330.SZ,"Shandong Delisi Food Co., Ltd."
002442.SZ,"Longxing Technology Group Co., Ltd."
300807.SZ,"Zhengzhou Tiamaes Technology Co., Ltd."
301023.SZ,"Jiangnan Yifan Motor Co.,Ltd"
002830.SZ,"Shenzhen Mingdiao Decoration Co.,Ltd."
301097.SZ,"Ningbo Tianyi Medical Appliance Co., Ltd."
002700.SZ,"Xinjiang Wanjing Energy Co., Ltd."
001368.SZ,"Tongda Smart Tech (Xiamen) Co., Ltd."
000565.SZ,"Chongqing Sanxia Paints Co., Ltd"
002877.SZ,"Wuxi Smart Auto-Control Engineering Co., Ltd."
001333.SZ,"Zhejiang Guanghua Technology Co.,Ltd."
002712.SZ,"Simei Media Co.,Ltd."
000545.SZ,"Gpro Titanium Industry Co., Ltd."
301418.SZ,"Jiangsu Xiechang Electronic Technology Group Co., Ltd."
300165.SZ,"Jiangsu Skyray Instrument Co., Ltd."
000020.SZ,"Shenzhen Zhongheng Huafa Co., Ltd."
002209.SZ,"Guangzhou Tech-Long Packaging Machinery Co.,Ltd."
301586.SZ,"Anhui Jialiqi Advanced Composites Technology Co., Ltd."
002069.SZ,"Zoneco Group Co., Ltd."
000790.SZ,"Chengdu huasun technology group Inc. , LTD."
301118.SZ,"Hunan Hengguang Technology Co., Ltd."
002771.SZ,Beijing Transtrue Technology Inc.
000635.SZ,"Ningxia Yinglite Chemicals Co., Ltd"
301567.SZ,"Beilong Precision Technology Co., Ltd."
002769.SZ,"Guangdong Prolto Supply Chain Management Co., Ltd."
301103.SZ,"Liaoning He Eye Hospital Group Co., LTD."
002098.SZ,"Fujian SBS Zipper Science&Technology Co., Ltd"
002431.SZ,"Palm Eco-Town Development Co., Ltd"
300141.SZ,"Suzhou Industrial Park Heshun Electric Co., Ltd."
300930.SZ,"Hangzhou Yitong New Material Co., LTD"
300150.SZ,"Beijing Century Real Technology Co.,Ltd"
300242.SZ,Jiayun Technology Inc.
300555.SZ,"Lootom Telcovideo Network (wuxi) Co., Ltd."
002729.SZ,Hollyland (China) Electronics Technology Corporation Limited
300915.SZ,"Shanghai Hi-Road Food Technology Co., Ltd."
301636.SZ,"Zerun Co., Ltd"
300906.SZ,"Jiangxi Everbright Measurement And Control Technology Co.,Ltd."
300845.SZ,"Zhengzhou Jiean Hi-Tech Co.,Ltd."
300960.SZ,"Shenzhen Tongye Technology Co.,Ltd."
301166.SZ,"Shanghai Universal Biotech Co.,Ltd."
300898.SZ,Panda Dairy Corporation
002377.SZ,"Hubei Guochuang Hi-tech Material Co.,Ltd"
300155.SZ,"Guangdong Anjubao Digital Technology Co., Ltd."
001324.SZ,"Changzhou Evergreen Technology Co., Ltd."
002295.SZ,"Guangdong JingYi Metal CO.,Ltd"
002790.SZ,"Xiamen R&T Plumbing Technology Co.,Ltd."
002723.SZ,"Kennede Electronics MFG. Co., Ltd."
301278.SZ,QC Solar Corporation
301185.SZ,Shandong Ouma Software Co. Ltd.
002982.SZ,"Hunan Xiangjia Animal Husbandry Co.,Ltd"
301577.SZ,"Guangdong Misun Technology Co., Ltd."
300824.SZ,"Shenzhen Crastal Technology Co.,Ltd"
002857.SZ,"SMS Electric Co.,Ltd.Zhengzhou"
200020.SZ,"Shenzhen Zhongheng Huafa Co., Ltd."
002977.SZ,"Chengdu Tianjian Technology Co., Ltd."
002813.SZ,"ShenZhen RoadRover Technology Co.,Ltd"
300103.SZ,"Dagang Holding Group Co.,Ltd."
002949.SZ,"Shenzhen Capol International & Associatesco.,Ltd"
301388.SZ,"Xinling Electrical CO., LTD."
300350.SZ,"HPF Co.,Ltd"
002890.SZ,"Shandong Hongyu Precision Machinery Co., Ltd."
300340.SZ,"Jiangmen Kanhoo Industry Co., Ltd"
301083.SZ,"JiangXi BaiSheng Intelligent Technology Co., Ltd."
300813.SZ,"Zhejiang Tailin BioEngineering Co.,Ltd"
002114.SZ,"Yunnan Luoping Zinc&Electricity Co., Ltd."
300977.SZ,"Shenzhen Ridge Engineering Consulting Co., Ltd."
301032.SZ,"Zhejiang Xinchai Co.,Ltd"
300565.SZ,"Shenzhen Kexin Communication Technologies Co.,Ltd"
300583.SZ,"Shandong Sito Bio-technology Co., Ltd."
300935.SZ,"Beijing YJK Building Software Co.,Ltd."
001219.SZ,"Qingdao Foods Co., Ltd."
301320.SZ,Qingdao Richmat Intelligence Technology Inc.
300703.SZ,"Cre8 Direct (NingBo) Co., Ltd."
301578.SZ,"Guangdong Seneasy Intelligent Technology Co.,Ltd."
301009.SZ,"Hangzhou Coco Healthcare Products Co.,Ltd."
301314.SZ,"Zhuhai Kles Technologyco.,Ltd"
301125.SZ,"Nanjing Toua Hardware and Tools Co., Ltd."
002828.SZ,"Beiken Energy Group Co., Ltd."
300173.SZ,"Funeng Oriental Equipment Technology Co., Ltd."
300796.SZ,"BSM Chemical Co.,Ltd."
300198.SZ,"Fujian Newchoice Pipe Technology Co., Ltd."
300854.SZ,"ShenZhen GAD Environmental Technology Co., Ltd."
300334.SZ,"Tianjin MOTIMO Membrane Technology Group Co., Ltd."
002661.SZ,"Chen Ke Ming Food Manufacturing Co., Ltd."
300543.SZ,"Shenzhen Longood Intelligent Electric Co.,Ltd"
301159.SZ,"Beijing SunwayWorld Science & Technology Co., Ltd."
300651.SZ,"Jiangsu Jinling Sports Equipment Co.,Ltd."
002420.SZ,"Guangzhou Echom Sci. & Tech. Co.,Ltd"
002159.SZ,"Wuhan Sante Cableway Group Co., Ltd."
300195.SZ,"Masterwork Group Co.,Ltd."
300937.SZ,"Sichuan Hezong Medicine Easy-to-buy Pharmaceutical Co., Ltd."
000705.SZ,"Zhejiang Zhenyuan Share Co.,Ltd."
301512.SZ,"Shenzhen Intelligent Precision Instrument Co., Ltd."
301353.SZ,"Zhejiang Prulde Electric Appliance Co., Ltd."
300956.SZ,Anhui Shiny Electronic Technology Company Limited
300460.SZ,"Guangdong Faith Long Crystal Technology Co.,LTD."
001277.SZ,"Zhengzhou Suda Industry Machinery Service Co., Ltd."
001234.SZ,"Jiiangsu Times Textile Technology Co.,LTD"
300013.SZ,"Henan Xinning Modern Logistics Co.,Ltd."
002816.SZ,"Shenzhen HEKEDA Precision Cleaning Equipment Co., Ltd."
000573.SZ,DongGuan Winnerway Industry Zone LTD.
300519.SZ,"Zhejiang Xinguang Pharmaceutical Co., Ltd."
000757.SZ,"Sichuan Haowu Electromechanical Co., Ltd."
002076.SZ,"Cnlight Co., Ltd."
002775.SZ,"Guangdong Wenke Green Technology Corp.,Ltd."
301011.SZ,GuangZhou Wahlap Technology Corporation Limited
300295.SZ,"Everyday Network Co.,Ltd."
301378.SZ,"Nanjing TDH Technology Co.,Ltd."
300987.SZ,"Sichuan Newsnet Media (Group) Co., Ltd."
300254.SZ,"ShanXi C&Y Pharmaceutical Group Co.,LTD."
301233.SZ,"Chengdu Shengbang Seals Co.,Ltd."
001211.SZ,"Suncha Technology Co., Ltd."
002058.SZ,"Shanghai Welltech Automation Co.,Ltd."
300876.SZ,"Guangdong Modern High-tech Fiber Co., Ltd"
300554.SZ,"NanJing Sanchao Advanced Materials Co.,Ltd."
301105.SZ,"Guangdong Hongming Intelligent Joint Stock Co., Ltd."
300513.SZ,"Beijing E-Techstar Co.,Ltd."
300800.SZ,"Lihe Technology (Hunan) Co., Ltd."
002576.SZ,"Jiangsu Tongda Power Technology Co.,Ltd."
301117.SZ,"Jiayuan Science and Technology Co.,Ltd."
002360.SZ,"Shanxi Tond Chemical Co., Ltd."
000692.SZ,"Shenyang Huitian Thermal Power Co.,Ltd"
300784.SZ,"Ningbo Lian Technology Co.,Ltd"
002862.SZ,"Shifeng Cultural Development Co., Ltd."
002381.SZ,"Zhejiang Double Arrow Rubber Co., Ltd."
300694.SZ,Wuxi Lihu Corporation Limited.
300268.SZ,"Joyvio Food Co., Ltd"
300892.SZ,"Pinlive Foods Co., Ltd."
002566.SZ,"Jilin Jian Yisheng Pharmaceutical Co., Ltd."
300992.SZ,"Zhejiang Taifu Pump Co., Ltd"
300883.SZ,"LD Intelligent Technology CO., Ltd"
003017.SZ,"Zhe Jiang Dayang Biotech Group Co., Ltd."
000752.SZ,"Tibet Development Co., Ltd."
300211.SZ,"Jiangsu Yitong High-Tech Co., Ltd."
300412.SZ,Zhejiang Canaan Technology Limited
301258.SZ,"Suzhou Fushilai Pharmaceutical Co., Ltd."
000952.SZ,"Hubei Guangji Pharmaceutical Co., Ltd."
300305.SZ,"Jiangsu Yuxing Film Technology Co., Ltd"
000955.SZ,Xinglong Holding (Group) Company Ltd.
300240.SZ,Jiangsu Feiliks International Logistics Inc.
300837.SZ,"Zhe Kuang Heavy Industry Co.,Ltd."
000548.SZ,"Hunan Investment Group Co.,Ltd."
301170.SZ,"Wuxi Xinan Technology Co., Ltd."
002492.SZ,"Zhuhai Winbase International Chemical Tank Terminal Co.,Ltd"
001255.SZ,"Zhejiang Bofay Electric Co., Ltd."
301052.SZ,"GUOMAI Culture & Media Co., Ltd."
301022.SZ,"Qingdao Hi-Tech Moulds & Plastics Technology Co., Ltd."
001202.SZ,"Jushen Logistics Group Co., Ltd."
002679.SZ,"Fujian Jinsen Forestry Co.,Ltd"
000590.SZ,"Guhan Pharmaceutical Group Co., Ltd."
000679.SZ,"Dalian Friendship (Group) Co., Ltd."
001209.SZ,"Guangdong Hongxing Industrial Co., Ltd."
301601.SZ,"Yangzhou Huitong Technology Corp., Ltd."
002856.SZ,"Shenzhen Magic Design & Decoration Engineering Co., Ltd."
301331.SZ,"Enwei Pharmaceutical Co., Ltd."
301503.SZ,G.Tech Technology Ltd.
300961.SZ,"Hynar Water Group Co., Ltd."
002319.SZ,"Letong Chemical Co.,LTD"
300844.SZ,"Guangzhou S.P.I Design Co., Ltd."
300644.SZ,"Nanjing Julong Science & Technology Co.,LTD"
002622.SZ,"Whole Shine Medical Technology Co., Ltd."
300929.SZ,"Anhui Huaqi Environmental Protection & Technology Co., Ltd."
002671.SZ,"Shandong Longquan Pipe Industry Co.,Ltd"
002848.SZ,"Gospell Digital Technology Co., Ltd."
001387.SZ,"Hefei Snowky Electric Co., Ltd."
300422.SZ,"Guangxi Bossco Environmental Protection Technology Co., Ltd."
002486.SZ,"Shanghai Challenge Textile Co.,Ltd."
002800.SZ,"Xinjiang Tianshun Supply Chain Co., Ltd."
300732.SZ,"Henan ZhongGong Design & Research Group Co., Ltd."
002105.SZ,HL Corp (Shenzhen)
301036.SZ,"Sunlour Pigment Co., Ltd."
300610.SZ,"Yangzhou Chenhua New Material Co., Ltd."
000953.SZ,"Guangxi Chisage Fine Chemical Technology Co., Ltd."
002780.SZ,"Beijing Sanfo Outdoor Products Co., Ltd"
300665.SZ,"Zhuzhou Feilu High-Tech Materials Co., Ltd."
002799.SZ,"Xi'an Global Printing Co., Ltd."
300995.SZ,"Guangdong Kitech New Material Holding Co.,Ltd."
300106.SZ,"Xinjiang Western Animal Husbandry Co., Ltd"
003027.SZ,"Tongxing Environmental Protection Technology Co.,Ltd"
300912.SZ,"Kailong High Technology Co., Ltd."
301539.SZ,"Zhejiang Hongxin Technology Co., Ltd."
002836.SZ,"Guangdong New Grand Long Packing Co., Ltd."
000619.SZ,"Conch (Anhui) Energy Saving and Environment Protection New Material Co., Ltd."
301231.SZ,"Rongxin Education and Culture Industry Development Co., Ltd."
002999.SZ,"Guangdong Tianhe Agricultural Means of Production Co., Ltd."
002253.SZ,"Wisesoft Co., Ltd."
002732.SZ,"Guangdong Yantang Dairy Co., Ltd."
002495.SZ,"Guangdong Jialong Food Co., Ltd."
300616.SZ,"Guangzhou Shangpin Home Collection Co., Ltd."
300743.SZ,"Hangzhou Todaytec Digital Co., Ltd"
301229.SZ,"Jiangsu New Technology Group Co.,Ltd."
002696.SZ,"Baiyang Investment Group, Inc."
300387.SZ,"Hubei Forbon Technology Co.,Ltd."
002858.SZ,"Lisheng Sports (Shanghai) Co.,Ltd"
301135.SZ,"Guangdong Real-Design Intelligent Technology Co., Ltd"
301198.SZ,"Ningbo Joy Intelligent Logistics Technology Co.,Ltd."
000637.SZ,"Maoming Petro-Chemical Shihua Co., Ltd"
300030.SZ,"Improve Medical Instruments Co., Ltd."
301359.SZ,"Dongnan Electronics Co.,Ltd"
002598.SZ,"Shandong Zhangqiu Blower Co., Ltd"
301156.SZ,"Shanghai Menon Animal Nutrition Technology Co., Ltd."
300371.SZ,"Huizhong Instrumentation Co., Ltd."
300612.SZ,"Shunya International Martech (Beijing) Co., Ltd."
002802.SZ,"Wuxi Honghui New Materials Technology Co., Ltd."
300637.SZ,"Yangfan New Materials (Zhejiang) Co., Ltd."
300707.SZ,"VT Industrial Technology Co.,Ltd"
301336.SZ,"Chengdu Qushui Science and Technology Co., Ltd."
001231.SZ,"Norsyn Crop Technology Co., Ltd."
300074.SZ,"AVCON Information Technology Co., Ltd."
300713.SZ,"Shenzhen Increase Technology Co., Ltd."
300971.SZ,"Xiangyang BOYA Precision Industrial Equipments Co., Ltd"
301098.SZ,Jinpu Landscape Architecture Co. Ltd.
002633.SZ,Shenke Slide Bearing Corporation
002656.SZ,"Modern Avenue Group Co., Ltd."
300851.SZ,"Beijing Jiaoda Signal Technology Co., Ltd."
002133.SZ,"Cosmos Group Co., Ltd."
002968.SZ,"New DaZheng Property Group Co., LTD"
000605.SZ,"Bohai Water Industry Co.,Ltd"
002620.SZ,"Shenzhen Ruihe Construction Decoration Co., Ltd."
301126.SZ,"Hunan Dajiaweikang Pharmaceutical Industry Co.,Ltd"
002652.SZ,"Suzhou Yangtze New Materials Co., Ltd."
300670.SZ,"Jiangsu Daybright Intelligent Electric Co.,LTD."
002809.SZ,"Guangdong Redwall New Materials Co., Ltd."
002743.SZ,"Anhui Fuhuang Steel Structure Co., Ltd."
002629.SZ,"Zhejiang Renzhi Co., Ltd."
300640.SZ,"Profit Cultural and Creative Group Co., Ltd."
300778.SZ,"Shenzhen New Land Tool Planning & Architectural Design Co., Ltd."
001260.SZ,"Shandong Kuntai New Material Technology Co., Ltd."
300597.SZ,"Jilin Jlu Communication Design Institute Co.,Ltd."
000985.SZ,Daqing Huake Company Limited
003011.SZ,"Zhejiang Walrus New Material Co., Ltd."
002535.SZ,"Linzhou Heavy Machinery Group Co.,Ltd"
300462.SZ,"Shanghai Huaming Intelligent Terminal Equipment Co., Ltd."
300947.SZ,Shanghai DOBE Cultural & Creative Industry Development (Group)Co. LTD.
000633.SZ,"Xinjiang Hejin Holding Co.,Ltd"
003008.SZ,"Xuchang KETOP Testing Research Institute Co.,Ltd"
002524.SZ,"Guangzheng Eye Hospital Group Co.,Ltd."
300517.SZ,"Haibo Heavy Engineering Science and Technology Co., Ltd."
002247.SZ,"Zhejiang Juli Culture Development Co.,Ltd."
301372.SZ,"Beijing Sys Science & Technology Co .,Ltd."
300205.SZ,"Wuhan Tianyu Information Industry Co., Ltd."
300564.SZ,"Zhubo Design Co., Ltd"
301300.SZ,"Fujian Yuanxiang New Materials Co.,Ltd"
301113.SZ,"Zhejiang Yayi Metal Technology Co.,Ltd"
301024.SZ,"Shanghai HYP-ARCH Architectural Design Consultant Co.,Ltd."
300514.SZ,"Shenzhen Friendcom Technology Co., Ltd."
301065.SZ,"Zhejiang Benli Technology Co., Ltd."
002873.SZ,"Guiyang Xintian Pharmaceutical Co.,Ltd."
002909.SZ,"Guangzhou Jointas Chemical Co., Ltd."
001366.SZ,"Boen Group Co., Ltd."
000056.SZ,"Shenzhen Wongtee International Enterprise Co., Ltd."
200056.SZ,"Shenzhen Wongtee International Enterprise Co., Ltd."
300928.SZ,"HAXC Holdings (Beijing) Co., Ltd."
002513.SZ,"Jiangsu Lanfeng Bio-chemical Co.,Ltd"
002817.SZ,"Anhui Huangshan Capsule Co., Ltd."
301429.SZ,"Anhui Sentai WPC Group Share Co., Ltd."
301272.SZ,"Suzhou Invotech Scroll Technologies Co., Ltd."
003042.SZ,"Shandong Sino-Agri United Biotechnology Co.,Ltd"
002205.SZ,"XinJiang GuoTong Pipeline CO.,Ltd"
001278.SZ,"Ningbo Yibin Electronic Technology Co., Ltd."
301192.SZ,"Shiyan Taixiang Industry Co.,Ltd."
002715.SZ,"Huaiji Dengyun Auto-parts (Holding) Co.,Ltd."
300958.SZ,"BCEG Environmental Remediation Co., Ltd."
300396.SZ,"Dirui Industrial Co.,Ltd."
300949.SZ,Shenzhen L&A Design Holding Limited
301355.SZ,"Fujian Nanwang Environment Protection Scien-Tech Co.,Ltd"
300823.SZ,"TJK Intelligent Equipment Manufacturing (Tianjin) Co., Ltd."
001373.SZ,"Jiangsu Topfly New Materials Co., Ltd."
003003.SZ,"Guangdong Tengen Industrial Group Co.,Ltd."
002778.SZ,"Jiangsu Zhongsheng Gaoke Environmental Co.,Ltd."
000911.SZ,"Guangxi Rural Investment Sugar Industry Group Co., Ltd"
002630.SZ,"China Western Power Industrial Co., Ltd."
300556.SZ,"Silkroad Visual Technology Co., Ltd."
301163.SZ,"Jiangsu Hongde Special Parts Co.,Ltd."
300126.SZ,"Ken Holding Co., Ltd."
002144.SZ,"Hongda High-Tech Holding Co.,Ltd."
002323.SZ,"Shandong Yabo Technology Co., Ltd"
301519.SZ,"Anhui Shun Yu Water Co., Ltd."
000995.SZ,"Gansu Huangtai Wine-Marketing Industry Co.,Ltd"
001336.SZ,Hangzhou Chuhuan Science & Technology Company Limited
300923.SZ,"Yeal Electric Co., Ltd."
000856.SZ,"TangshanJidong Equipment and Engineering Co.,Ltd."
000702.SZ,"Hunan Zhenghong Science and Technology Develop Co.,Ltd."
301049.SZ,"Anhui Chaoyue Environmental Protection Technology Co., Ltd."
000663.SZ,"Fujian Yongan Forestry(Group)Joint-Stock Co.,Ltd."
002820.SZ,"Tianjin Guifaxiang 18th Street Mahua Food Co.,Ltd."
300549.SZ,"Jouder Precision Industry (Kunshan) Co., Ltd."
300076.SZ,"Ningbo GQY Video & Telecom Joint-Stock Co., Ltd."
301010.SZ,"Jiangsu Jingxue Insulation Technology Co., Ltd."
002591.SZ,"Jiangxi Hengda Hi-Tech Co.,Ltd."
300838.SZ,"Zhejiang Linuo Flow Control Technology Co.,Ltd"
002634.SZ,"Zhejiang Bangjie Holding Group Co.,Ltd"
300899.SZ,Keysino Separation Technology Inc.
301515.SZ,"Sichuan Gangtong Medical Equipment Group Co., Ltd"
000639.SZ,"Xiwang Foodstuffs Co.,Ltd."
300169.SZ,"Changzhou Tiansheng New Materials Group Co., Ltd."
301298.SZ,"Baoding Dongli Machinery Co.,Ltd."
301001.SZ,"Shanghai Kaytune Industrial Co.,Ltd"
002910.SZ,"Lanzhou Zhuangyuan Pasture Co., Ltd."
300675.SZ,"Shenzhen Institute of Building Research Co., Ltd."
002592.SZ,"Nanning Baling Technology Co., Ltd."
002760.SZ,"Fengxing Co., Ltd."
301390.SZ,"Hangzhou Gisway Information Technology Co.,Ltd."
301006.SZ,"Meter Instruments Co., Ltd."
300472.SZ,"New Universal Science and Technology Co., Ltd."
000010.SZ,"Shenzhen Ecobeauty Co., Ltd."
301063.SZ,"Zhangjiagang Haiguo New Energy Equipment Manufacturing Co., Ltd."
300717.SZ,"Jiangsu Huaxin New Material Co.,Ltd."
000909.SZ,"Soyea Technology Co., Ltd"
000632.SZ,"Fujian Sanmu Group Co., Ltd."
300645.SZ,"Zhengyuan Zhihui Group Co.,Ltd."
300081.SZ,"Hengxin Shambala Culture Co.,Ltd."
002529.SZ,"Jiangxi Haiyuan Composites Technology Co.,Ltd."
300886.SZ,"Anhui Hyea Aromas Co., Ltd."
002306.SZ,"Cloud Live Technology Group Co.,Ltd."
300176.SZ,"GuangDong HongTeo Technology Co.,Ltd."
301131.SZ,"Super-Dragon Engineering Plastics Co., Ltd"
002188.SZ,"Zhongtian Service Co., Ltd."
002717.SZ,"LingNan Eco&Culture-Tourism Co.,Ltd."
301288.SZ,"Qingyan Environmental Technology Co., Ltd."
002316.SZ,"Jilin Asia Link Technology Development Co.,Ltd."
300535.SZ,Sichuan Dowell Science and Technology Inc.
301505.SZ,"Suzhou Planning & Design Research Institute Co.,Ltd."
301037.SZ,"Shanghai Baolijia Chemical Co., Ltd."
002494.SZ,Huasi Holding Company Limited
002694.SZ,"Goody Science and Technology Co., Ltd."
002872.SZ,"Tiansheng Pharmaceutical Group Co., Ltd."
002198.SZ,"Guangdong Jiaying Pharmaceutical Co., Ltd"
300614.SZ,"Henan BCCY Environmental Energy Co., Ltd"
300635.SZ,"SinoDaan Co., Ltd."
300245.SZ,"Shanghai DragonNet Technology Co.,Ltd."
301030.SZ,"Suzhou Shijing Environmental Technology Co.,Ltd."
300605.SZ,"Hengfeng Information Technology Co., Ltd."
300220.SZ,"Wuhan Golden Laser Co., Ltd"
000929.SZ,"Lanzhou Huanghe Enterprise Co., Ltd"
002211.SZ,"Shanghai Hongda New Material Co., Ltd."
300500.SZ,"Tus-Design Group Co., Ltd."
002789.SZ,"Shenzhen Jianyi Decoration Group Co., Ltd."
300405.SZ,"Liaoning Kelong Fine Chemical, Inc."
002569.SZ,"Zhejiang Busen Garments Co., Ltd."
002227.SZ,Autosun Electric SZ Inc.
301167.SZ,"Anhui Provincial Architectural Design and Research Institute Co.,Ltd."
000677.SZ,"CHTC Helon Co., Ltd."
300621.SZ,"Weiye Construction Group Co., Ltd."
300417.SZ,"Nanhua Instruments Co., Ltd."
300167.SZ,"Shenzhen Division Co.,Ltd."
002691.SZ,"Jikai Equipment Manufacturing Co., Ltd."
002207.SZ,"Xinjiang Zhundong Petroleum Technology Co., Ltd."
000610.SZ,"Xi'an Tourism Co., Ltd."
002883.SZ,"Jiangsu Zhongshe Group Co., Ltd."
180202.SZ,"China Asset Management Co., Ltd. - Yuexiu Highway REIT Fund"
002514.SZ,"Jiangsu Boamax Technologies Group Co.,Ltd."
300594.SZ,"Shandong Longertek Technology Co., Ltd."
002193.SZ,"Shandong Ruyi Woolen Garment Group Co., Ltd."
300152.SZ,"Xiong'an New Power Technology Co.,Ltd."
300430.SZ,"Beijing Chieftain Control Technology Group Co., Ltd."
300338.SZ,"Kaiyuan Education Technology Group Co., Ltd."
002719.SZ,"Maiquer Group CO.,LTD"
200706.SZ,Wafangdian Bearing Company Limited
200468.SZ,"Nanjing Putian Telecommunications Co., Ltd."
301139.SZ,"Wintao Communications Co., Ltd."
200992.SZ,Shandong Zhonglu Oceanic Fisheries Company Limited
000820.SZ,"Shenwu Energy Saving Co., Ltd."
200512.SZ,"Tsann Kuen (China) Enterprise Co., Ltd."
002731.SZ,"Shenyang Cuihua Gold and Silver Jewelry Co., Ltd."
